"Project","wateryear","month","inflow_volume_m3","outflow_volume_m3","tp_in_lbs","drp_in_lbs","tn_in_lbs","nox_in_lbs","nh3_in_lbs","tp_out_lbs","drp_out_lbs","tn_out_lbs","nox_out_lbs","nh3_out_lbs","tp_filt_lbs","drp_filt_lbs","tn_filt_lbs","nox_filt_lbs","nh3_filt_lbs","tp_in_mgL","tn_in_mgL","tp_out_mgL","tn_out_mgL","drp_in_mgL","nox_in_mgL","nh3_in_mgL","tp_diff_mgL","tn_diff_mgL","loginflow","logtpfilt","logtpin"
"BAUD",2025,1,0,0,0,0,0,0,0,0,0,0,0,0,0,0,0,0,0,NA,NA,NA,NA,NA,NA,NA,NA,NA,-Inf,-Inf,-Inf
"BAUD",2025,2,22518.11,21146.14,7.55,2.14,284.06,176.44,2.76,6.1,0.7,170.18,80.38,3.78,1.45,1.44,113.88,96.06,-1.02,0.152085588000059,5.72204399037042,0.130849412706054,3.65048410726497,0.0431077030887583,3.55416968830865,0.0555968507126042,0.0212361752940045,5.59119457766436,4.3525319363118,0.161368002234975,0.877946951629188
"BAUD",2025,3,38324.58,31898.28,15.78,5.85,479.75,377.63,1.38,12.02,1.2,306.98,198.48,2.43,3.76,4.65,172.77,179.15,-1.05,0.186768074170676,5.67819921314206,0.170926833672537,4.36531775380992,0.0692391149492049,4.46953281679799,0.0163333296803253,0.0158412404981393,5.50727237946952,4.58347740410875,0.575187844927661,1.1981069988734
"BAUD",2025,4,92868.09,85138.98,36.16,12.61,869.17,453.05,10.68,24.68,0.53,581.27,227.08,6.21,11.48,12.08,287.9,225.97,4.47,0.176617996558344,4.2453280992427,0.131489101701712,3.09686669960105,0.0615916188219226,2.21285352159175,0.052164828629511,0.0451288948566325,4.11383899754099,4.96786651358948,1.05994188806195,1.55822842180333
"BAUD",2025,5,52338.02,44327.12,16.64,13.86,327.19,123.18,6.25,4.84,0.77,237.91,69.08,4.62,11.8,13.09,89.28,54.1,1.63,0.144214549958138,2.83567058899057,0.0495277834427321,2.43453614852488,0.120121013366574,1.06756900624059,0.0541671236321129,0.0946867665154054,2.78614280554783,4.71881728881706,1.07188200730613,1.22115332195471
"BAUD",2025,6,18835.62,7645.34,7.91,7.32,148.49,74.21,5.7,4.44,0.5,50.07,11.11,2.28,3.47,6.82,98.42,63.1,3.42,0.19048887161665,3.57594090345845,0.263426348599277,2.9706660527851,0.176280472848783,1.78712758061588,0.137267581316676,-0.0729374769826278,3.31251455485917,4.27497992016696,0.540329474790874,0.898176483497677
"BAUD",2025,7,26497.49,16132.32,12.21,7.64,179.82,81.51,2.77,3.86,0.34,88.85,21.67,4.3,8.35,7.3,90.97,59.84,-1.53,0.209018137189598,3.07826711133772,0.108533428545925,2.49823707935374,0.13078612351585,1.39533729421164,0.0474185290757728,0.100484708643673,2.96973368279179,4.42320473692634,0.921686475483602,1.08671566394488
"BAUD",2025,8,22730.6,13588.02,7.44,3.87,47.1,6.34,2.68,1.73,0.06,32.85,0.36,0.49,5.71,3.81,14.25,5.98,2.19,0.148468760173511,0.939903038195208,0.0577514604776855,1.09661010213409,0.0772277018644471,0.126517733803771,0.0534806824280925,0.0907172996958251,0.882151577717523,4.35661089957231,0.756636108245848,0.871572935545879
"BAUD",2025,9,27262.69,20281.74,5.84,5.41,57.71,31.99,2.06,1.49,0.2,61.01,0.54,1.28,4.35,5.21,-3.3,31.45,0.78,0.0971666405626151,0.960186100491184,0.0333237680790701,1.36448529564031,0.090012247507491,0.532253567054462,0.0342745341710594,0.0638428724835449,0.926862332412114,4.43556870529612,0.638489256954637,0.766412847112399
"BAUD",2025,10,0,0,0,0,0,0,0,0,0,0,0,0,0,0,0,0,0,NA,NA,NA,NA,NA,NA,NA,NA,NA,-Inf,-Inf,-Inf
"BAUD",2025,11,0,0,0,0,0,0,0,0,0,0,0,0,0,0,0,0,0,NA,NA,NA,NA,NA,NA,NA,NA,NA,-Inf,-Inf,-Inf
"BAUD",2025,12,0,0,0,0,0,0,0,0,0,0,0,0,0,0,0,0,0,NA,NA,NA,NA,NA,NA,NA,NA,NA,-Inf,-Inf,-Inf
"BRIC",2025,1,6146.08029674586,7715.28272856263,1.6667986287809,0.10221182439135,30.6401980756431,13.9726557882008,0.281710395464921,1.91400664846592,0.100330301590213,37.9258806476678,17.7659745428446,0.34764605562559,-0.24720801968502,0.001881522801137,-7.2856825720247,-3.7933187546438,-0.065935660160669,0.123014965882454,2.26134270560546,0.112529047384099,2.22975360294892,0.00754355317623561,1.03122581540037,0.0207911106287605,0.0104859184983557,2.14881365822136,3.78859822988812,NA,0.221883134505943
"BRIC",2025,2,8630.47715101208,2633.53860905906,2.16042684898798,0.0798296166063672,48.7273921966937,23.7432404446114,0.4552546013174,0.578340797783217,0.02525385749252,12.2192125463651,5.84758273974205,0.110654781584862,1.58208605120476,0.0545757591138472,36.5081796503286,17.8956577048694,0.344599819732538,0.113547559602313,2.56101078928508,0.0996132674767192,2.10463396737956,0.0041956792723102,1.24789553082969,0.0239272387313321,0.0139342921255941,2.46139752180836,3.93603480710838,0.199230101504915,0.33453956589432
"BRIC",2025,3,2783.05489926827,4178.53995869007,2.01746157803589,0.343710230110625,42.7026407370297,32.1062074819401,0.235324689419881,1.68308634864044,0.276021118593449,33.4562690456727,24.6830792732024,0.192887115198371,0.33437522939545,0.067689111517176,9.246371691357,7.4231282087377,0.04243757422151,0.328818727951679,6.95994816466232,0.182706872565755,3.631834035129,0.0560200808180863,5.23287403264559,0.0383547155857124,0.146111855385923,6.77724129209656,3.44452177342499,-0.47576590269034,0.304805272461821
"BRIC",2025,4,10627.6394031064,10446.4727836711,7.51064087907626,1.32995614213528,170.293878052015,129.773183038754,0.907480867249284,5.3578323466058,0.932003150221446,118.248039914286,89.3441287681491,0.644067945045125,2.15280853247046,0.397952991913834,52.045838137729,40.4290542706049,0.263412922204159,0.320562880761008,7.26834061210391,0.232644338691928,5.13449008252438,0.0567640736753104,5.53887026023605,0.0387323379888065,0.0879185420690801,7.03569627341198,4.02643681033197,0.333005406047734,0.875676996707386
"BRIC",2025,5,11427.0356408449,7982.00285462009,8.18182978979853,1.42041874489792,179.134277271101,135.596510249868,0.97088048758525,4.00083554429483,0.665494492106375,81.4877448638974,60.5314724904873,0.462379814869085,4.1809942455037,0.754924252791545,97.6465324072036,75.0650377593807,0.508500672716165,0.324780468819664,7.11079502366578,0.227358851649836,4.63077272001591,0.0563839969469158,5.38254880640176,0.038539425535222,0.0974216171698279,6.88343617201594,4.0579335819442,0.621279569811187,0.912850440437329
"BRIC",2025,6,2700.41312210198,8387.78082710256,0.968727428929032,0.0915433188696009,16.0645843818416,0.0699630337580681,0.465293778338146,1.66368880924982,0.14025622238185,28.3384304039335,0.119502553847723,0.841283895044074,-0.694961380320788,-0.0487129035122491,-12.2738460220919,-0.0495395200896549,-0.375990116705928,0.162721310367568,2.69843729315435,0.0899700718737546,1.53250452010971,0.0153769247747282,0.011751991520452,0.0781573960394244,0.0727512384938131,2.60846722128059,3.43143020968659,NA,-0.0137984033044914
"BRIC",2025,7,5325.15690769835,8277.12119012079,1.90138648214776,0.179903647967752,32.5967070704068,0.139004853486056,0.951688663120812,2.0687048112051,0.155080443167341,36.8397813918888,0.156374084707413,1.11107040761344,-0.16731832905734,0.024823204800411,-4.243074321482,-0.017369231221357,-0.159381744492628,0.161961219782161,2.77660669599448,0.113368462392773,2.01888125781047,0.0153242986324404,0.0118405152438086,0.0810654005269836,0.0485927573893877,2.66323823360171,3.72633240894526,NA,0.279070401980853
"BRIC",2025,8,12415.2555148279,12491.0773669373,4.19104490031692,0.302423396260547,72.9786765463147,0.322381950493571,2.18824658737528,3.80117997189697,0.275940713520229,65.3893484452433,0.28900097116884,1.95743806301199,0.38986492841995,0.026482682740318,7.5893281010714,0.033380979324731,0.23080852436329,0.153122741977663,2.6663267334186,0.138035750208089,2.37454365091607,0.0110492492385636,0.011778448906608,0.0799491118686965,0.0150869917695748,2.52829098321051,4.09395566207326,-0.409085831441308,0.622322313626834
"BRIC",2025,9,6759.82607091834,5737.81871447918,1.96661226589265,0.183678671545233,67.8111336779291,27.2579065432751,0.594435708254036,1.255205506318,0.111584554823358,42.0783706553868,16.5223493459255,0.373358447559022,0.71140675957465,0.072094116721875,25.7327630225423,10.7355571973496,0.221077260695014,0.131964242045612,4.55028426968535,0.0992295584782214,3.32648169610495,0.0123252646649234,1.82906871838344,0.0398880140458111,0.0327346835673906,4.45105471120713,3.82993552176824,-0.147882012594119,0.293718743558379
"BRIC",2025,10,2583.71056140887,2563.77432403514,0.50450903094415,0.098563906586205,33.1170460585094,17.5872259692469,0.22053243992731,0.405533282474249,0.0863570163351036,29.1325123157723,15.6721455275352,0.192937986474838,0.098975748469901,0.0122068902511014,3.9845337427371,1.9150804417117,0.027594453452472,0.08857234237239,5.81407697770473,0.0717496447350325,5.15431778161969,0.0173040234054404,3.08763907954934,0.0387169972694157,0.0168226976373575,5.74232733296969,3.41224386047493,-1.00447120536137,-0.297131055286125
"BRIC",2025,11,3525.47791161209,3023.17381061355,0.646409175519521,0.135935507388075,46.6948856288745,25.0121921832485,0.309512970349729,0.458263934325058,0.104531211069783,35.7101377219878,19.3804097778738,0.234831939938917,0.188145241194463,0.031404296318292,10.9847479068867,5.6317824053747,0.074681030410812,0.0831692069463509,6.00792308228423,0.0687583756779302,5.35798451740566,0.0174899255355242,3.21815386701248,0.0398229933275738,0.0144108312684206,5.9391647066063,3.54721799801036,-0.725506761926216,-0.189492487553373
"BRIC",2025,12,4787.65273749223,2650.71972559032,1.01686759861549,0.0381548011767755,26.4944266429493,13.4330426826326,0.301382987764128,0.387195052419353,0.0159813122214587,11.9529188030456,6.35757789745526,0.158329026482172,0.629672546196137,0.0221734889553168,14.5415078399037,7.07546478517734,0.143053961281956,0.0963418125796629,2.51018037108864,0.0662581087249068,2.04542333039531,0.00361492755693279,1.27269634932499,0.0285541434906609,0.0300837038547561,2.44392226236374,3.68012264222304,-0.200885241580332,0.0072644092314941
"BROP",2023,1,284897.753689966,284897.753689966,67.472737461156,27.6444143620925,1755.95656795959,1270.16395559575,14.1569215435429,70.8809829484088,17.5729082604563,1530.58169727078,1136.18536433442,12.4878726398698,-3.4082454872528,10.0715061016362,225.37487068881,133.97859126133,1.6690489036731,0.107426728768407,2.79574650522955,0.112853167316955,2.43691587206248,0.0440140583498283,2.02229172675476,0.0225399446958757,-0.00542643854854767,2.68289333791259,5.45468902500677,NA,1.8291283304333
"BROP",2023,2,63607.6247900168,63607.6247900168,5.42097470764261,2.18253241969386,347.395983250642,262.576818774155,2.83848202370597,15.7656751861954,3.97355786753628,336.934333297267,260.89913480847,2.58281261389858,-10.3447004785528,-1.79102544784242,10.461649953375,1.67768396568499,0.25566940980739,0.0386581661476003,2.47735736906848,0.112428506614833,2.402753036105,0.0155641200067026,1.87249320170575,0.0202418412918809,-0.0737703404672329,2.36492886245365,4.80350917863189,NA,0.734077381020334
"BROP",2023,3,207891.300358795,207891.300358795,48.8169445147811,18.9166476519268,1293.08441988552,925.988512721208,11.0158971551409,52.0402686147404,12.555194152977,1142.46050362383,790.468702897027,10.2089485936517,-3.2233240999593,6.3614534989498,150.62391626169,135.519809824181,0.8069485614892,0.106514154241606,2.8213931600205,0.113547155666957,2.49274540853506,0.0412744129268755,2.02042311845384,0.0240356904831901,-0.00703300142535129,2.70784600435354,5.31783631576138,NA,1.68857059314963
"BROP",2023,4,98911.2382802577,98911.2382802577,29.5657177161304,3.48233932011334,901.715737320836,555.091529580259,18.3736936619477,15.4242921717058,0.596374157515414,277.529752384235,42.8363571852806,2.90380533320458,14.1414255444246,2.88596516259793,624.185984936601,512.255172394978,15.4698883287431,0.135586307372249,4.13520511481019,0.0707347218650908,1.2727319753575,0.0159697638313632,2.54561081425529,0.0842604701949523,0.0648515855071579,4.0644703929451,4.99524563887542,1.1504931912764,1.47078842608404
"BROP",2023,5,111353.913656898,111353.913656898,37.9609855342949,4.57693716055335,1077.89402094597,684.611383955609,22.6110454719282,17.3646122378968,0.468710613105185,280.266627083896,4.01751954090158,2.00875977045079,20.5963732963981,4.10822654744817,797.627393862074,680.593864414707,20.6022857014774,0.154634017547074,4.39079967505753,0.0707347218650906,1.14166568439582,0.018644146647812,2.78876344408598,0.0921060597624652,0.0838992956819838,4.32006495319244,5.04670548539993,1.31379075454268,1.57933747895415
"BROP",2023,6,139731.123293862,139731.123293862,43.1667923336815,5.10573253488935,1291.77612821784,799.777806689709,26.767169531725,21.7897754455204,0.609167941688632,355.024783585807,9.6242551705415,2.65132485296431,21.3770168881611,4.49656459320072,936.751344632033,790.153551519168,24.1158446787607,0.140129532640908,4.19340829692844,0.0707347218650909,1.15249371820942,0.0165744053524512,2.59626634755886,0.0868925105114632,0.0693948107758168,4.12267357506335,5.1452931503471,1.32994710033947,1.63514977801602
"BROP",2023,7,49076.6544253812,49076.6544253812,12.0737181440833,1.7117082798651,309.675227191196,159.333986323411,4.85541226993577,11.1451230103796,0.229935790262686,130.914618467797,1.62307616656014,1.14967895131343,0.9285951337037,1.48177248960241,178.760608723399,157.710910156851,3.70573331862234,0.111593559387451,2.86223021309455,0.103010848166,1.21000242645475,0.0158207784299424,1.4726736580259,0.0448770404468287,0.00858271122145111,2.75921936492855,4.69087494904031,-0.0321735965810745,1.08184103321216
"BROP",2023,8,25029.9866521818,25029.9866521818,4.66624658304221,0.622389528238059,127.879566771155,58.3532113253516,2.17255814864594,5.68421550843234,0.117271436460376,66.7688372647046,0.827798375014418,0.586357182301879,-1.01796892539013,0.505118091777683,61.1107295064504,57.5254129503372,1.58620096634406,0.0845629476148141,2.31746713625753,0.103010848166,1.21000242645475,0.0112791066943767,1.0574922402075,0.0393716700659885,-0.018447900551186,2.21445628809153,4.39846061801073,NA,0.668967684913154
"BROP",2023,9,7229.03127720541,7229.03127720541,0.92441193659394,0.0984136104827656,27.8900649638983,9.39058755596993,0.539814337443473,1.64168572152441,0.0338697296916443,19.2838302167897,0.239080444882195,0.169348648458222,-0.71727378493047,0.0645438807911213,8.6062347471086,9.15150711108774,0.370465688985251,0.0580040725181519,1.75001780771308,0.103010848166,1.21000242645475,0.00617515846912195,0.589231164183677,0.033871728323607,-0.0450067756478482,1.64700695954708,3.85908010377427,NA,-0.0341344552705882
"BROP",2023,10,8756.76381621021,8756.76381621021,0.666093849900939,0.0926739269427393,32.8644913420689,16.8473476354655,0.957630578408306,2.51474562172746,0.555078208250782,44.2131859789319,15.6580322397003,0.752975656409757,-1.84865177182652,-0.462404281308043,-11.348694636863,1.1893153957652,0.204654921998549,0.034503633609,1.7023792791084,0.1302637181905,2.29024118738,0.0048005055456,0.872691903977201,0.0496052239712,-0.0957600845815002,1.5721155609179,3.94234363625559,NA,-0.176464576201144
"BROP",2023,11,82175.5273362508,82175.5273362508,13.2864186518928,6.15785544672312,432.902890991654,251.794523637355,7.88056247742553,21.3971677005428,8.85300393934398,340.142015676573,113.36367173582,8.35448724546688,-8.11074904865,-2.69514849262086,92.760875315081,138.430851901535,-0.47392476804135,0.0733395902144695,2.38957701543328,0.118110045454915,1.87754704243718,0.0339906943244089,1.38987846654828,0.0434998503281076,-0.0447704552404457,2.27146696997837,4.91474249971428,NA,1.123407932837
"BROP",2023,12,106630.381293291,106630.381293291,18.756404280082,9.12988878828392,588.557901719965,346.916232131965,9.9874261063834,23.2852134259786,13.1868540932885,369.310539206115,127.297021651694,12.8259588308044,-4.5288091458966,-4.05696530500458,219.24736251385,219.619210480271,-2.838532724421,0.0797887513694983,2.50369417216905,0.0990540658480084,1.57102749284114,0.0388380638251188,1.47576329547422,0.0424859822023402,-0.0192653144785102,2.40464010632104,5.02788096217801,NA,1.27314958505618
"BROP",2024,1,236054.611809497,236054.611809497,51.1804484303612,20.9503954180175,1433.03898810272,1042.11403002773,11.5719557696231,58.9593581311957,14.3662735683129,1286.70260006592,913.442088735468,11.1407940838554,-7.7789097008345,6.5841218497046,146.3363880368,128.671941292262,0.4311616857677,0.0983477985456492,2.75371228725658,0.11329566765632,2.47251385988986,0.0402580542221391,2.00251509765911,0.0222365455894468,-0.0149478691106706,2.64041661960026,5.37301248968086,NA,1.70910408674808
"BROP",2024,2,85064.6418610079,85064.6418610079,10.2056329064695,4.14167987461519,478.27025606524,357.591925300474,3.89478134612262,21.1957668715207,5.21983291352264,459.587187860975,335.338239583477,3.83947411096639,-10.9901339650512,-1.07815303890745,18.683068204265,22.253685716997,0.05530723515623,0.0544206733267461,2.55033564363522,0.113024632121902,2.45070976439738,0.0220851572407148,1.90682866309282,0.0207685917432991,-0.0586039587951562,2.43731101151332,4.92974907787973,NA,1.00883994283593
"BROP",2024,3,192837.956050319,192837.956050319,38.542684109277,15.4910474612824,1158.98914508329,844.220482569487,9.51986098270743,48.4196128865725,11.5218121065528,1071.6064229134,715.31762786418,9.97842898150607,-9.8769287772955,3.9692353547296,87.38272216989,128.902854705307,-0.458567998798641,0.0906614126702632,2.72621369245689,0.1138942605242,2.52066908086643,0.0364385687981683,1.98580413699052,0.0223929408411138,-0.0232328478539369,2.61231943193269,5.28519251961261,NA,1.58594195560375
"BROP",2024,4,461022.065397287,461022.065397287,170.316293260135,20.8676992501754,4645.09598950845,3018.15704810638,97.38575077595,71.8921242714877,1.94053291735378,1160.34627824816,16.6331392916038,8.31656964580192,98.4241689886473,18.9271663328216,3484.74971126029,3001.52390881478,89.0691811301481,0.167574344963775,4.5703138721252,0.0707347218650908,1.14166568439581,0.0205317469386689,2.96956727188596,0.0958179225410908,0.0968396230986846,4.49957915026011,5.66372171205115,1.99310175665842,2.23125619660906
"BROP",2024,5,40530.0062239479,40530.0062239479,8.76225362348251,0.921781453222829,321.642155524707,177.057071953342,6.93550378416477,6.32027935943861,0.170598800190502,102.00995876153,1.46227543020431,0.731137715102153,2.4419742640439,0.751182653032327,219.632196763177,175.594796523138,6.20436606906262,0.0980645850792696,3.59972512562313,0.0707347218650908,1.14166568439581,0.010316308980353,1.98157107093118,0.0776201340585608,0.0273298632141788,3.52899040375804,4.60777667043368,0.387741082605335,0.942615819680414
"BROP",2024,6,5210.9412737248,5210.9412737248,0.875539247568834,0.0440850673814035,34.7314367593346,10.9083479775212,1.68485052131527,0.812598063607245,0.0382382557159439,15.7036616964065,3.74413706357311,0.195385913762658,0.062941183961589,0.0058468116654596,19.0277750629281,7.16421091394809,1.48946460755261,0.0762136016960603,3.02328867022004,0.0707347218650909,1.36696626795763,0.00383749988990198,0.949545654554412,0.146662216348932,0.0054788798309694,2.95255394835495,3.71691617878162,-1.20106509200512,-0.0577243811390376
"BROP",2024,7,11428.6565828168,11428.6565828168,2.53121683251928,0.119406153332151,54.8169273657426,10.9735692305655,1.04078648999632,2.58315784854368,0.117944417818977,30.6744452030588,1.52755015822759,0.346416393540031,-0.0519410160244003,0.00146173551317401,24.1424821626838,9.44601907233791,0.694370096456289,0.100463247531387,2.17566763625445,0.102524771096991,1.21745965882178,0.0047391949140285,0.435537717571149,0.0413085079984067,-0.00206152356560364,2.07314286515746,4.05799518289228,NA,0.403329349873024
"BROP",2024,8,2734.08042376021,2734.08042376021,0.716197587241742,0.0248232631774648,14.2231643740244,2.22466534551415,0.268368798336722,0.535588300584006,0.0371238293553248,13.8765399440876,5.95193346274151,0.408877757138387,0.180609286657736,-0.01230056617786,0.346624429936799,-3.72726811722736,-0.140508958801665,0.118821386068103,2.35970650460401,0.0888572446639237,2.30219947589595,0.00411832515219588,0.369085046641525,0.044523959817582,0.0299641414041792,2.27084925994009,3.4368112853165,-0.74325992267966,-0.144967146392201
"BROP",2024,9,2812.84348750795,2812.84348750795,0.484161920238077,0.0340835596721585,12.0999291262823,3.20335851263117,0.231844840944027,0.642111501229438,0.0607407786419929,8.84748327791111,1.526190964809,0.194303634205942,-0.157949580991361,-0.0266572189698344,3.25244584837119,1.67716754782217,0.037541206738085,0.0780760991485386,1.9512382669198,0.103547096826108,1.4267478559271,0.00549632524381519,0.516574572237159,0.0373873698694064,-0.0254709976775694,1.84769117009369,3.44914556778458,NA,-0.315009371195021
"BROP",2024,10,11933.354495684,11933.354495684,0.907725068883141,0.126292183496785,44.7863655725473,22.958866524853,1.30501922946678,3.42699102092838,0.756437557402617,60.2518958765911,21.3381168366443,1.02612399091138,-2.51926595204524,-0.630145373905832,-15.4655303040438,1.6207496882087,0.2788952385554,0.0345036336089999,1.7023792791084,0.1302637181905,2.29024118737999,0.0048005055456,0.872691903977198,0.0496052239712,-0.0957600845814998,1.5721155609179,4.07676254209326,NA,-0.0420456703634796
"BROP",2024,11,61272.1558662382,61272.1558662382,12.6011658136122,6.61669594149436,370.461794836383,223.627270336069,5.45235052384289,15.7487023457873,6.9412439515257,246.638165920731,81.3921363138731,6.34960623832572,-3.1475365321751,-0.32454801003134,123.823628915652,142.235134022196,-0.89725571448283,0.0932868891627172,2.74254215086916,0.116588216671275,1.82587131919881,0.0489836408827197,1.65552082165815,0.0403639493771737,-0.0233013275085579,2.62595393419788,4.78726316129065,NA,1.10041072630782
"BROP",2024,12,103714.848038012,103714.848038012,14.7192475457285,6.23128487274421,510.103025188275,290.496711701172,10.2684001489915,22.1716915663654,12.6593968415317,356.414551316013,124.6604326567,12.6478848552069,-7.4524440206369,-6.42811196878749,153.688473872262,165.836279044472,-2.3794847062154,0.0643750708123819,2.23095088699931,0.0969685583574049,1.55878973488628,0.0272527113691652,1.27049608537591,0.0449091561689938,-0.032593487545023,2.13398232864191,5.01584093536078,NA,1.16788560924804
"BWLK",2023,1,2830.58942396482,2261.22110327987,2.31135359105697,1.2032389395102,79.2428622419383,74.5697285865156,1.59616858713649,0.520383382837622,0.0180883174738213,4.25933601867326,2.33903143590665,0.169073964861529,1.79097020821935,1.18515062203638,74.983526223265,72.2306971506089,1.42709462227496,0.370392816431463,12.6986139383632,0.104388687206556,0.854421009634043,0.19281820893591,11.949747497984,0.255784913557322,0.266004129224907,12.5942252511567,3.45187687966612,0.253088361665026,0.363866388966033
"BWLK",2023,2,17287.4366547183,16110.407481895,36.1258933712953,2.32132138505267,564.498645201794,495.049628165791,6.29752790782313,15.4024494163791,4.30659201232366,56.9798530952928,13.9400539271953,2.6035650149557,20.7234439549162,-1.98527062727099,507.518792106501,481.109574238596,3.69396289286743,0.947896762285291,14.81171503779,0.4336669363032,1.60430835738145,0.06090847366735,12.9894625687444,0.165238995002126,0.514229825982091,14.3780481014868,4.23773060176195,1.31646193091525,1.55781859573489
"BWLK",2023,3,103941.808005829,101787.267138011,99.2394614862072,32.2604192806655,4548.77785695723,4384.33708941172,13.2819338716127,93.9645878716751,18.1848261769265,503.63998908696,194.495320206196,1.61504444016385,5.2748736145321,14.075593103739,4045.13786787027,4189.84176920552,11.6668894314489,0.433079052536965,19.8507768481388,0.418739379266379,2.24439760957619,0.140783833439661,19.1331605819828,0.0579620974442321,0.0143396732705863,19.4320374688724,5.01679026684633,0.722212058440089,1.99668439894758
"BWLK",2023,4,10974.9693853776,8676.24890194785,3.66024427955087,1.83648058232887,429.707419865468,432.930364372165,1.04820504613228,11.4030403687867,0.808348628782652,139.39801525506,78.8011143457795,0.329802503188149,-7.74279608923583,1.02813195354622,290.309404610408,354.129250026386,0.718402542944131,0.151279401965015,17.7599844525006,0.596158451623076,7.28781993627449,0.0759024980292202,17.8931900749405,0.043322745807299,-0.444879049658061,17.1638260008775,4.04040331745356,NA,0.563510070564023
"BWLK",2023,5,22453.6736177056,18440.6418753065,12.3126909965847,3.72993743986284,814.936929635021,745.302430709128,4.38725245551981,7.42012130159093,0.383153538643123,158.733461553956,85.4741326079572,2.28203291355502,4.89256969499377,3.34678390121972,656.203468081065,659.828298101171,2.10521954196479,0.248735985529192,16.4630250522105,0.182518973317771,3.90450064849913,0.0753506820989709,15.0562971710375,0.0886294932270926,0.0662170122114205,16.2805060788927,4.35128740553434,0.689537020929042,1.09035298040877
"BWLK",2023,6,26742.8870592659,21868.8037321956,13.5076707116263,3.73084856537321,2008.37491431411,1284.60029734569,44.5515168023076,3.11759484276064,0.295039935355658,495.616807301388,259.078574629252,6.21922189034444,10.3900758688657,3.43580863001755,1512.75810701272,1025.52172271644,38.3322949119632,0.229110620002068,34.0650902467629,0.0646647634682598,10.2800220142329,0.0632808606454079,21.7887729767049,0.755661420427113,0.164445856533808,34.0004254832946,4.42720829021939,1.01661871880929,1.13058046491372
"BWLK",2023,7,11162.7224720657,8739.59607101876,6.88096421421571,3.75398214731792,295.619983390042,56.6866022518079,145.971250144959,1.66620666550886,0.01958936644337,37.3327320343844,8.21135596064671,0.648474720392531,5.21475754870685,3.73439278087455,258.287251355658,48.4752462911612,145.322775424566,0.279609689784813,12.0125914445411,0.0864789788147174,1.93763271359322,0.152543996886478,2.30347416105399,5.93157800271823,0.193130710970095,11.9261124657264,4.04777012743324,0.71723412144779,0.837649299219876
"BWLK",2023,8,0,0,0,0,0,0,0,0,0,0,0,0,0,0,0,0,0,NA,NA,NA,NA,NA,NA,NA,NA,NA,-Inf,-Inf,-Inf
"BWLK",2023,9,0,0,0,0,0,0,0,0,0,0,0,0,0,0,0,0,0,NA,NA,NA,NA,NA,NA,NA,NA,NA,-Inf,-Inf,-Inf
"BWLK",2023,10,0,0,0,0,0,0,0,0,0,0,0,0,0,0,0,0,0,NA,NA,NA,NA,NA,NA,NA,NA,NA,-Inf,-Inf,-Inf
"BWLK",2023,11,0,0,0,0,0,0,0,0,0,0,0,0,0,0,0,0,0,NA,NA,NA,NA,NA,NA,NA,NA,NA,-Inf,-Inf,-Inf
"BWLK",2023,12,0,0,0,0,0,0,0,0,0,0,0,0,0,0,0,0,0,NA,NA,NA,NA,NA,NA,NA,NA,NA,-Inf,-Inf,-Inf
"BWLK",2024,1,12538.5847330292,12139.0991999628,24.4941623459466,21.0060514881729,223.283532589199,151.374557741217,15.0932526806987,5.62638524051836,3.67421997368167,37.7455626271225,7.5390343888095,2.74288291185144,18.8677771054282,17.3318315144912,185.537969962077,143.835523352407,12.3503697688473,0.886108941055677,8.07757913185088,0.210240340165187,1.41043309109091,0.759921885756023,5.47617620755414,0.546018514986813,0.67586860089049,7.86733879168569,4.09824851916433,1.27572073706411,1.38906259199592
"BWLK",2024,2,10108.4247660545,8921.57862534155,3.20441321270868,1.56461067819872,539.751534683334,416.948588279584,2.5678423046252,1.67645296671991,0.314513199328113,18.1637607375016,1.10526972501427,0.578866327188617,1.52796024598877,1.25009747887061,521.587773945832,415.84331855457,1.98897597743658,0.143793109898368,24.2205192004335,0.0852359316258381,0.92350044947514,0.0702094955501114,18.7099260291017,0.115227970364825,0.0585571782725297,24.1352832688076,4.00468348311705,0.184112055043136,0.505748513788045
"BWLK",2024,3,3094.52739028399,2383.06569467513,5.15072906244653,1.36718254083071,147.632737618781,112.520086642117,0.593948962335246,0.971982144713308,0.0484409309158304,20.3287021437548,10.8001667211787,0.102070755798649,4.17874691773322,1.31874160991488,127.304035475026,101.719919920938,0.491878206536597,0.755000815330102,21.640205866051,0.185010048957992,3.86942723107104,0.200403461435802,16.4933461119503,0.0870618402542376,0.56999076637211,21.455195817093,3.49059433107361,0.621046069262738,0.711868705815524
"BWLK",2024,4,175663.982287102,170838.331994081,334.629162388133,123.303655986753,4601.77645971463,3644.98202343075,39.2394902647113,194.135591552161,53.4770251835508,2089.65933465311,1146.93680331858,123.73589474274,140.493570835972,69.8266308032022,2512.11712506152,2498.04522011217,-84.4964044780287,0.864080308797611,11.8827193540165,0.515457528179983,5.54834189221358,0.318395026842664,9.41208222825076,0.101324315618569,0.348622780617628,11.3672618258365,5.2446827239456,2.14765645082938,2.52456378633456
"BWLK",2024,5,42204.1503231191,35914.2098609051,15.9905619626703,2.53009012222623,1476.29987316963,1148.90359046153,8.80845146991117,3.35581943055505,0.129377627143859,528.221460685325,334.940947379648,11.2769836746758,12.6347425321153,2.40071249508237,948.078412484305,813.962643081882,-2.46853220476463,0.171862692430368,15.8669139727454,0.0423843291999243,6.67148895924019,0.0271927966954744,12.3481379116374,0.0946711059495728,0.129478363230444,15.8245296435454,4.62535516124128,1.10156639639278,1.2038637265979
"BWLK",2024,6,51122.3849956331,43555.956374768,14.9453474203078,7.11773490993262,1491.08046011843,1238.94195546573,49.8034154823896,1.7941189858929,0.568968158983819,496.697468268266,334.117424985665,2.76275822988832,13.1512284344149,6.5487667509488,994.382991850164,904.824530480065,47.0406572525013,0.132607459343509,13.2300966937966,0.0186842957826191,5.17270174641379,0.063154419642613,10.9929157461503,0.441897013700391,0.11392316356089,13.2114123980139,4.70861110661907,1.11896632144709,1.1745060151243
"BWLK",2024,7,74538.0645494527,68162.3752823785,29.3926269901222,12.3583182058732,469.203930366974,135.36231618185,26.8437733721618,4.10462986238139,0.150288063371776,308.768327486167,48.0307279865863,13.5857756475143,25.2879971277408,12.2080301425014,160.435602880807,87.3315881952637,13.2579977246475,0.178868282713108,2.85533175701464,0.0273150707830091,2.0547598696129,0.0752063146805338,0.823744847565109,0.163357281614606,0.151553211930099,2.82801668623163,4.87237811170189,1.40291443350353,1.46823840323249
"BWLK",2024,8,67608.9876619612,61766.031751372,26.0744954248595,9.61323608927325,197.764599441382,12.9831486428235,19.1514551029625,4.46056367229868,0.459842227286699,139.176322774049,2.28667054129114,7.81158785556447,21.6139317525608,9.15339386198655,58.588276667333,10.6964781015324,11.339867247398,0.174938148517356,1.32683575673597,0.0327576764183128,1.02208897382996,0.064496807908096,0.0871061145572832,0.128490313715959,0.142180472099043,1.29407808031765,4.83000443310938,1.33473377582004,1.41621591302112
"BWLK",2024,9,1856.05905925832,788.643593133576,0.634106284972832,0.107548142278081,7.16563205144313,0.0821111374044658,0.810468077615402,0.0728719197626758,0.0337151276127384,1.96846697281231,0.0551520048145997,0.0323077616242639,0.561234365210156,0.0738330146653426,5.19716507863082,0.0269591325898661,0.778160315991138,0.154968458265877,1.75120003984864,0.0419133599665865,1.13219282657183,0.0262835587553079,0.0200670402921063,0.198069300743722,0.113055098299291,1.70928667988206,3.26859179122655,-0.250855744336118,-0.197837942262506
"BWLK",2024,10,0,0,0,0,0,0,0,0,0,0,0,0,0,0,0,0,0,NA,NA,NA,NA,NA,NA,NA,NA,NA,-Inf,-Inf,-Inf
"BWLK",2024,11,0,0,0,0,0,0,0,0,0,0,0,0,0,0,0,0,0,NA,NA,NA,NA,NA,NA,NA,NA,NA,-Inf,-Inf,-Inf
"BWLK",2024,12,0,0,0,0,0,0,0,0,0,0,0,0,0,0,0,0,0,NA,NA,NA,NA,NA,NA,NA,NA,NA,-Inf,-Inf,-Inf
"BWLK",2025,1,4104.02649724063,4022.00889337463,5.15351454613803,2.50125919380026,225.25110278608,202.829523298905,0.936702873201114,1.88814313029381,0.451246480826661,11.9499816457296,0.287045888001473,0.0354717642949042,3.26537141584422,2.0500127129736,213.30112114035,202.542477410904,0.90123110890621,0.56959529859272,24.8960137787763,0.212943766810686,1.34771250342883,0.276453178621199,22.4178552039668,0.103529649131092,0.356651531782034,24.6830700119656,3.61321015609212,0.513932586737472,0.712103506208851
"BWLK",2025,2,510.464469865752,443.161985461755,0.503098258774699,0.280249365626175,25.070500479209,23.4565342530727,0.203715402322641,0.0810999084343424,0.00195421466106849,1.09631442485942,0.011725287966411,0.0683975131373972,0.421998350340357,0.278295150965106,23.9741860543496,23.4448089651063,0.135317889185244,0.447054366467895,22.2777092015042,0.0830100948922489,1.12213646348317,0.249030284676747,20.8435347909561,0.181022014162615,0.364044271575646,22.1946991066119,2.70796551904145,-0.374689246762213,-0.298347185766775
"BWLK",2025,3,1379.57300775554,1114.77303175729,0.763912032144725,0.449849491904164,77.6856375594019,67.5519161519547,0.451910505578737,0.221325568576335,0.00530833612263228,2.96284933441832,0.0305743485120253,0.0914153375325,0.54258646356839,0.444541155781532,74.7227882249836,67.5213418034427,0.360495168046237,0.251172279997413,25.5428346298791,0.0900571462048818,1.20558034667702,0.147909337440362,22.2108935114482,0.148586993350945,0.161115133792531,25.4527774836742,3.13974468852407,-0.265531045205614,-0.116956649478922
"BWLK",2025,4,72239.1137266139,67885.1758225275,152.344791574846,61.888307945213,2657.09114303163,2148.0135131995,13.6722072469231,85.1277108192895,16.9163331473873,1030.18144930645,660.130544874762,26.0748367200693,67.2170807555565,44.9719747978257,1626.90969372518,1487.88296832474,-12.4026294731462,0.95659531095398,16.6842653557516,0.568812397696049,6.88353973814614,0.388605770970392,13.4876921839689,0.0858497964229525,0.387782913257931,16.1154529580556,4.85877240914927,1.82747964709086,2.18282761097766
"BWLK",2025,5,50800.109168179,45614.9051235019,11.3100880751668,5.89827911416694,2912.22751448508,2182.41402128802,14.3188980790742,5.10783982580587,0.334871627465348,793.036678456857,565.073295936118,11.7581973267273,6.20224824936093,5.56340748670159,2119.19083602822,1617.3407253519,2.5607007523469,0.100989073348473,26.003613421325,0.0507929620529192,7.88605032442988,0.0526664105647636,19.4870250530159,0.127855082892943,0.0501961112955537,25.952820459272,4.70586464557303,0.792549145192166,1.05346598692457
"BWLK",2025,6,30480.1359430992,23626.8438236874,6.22819112342304,2.16103744202077,1428.12754219647,1167.4721527224,7.4638405089322,0.674774961119916,0.64364076480908,334.034910309254,209.678045679282,5.88235850367182,5.55341616230312,1.51739667721169,1094.09263188722,957.794107043118,1.58148200526038,0.0926868403362323,21.2531418609694,0.0129546682006308,6.41296977484445,0.0321601775507354,17.3741143892364,0.111075556263001,0.0797321721356015,21.2401871927687,4.48401689964939,0.744560219883446,0.79436193122017
"BWLK",2025,7,7390.07647669376,4309.47792394374,2.27954735874488,0.754872545054487,268.063896971294,230.131885408771,1.27320019297084,1.13449045771343,0.0717507527754296,25.8559936197479,0.219551995855317,0.670976564808754,1.14505690103145,0.683121792279057,242.207903351546,229.912333412916,0.602223628162086,0.139917724151791,16.4536570155467,0.119412346623157,2.72150801394168,0.046333781188406,14.125405000967,0.0781485292273932,0.0205053775286343,16.3342446689235,3.86864893274317,0.0588270685012032,0.35784861931838
"BWLK",2025,8,9491.94224021825,7658.88534625226,4.92002603969426,1.68475422147868,273.326618628589,190.181474478641,2.91708457887377,3.68520119335826,0.233992564566316,70.0003767572242,0.202640657665983,2.64411448259598,1.234824846336,1.45076165691236,203.326241871365,189.978833820975,0.27297009627779,0.235117719337702,13.0617055047606,0.218257250988263,4.14579530330928,0.0805108686423231,9.08837355309571,0.139401350270618,0.0168604683494397,12.8434482537723,3.97735508681133,0.0916053594868142,0.691967401317279
"BWLK",2025,9,0,0,0,0,0,0,0,0,0,0,0,0,0,0,0,0,0,NA,NA,NA,NA,NA,NA,NA,NA,NA,-Inf,-Inf,-Inf
"BWLK",2025,10,0,0,0,0,0,0,0,0,0,0,0,0,0,0,0,0,0,NA,NA,NA,NA,NA,NA,NA,NA,NA,-Inf,-Inf,-Inf
"BWLK",2025,11,0,0,0,0,0,0,0,0,0,0,0,0,0,0,0,0,0,NA,NA,NA,NA,NA,NA,NA,NA,NA,-Inf,-Inf,-Inf
"BWLK",2025,12,1241.78968956143,1174.20095418022,0.547592911151008,0.34772149858089,34.2957440253876,26.5500422971566,0.780319898390186,0.35986283853511,0.0051778825688505,5.34098586976929,0.031067295413103,0.150158594496665,0.187730072615898,0.34254361601204,28.9547581556183,26.5189750017435,0.630161303893521,0.200024325041563,12.5275234773531,0.139016905903887,2.06325091280373,0.127015446401393,9.69817939964018,0.285034663184227,0.0610074191376762,12.3885065714492,3.09404804962724,-0.726466151859155,-0.261542182648945
"EFLA",2024,1,245781,242055.4042,810.7130646,114.0384035,1429.986149,461.9686484,98.80424908,222.6820005,98.0065724,1209.169732,385.7636664,46.44418525,588.0310641,16.0318311,220.816417,76.204982,52.36006383,1.49620778702406,2.63910439450731,0.417295188102229,2.26592499451909,0.210463053806437,0.852584125356476,0.18234772981918,1.07891259892183,2.22180920640508,5.39054830689018,2.76940026929189,2.90886717170726
"EFLA",2024,2,0,0,0,0,0,0,0,0,0,0,0,0,0,0,0,0,0,NA,NA,NA,NA,NA,NA,NA,NA,NA,-Inf,-Inf,-Inf
"EFLA",2024,3,78270.3,76967.48769,201.4,24.6,538.7,81.1,11.6,46.4,15.4,195.1,19.2,11.5,155,9.2,343.6,61.9,0.0999999999999996,1.16717375556245,3.12192900755459,0.273453644281214,1.14980185343243,0.142564420987271,0.469998965124702,0.0672254993273311,0.89372011128124,2.84847536327338,4.893596998418,2.19033169817029,2.3040594662176
"EFLA",2024,4,324415.6,320972.2537,593.8366163,112.2787027,2419.317604,187.7521409,48.28551255,160.824516,62.89574293,727.6653999,77.62403452,47.77301149,433.0121003,49.38295977,1691.6522041,110.12810638,0.512501059999998,0.830306215711205,3.38270559484316,0.227278213666978,1.02834130237046,0.156988811711644,0.262516263435667,0.0675131174107534,0.603028002044227,3.15542738117618,5.51110172972846,2.63650003265843,2.77366697292785
"EFLA",2024,5,219437.6,216515.6429,662.8921534,95.80485137,1901.581141,691.9239265,105.965972,105.9872461,48.57748779,770.2376442,292.8176168,32.22585185,556.9049073,47.22736358,1131.3434968,399.1063097,73.74012015,1.37026599262041,3.93076303039042,0.222043147492878,1.61364689742295,0.198038442734664,1.43027764184625,0.219042520056727,1.14822284512753,3.70871988289754,5.34131104472199,2.7457810447957,2.82144287833983
"EFLA",2024,6,0,0,0,0,0,0,0,0,0,0,0,0,0,0,0,0,0,NA,NA,NA,NA,NA,NA,NA,NA,NA,-Inf,-Inf,-Inf
"EFLA",2024,7,0,0,0,0,0,0,0,0,0,0,0,0,0,0,0,0,0,NA,NA,NA,NA,NA,NA,NA,NA,NA,-Inf,-Inf,-Inf
"EFLA",2024,8,0,0,0,0,0,0,0,0,0,0,0,0,0,0,0,0,0,NA,NA,NA,NA,NA,NA,NA,NA,NA,-Inf,-Inf,-Inf
"EFLA",2024,9,0,0,0,0,0,0,0,0,0,0,0,0,0,0,0,0,0,NA,NA,NA,NA,NA,NA,NA,NA,NA,-Inf,-Inf,-Inf
"EFLA",2024,10,0,0,0,0,0,0,0,0,0,0,0,0,0,0,0,0,0,NA,NA,NA,NA,NA,NA,NA,NA,NA,-Inf,-Inf,-Inf
"EFLA",2024,11,0,0,0,0,0,0,0,0,0,0,0,0,0,0,0,0,0,NA,NA,NA,NA,NA,NA,NA,NA,NA,-Inf,-Inf,-Inf
"EFLA",2024,12,0,0,0,0,0,0,0,0,0,0,0,0,0,0,0,0,0,NA,NA,NA,NA,NA,NA,NA,NA,NA,-Inf,-Inf,-Inf
"EFLA",2025,1,68276.1,65281.18369,107.3,19.7,257.4,80.1,4.5,72.5,15.8,188.5,58.9,8.4,34.8,3.9,68.9,21.2,-3.9,0.712859697610145,1.71006604067895,0.503759247935291,1.30977404463176,0.130879180269523,0.532153418253239,0.0298962594524292,0.209100449674853,1.20630679274366,4.83426870581041,1.54157924394658,2.03059972196595
"EFLA",2025,2,354482.2,345121.49,580.0767362,94.05627067,1400.405236,439.0730155,11.01050057,357.5123474,93.74255475,983.7764912,603.1582162,33.0704657,222.5643888,0.313715920000007,416.6287448,-164.0852007,-22.05996513,0.742273681274603,1.79197662125094,0.469885548942895,1.29299689917403,0.12035561835238,0.561843499704075,0.0140891786909244,0.272388132331707,1.32209107230804,5.54959443236573,2.34745567668836,2.76348544856954
"EFLA",2025,3,183921.1,179697.4358,405.143053,90.84288677,953.0392139,215.7518561,64.07667906,237.3449835,105.7948424,662.5055299,199.7026238,45.56706695,167.7980695,-14.95195563,290.533684,16.0492323,18.50961211,0.99919415902145,2.35045673076683,0.599116420533809,1.67232496682426,0.224043535183685,0.53210339611366,0.158030707850355,0.400077738487641,1.75134031023303,5.26463155570849,2.22478696000686,2.60760839644656
"EFLA",2025,4,513038.3,499057.7361,736.9,169.6,1789.3,425.1,25.8,698,113,1471.1,187,73.5,38.9,56.6,318.2,238.1,-47.7,0.651526094640498,1.58199978442155,0.634421184358833,1.33710172537289,0.149950910097745,0.375849834213157,0.0228109285408126,0.0171049102816644,0.94757860006272,5.71014978783651,1.58994960132571,2.86740855652279
"EFLA",2025,5,314292.6,312335.9211,493.9,90.8,1185.1,368.7,20.7,346.7,75.8,901.8,282,40.2,147.2,15,283.3,86.7,-19.5,0.712816782832303,1.71038503610966,0.503506351258424,1.30966838063123,0.131046292531227,0.532122996214356,0.0298750909184626,0.209310431573879,1.20687868485124,5.497334155701,2.16790781000148,2.69363902616155
"EFLA",2025,6,0,0,0,0,0,0,0,0,0,0,0,0,0,0,0,0,0,NA,NA,NA,NA,NA,NA,NA,NA,NA,-Inf,-Inf,-Inf
"EFLA",2025,7,0,0,0,0,0,0,0,0,0,0,0,0,0,0,0,0,0,NA,NA,NA,NA,NA,NA,NA,NA,NA,-Inf,-Inf,-Inf
"EFLA",2025,8,0,0,0,0,0,0,0,0,0,0,0,0,0,0,0,0,0,NA,NA,NA,NA,NA,NA,NA,NA,NA,-Inf,-Inf,-Inf
"EFLA",2025,9,0,0,0,0,0,0,0,0,0,0,0,0,0,0,0,0,0,NA,NA,NA,NA,NA,NA,NA,NA,NA,-Inf,-Inf,-Inf
"EFLA",2025,10,0,0,0,0,0,0,0,0,0,0,0,0,0,0,0,0,0,NA,NA,NA,NA,NA,NA,NA,NA,NA,-Inf,-Inf,-Inf
"EFLA",2025,11,0,0,0,0,0,0,0,0,0,0,0,0,0,0,0,0,0,NA,NA,NA,NA,NA,NA,NA,NA,NA,-Inf,-Inf,-Inf
"EFLA",2025,12,0,0,0,0,0,0,0,0,0,0,0,0,0,0,0,0,0,NA,NA,NA,NA,NA,NA,NA,NA,NA,-Inf,-Inf,-Inf
"FORB",2023,1,982.843065321907,956.136681276427,3.01498369083765,0.145464997460159,10.6383996977001,5.4912459768017,0.0509891878517785,2.30928703802057,0.161174733824304,8.9394632690172,5.3462711542929,0.0463775346815717,0.70569665281708,-0.015709736364145,1.6989364286829,0.1449748225088,0.0046116531702068,1.3914699613982,4.90981548645944,1.09554692436624,4.24096326208605,0.0671347493572811,2.53431016910257,0.0235324401480021,0.295923037031959,3.8142685620932,2.99248417774486,-0.151381942458908,0.479284967222979
"FORB",2023,2,3183.00210490054,3155.79039322824,10.1486994238149,0.436016562961396,34.6210665316134,17.6785016094779,0.175566626269231,7.84801507836891,0.506290922094391,29.4431396441895,17.5678870917767,0.160971483806132,2.30068434544599,-0.070274359132995,5.1779268874239,0.110614517701201,0.014595142463099,1.44626045064657,4.93374344759679,1.12804058444026,4.23203270130445,0.0621354012473923,2.51930977919028,0.0250194687440245,0.318219866206312,3.80570286315653,3.50283692581748,0.361857037427985,1.00641039010626
"FORB",2023,3,2304.71601659524,2242.90108240635,7.19133907357668,0.307997146542474,24.6067243307423,12.5211706443828,0.156783042945973,5.52645183360015,0.355094960100258,20.7488745108342,12.356365298755,0.130655282258711,1.66488723997653,-0.047097813557784,3.8578498199081,0.1648053456278,0.026127760687262,1.41535502868302,4.84294380568143,1.11765898700782,4.1962124642683,0.0606180998724764,2.46433962509729,0.0308570720940076,0.297696041675203,3.72528481867361,3.36261741995398,0.221384824800718,0.856809766338024
"FORB",2023,4,1355.88088251257,1264.92072299297,4.12779071915197,0.178795517191391,14.1201930329376,7.06932653262043,0.0823685142439547,3.07969938455855,0.198558304819153,11.5528912556856,6.81530102329307,0.0683345065197568,1.04809133459342,-0.019762787627762,2.567301777252,0.254025509327359,0.0140340077241979,1.38092209600129,4.72380696737283,1.10437880844452,4.14286158675583,0.0598147283024791,2.36499131786151,0.0275557820328745,0.276543287556767,3.61942815892831,3.13222153736304,0.0203991303400289,0.615717670251544
"FORB",2023,5,688.276117928401,618.734692752772,2.08246002889331,0.098521018532804,7.19454604828926,3.55576622828205,0.0418229443900481,1.49410869020254,0.101196403931334,5.64807497392093,3.29103359629073,0.0338576621789705,0.58835133869077,-0.00267538539853,1.54647107436833,0.26473263199132,0.0079652822110776,1.372419940923,4.74147802385829,1.09534459569519,4.14065485284534,0.0649290783777111,2.34338446320539,0.0275629025636181,0.277075345227807,3.6461334281631,2.83776270049685,-0.230363254047845,0.318576674233606
"FORB",2023,6,1041.88194542715,986.460058850961,3.30881466445833,0.140988743917931,11.3404130438949,5.71064666843381,0.103842704128318,2.46483393385872,0.158063210493919,9.24087157215592,5.4969655923326,0.0633799405809756,0.84398073059961,-0.017074466575988,2.09954147173898,0.21368107610121,0.0404627635473424,1.44054548443391,4.93723053680692,1.13339477089486,4.24919317059062,0.0613817088604547,2.48622153418695,0.0452095852119731,0.30715071353905,3.80383576591206,3.01781851228966,-0.0736674688835776,0.519672441847903
"FORB",2023,7,2576.63659985987,2463.75120556363,8.31462363818627,0.354477825075884,28.2453849131193,14.4493808764992,0.139171163641395,6.1840787256819,0.396781870407998,23.1156089666826,13.8302083366666,0.123336421967109,2.13054491250437,-0.042304045332114,5.1297759464367,0.619172539832601,0.015834741674286,1.46373504221993,4.97241504575682,1.13854763566827,4.25580318483843,0.0624034997652232,2.54371887985154,0.0245001719804686,0.32518740655166,3.83386741008855,3.41105317144014,0.328490693686543,0.919842595641145
"FORB",2023,8,589.950276668705,496.147134534157,1.86058857804563,0.0795343391363799,6.3698238753025,3.22449894771587,0.0352373188485257,1.24534203476069,0.0799034365131829,4.65499240586182,2.78511004713147,0.0248373343073321,0.61524654328494,-0.00036909737680299,1.71483146944068,0.4393889005844,0.0103999845411936,1.43056629071714,4.89761972170372,1.13854763566826,4.25580318483842,0.0611522320761981,2.47924745614668,0.0270932118549833,0.292018655048872,3.75907208603545,2.77081540913636,-0.210950817668221,0.269650350541758
"FORB",2023,9,329.113727910994,287.110647688077,0.810211946643615,0.0368794179999391,2.9830232070172,1.36963388458307,0.0619665550881599,0.605434967034056,0.039977029878743,2.39747118304009,1.32317265382926,0.0412599059818978,0.204776979609559,-0.0030976118788039,0.58555202397711,0.0464612307538099,0.0207066491062621,1.11667216475678,4.11134271211238,0.956513815346223,3.78771368245618,0.0508289463066593,1.88769375859914,0.0854052171156802,0.160158349410558,3.15482889676616,2.51734599785697,-0.68871886698561,-0.0914013573963856
"FORB",2023,10,428.629801450923,369.848855221306,1.15915179905297,0.0498571855413376,4.24194837305233,1.95290463177,0.0204598848372963,0.850393874292723,0.0543428751417079,3.31552746240543,1.86149654379573,0.0173976835059598,0.308757924760247,-0.0044856896003703,0.9264209106469,0.09140808797427,0.0030622013313365,1.22667918625959,4.48906673195202,1.04296297239683,4.06631853989977,0.052761658860391,2.0666727744368,0.0216517930642772,0.183716213862756,3.44610375955518,2.63208236305613,-0.510381886734781,0.0641403135944605
"FORB",2023,11,1072.98826891925,1043.06596787151,3.31561274074932,0.142677466871873,11.5951166872024,5.65600279050727,0.0558298110532885,2.54292683827287,0.163325930996377,9.73513370551651,5.58413240783824,0.0508415380633423,0.77268590247645,-0.020648464124504,1.85998298168589,0.0718703826690303,0.0049882729899462,1.40165739250694,4.90177300317794,1.10584723245679,4.23353535139616,0.060316129120655,2.39104465546321,0.0236017513213628,0.295810160050149,3.79592577072115,3.03059497380986,-0.111997011312028,0.520563799810346
"FORB",2023,12,1103.20113679431,1088.49084077752,3.43454106302855,0.155539840714429,12.3597294350435,6.53721092489353,0.0585489915099659,2.65393335266905,0.177667492519809,10.4909922916003,6.39710626923743,0.0537836545250688,0.7806077103595,-0.02212765180538,1.8687371434432,0.1401046556561,0.0047653369848971,1.41217025094511,5.08191397266574,1.10595709552391,4.3718457934572,0.0639528635304692,2.68788598618402,0.0240734184031866,0.306213155421202,3.97595687714183,3.04265470068705,-0.107567163341669,0.535868713124769
"FORB",2024,1,34.475605026,17.5747431962575,0.0276656089714815,0.0102225945238029,0.303143630172401,0.179902462734881,0.00076004420251322,0.0141031889846511,0.00521120581987795,0.154534530948574,0.0917094734249153,0.00038745024683107,0.0135624199868304,0.00501138870392495,0.148609099223827,0.0881929893099657,0.00037259395568215,0.364,3.9885,0.364,3.98850000000001,0.1345,2.367,0.0099999999999999,-0.000000000000000222044604925031,3.6245,1.53751189652004,-1.8676628109737,-1.55805976571575
"FORB",2024,2,8.596744698,0,0.00584993062194885,0.00096656521075396,0.0450747894034612,0.0166148137534832,0.00107396134528219,0,0,0,0,0,0.00584993062194885,0.00096656521075396,0.0450747894034612,0.0166148137534832,0.00107396134528219,0.308666666666666,2.37833333333333,NA,NA,0.0509999999999996,0.876666666666664,0.0566666666666668,NA,NA,0.93433402946058,-2.232849284462,-2.232849284462
"FORB",2024,3,25.347102924,2.1666499916705,0.0145287626989418,0.00117347698722222,0.097761809006918,0.0310133203765873,0.0100024943196561,0.0012419069617159,0.00010030786998474,0.00835660088277678,0.0026509937067397,0.00085500517748902,0.0132868557372259,0.00107316911723748,0.0894052081241412,0.0283623266698476,0.00914748914216708,0.26,1.7495,0.260000000000001,1.7495,0.021,0.555,0.179,-0.000000000000000999200722162641,1.4895,1.40392832832338,-1.87657778034644,-1.83777136959065
"FORB",2024,4,2234.28677754576,2143.37482671104,7.16350825819144,0.305401323733803,24.351889874945,12.4293060602632,0.122580645661984,5.36260380626901,0.344248890367348,20.0524913003918,11.9799174283803,0.108209400588877,1.80090445192243,-0.038847566633545,4.2993985745532,0.449388631882899,0.014371245073107,1.45431973127679,4.94386725924614,1.13488180238461,4.24368614416128,0.0620019067551483,2.52337044894852,0.02488605376493,0.319437928892183,3.80898545686153,3.34913891538317,0.255490671673712,0.855125765886682
"FORB",2024,5,2045.07480582053,1950.96639056957,6.51557491293095,0.283479827714022,22.2074358029503,11.284490311061,0.113410473210458,4.86034583824395,0.315162715642701,18.206888233974,10.8384415195623,0.0994585195617933,1.655229074687,-0.031682887928679,4.0005475689763,0.446048791498701,0.0139519536486647,1.44516218775659,4.92563541027861,1.1300311901241,4.23310444651974,0.0628761595835555,2.50291323844438,0.025154576498547,0.315130997632487,3.79560422015451,3.3107091984856,0.21885810626161,0.813952742458062
"FORB",2024,6,1275.37652697302,1200.90653282244,4.09859271522337,0.174438070239213,13.9579750194147,7.10924571321424,0.0861465449159609,3.01430620282973,0.193403432620326,11.2672439309502,6.74126003644056,0.0601178863112364,1.08428651239364,-0.018965362381113,2.6907310884645,0.36798567677368,0.0260286586047245,1.45770414956418,4.96428884717936,1.13854763566827,4.25580318483842,0.0620405872203894,2.52847201380412,0.0306388520938386,0.31915651389591,3.82574121151109,3.10563841962952,0.0351440555513402,0.612634763810699
"FORB",2024,7,1609.06094551273,1523.11396619401,5.05249921835942,0.231320307967889,17.2566912831384,8.72536201021973,0.0869298341596713,3.79274632923952,0.247906214662982,14.2012405375538,8.46011568136612,0.0763188532673874,1.2597528891199,-0.016585906695093,3.0554507455846,0.26524632885361,0.0106109808922839,1.42431748892988,4.86472261219247,1.1295213445137,4.22928477501327,0.0652100170517775,2.45971056526669,0.024505829244561,0.294796144416186,3.73520126767878,3.20657249394279,0.100285363040818,0.703506255000362
"FORB",2024,8,2804.29245967459,2695.26653901731,8.77283118736652,0.375640530876684,30.116457997671,15.1882812915845,0.172883189347075,6.67164962201636,0.428734026412598,25.0731330692402,14.8843512116231,0.144600672096684,2.10118156535016,-0.053093495535914,5.0433249284308,0.3039300799614,0.028282517250391,1.41902325945391,4.87139823830242,1.12280556476985,4.21968402589007,0.0607606186786367,2.45673534159921,0.0279642069489903,0.296217694684054,3.74859267353257,3.44782330423025,0.322463581878919,0.94313977245664
"FORB",2024,9,766.899366054054,721.828799428318,2.40397237452228,0.102959907063697,8.23173299052018,4.16733412039854,0.0541506769296026,1.79197359246589,0.115171061278504,6.72139635990712,4.00230045403246,0.0407636703734812,0.61199878205639,-0.012211154214807,1.51033663061306,0.165033666366081,0.0133870065561214,1.42188390987201,4.86884492252504,1.1260831130405,4.22375138158593,0.0608979690313125,2.46486415387067,0.0320286443600169,0.295800796831512,3.74276180948454,2.88473837876671,-0.213249442146458,0.380929472622936
"FORB",2024,10,41.033946342,14.1554966726756,0.0227966368566667,0.00123632554381393,0.226006340265498,0.00946844440872134,0.00090462844669312,0.00786416481815309,0.0004264957110374,0.0779654964445203,0.00326633300648157,0.00031207003246639,0.0149324720385136,0.00080982983277653,0.148040843820978,0.00620211140223977,0.00059255841422673,0.252,2.49833333333333,0.251999999999999,2.49833333333332,0.0136666666666666,0.104666666666667,0.00999999999999998,0.0000000000000010547118733939,2.24633333333333,1.61314328621229,-1.82586828980912,-1.64212921889102
"FORB",2024,11,6.824220018,0.374872642999642,0.00667226979273148,0.00045133730277777,0.0569061115918981,0.00060930535875,0.00015044576759259,0.00036652561104572,0.0000247931642195531,0.00312600478868198,0.0000334707716963966,0.00000826438807318435,0.00630574418168576,0.000426544138558217,0.0537801068032161,0.000575834587053603,0.000142181379519406,0.4435,3.7825,0.443499999999993,3.7825,0.0299999999999995,0.0405,0.00999999999999983,0.00000000000000699440505513849,3.339,0.834053020366817,-2.20026365216341,-2.17572640135029
"FORB",2024,12,14.446076142,4.41868507969645,0.00791943915485891,0.0031847610542328,0.236447276536424,0.185055848991287,0.00046709828795414,0.00242235381353142,0.00097413692233167,0.0723231722369776,0.0566038494336189,0.00014287341527531,0.00549708534132749,0.00221062413190113,0.164124104299446,0.128451999557668,0.00032422487267883,0.248666666666667,7.42433333333333,0.248666666666667,7.42433333333334,0.0999999999999999,5.81066666666665,0.0146666666666665,-0.00000000000000024980018054066,7.17566666666666,1.15974989959829,-2.25986752063298,-2.10130557353355
"FORB",2025,1,45.022126872,34.2385918836875,0.036128867242963,0.0133498149565344,0.395879085160873,0.234936892209048,0.00099255129788359,0.0274754132399962,0.0101523161559876,0.301059576120123,0.178665667964481,0.00075481904505484,0.0086534540029668,0.0031974988005468,0.09481950904075,0.056271224244567,0.00023773225282875,0.364,3.9885,0.364000000000001,3.98850000000001,0.1345,2.367,0.00999999999999992,-0.000000000000000444089209850063,3.6245,1.65342600747825,-2.06281051045221,-1.44214565475754
"FORB",2025,2,105.8019981492,81.5380211775756,0.181023490810606,0.0129629455302002,0.799656011282484,0.361913227814495,0.0101844034423673,0.127125498683589,0.0110712370309361,0.589597891257587,0.301717924114634,0.00725469232529179,0.053897992127017,0.0018917084992641,0.210058120024897,0.060195303699861,0.00292971111707551,0.776093617021275,3.42832813238771,0.707205367141466,3.27996190748854,0.0555754352030947,1.55161379754997,0.043663120567376,0.0688882498798092,2.72112276524624,2.02449386974999,-1.26842741337354,-0.742265064537125
"FORB",2025,3,1525.16213669523,1418.29546082212,4.72071343638102,0.20250917242656,16.1813778081378,8.22283390788721,0.108651183288762,3.4842478981833,0.223927859561778,13.0908639537149,7.78996681740884,0.0844692037174536,1.23646553819772,-0.021418687135218,3.0905138544229,0.43286709047837,0.0241819795713084,1.40399211547587,4.81251979522359,1.11433399476568,4.18672699266984,0.0602284559802467,2.44556127566847,0.0323140573411906,0.289658120710187,3.69818580045791,3.18331601504614,0.0921820165492102,0.674007638055545
"FORB",2025,4,15153.4901448217,15070.2929963665,48.8453917457478,2.07907631807964,165.942195942052,84.8611812143,0.821890224426242,37.7895249905926,2.42502089024422,141.270459536016,84.4850531858666,0.756387070262729,11.0558667551552,-0.34594457216458,24.671736406036,0.376128028433399,0.065503154163513,1.46212321281263,4.96726360461829,1.137425034793,4.25209254133193,0.0622344429479959,2.5402089836024,0.0246022138950703,0.324698178019633,3.8298385698253,4.18051267086276,1.04359279596269,1.68882359704564
"FORB",2025,5,770.70572761127,709.331954748469,2.34657520416985,0.109904856963921,8.09343470501985,4.01388380623947,0.0463445906716986,1.74110176110202,0.115271436860406,6.55030125999357,3.86017754342797,0.0374343691450217,0.60547344306783,-0.00536657989648501,1.54313344502628,0.1537062628115,0.0089102215266769,1.38108031960587,4.76340300931133,1.11339092162559,4.18875342023282,0.0646846667058629,2.36237727226098,0.0272761776324641,0.267689397980279,3.65001208768575,2.88688858652036,-0.217904900881016,0.370434477249819
"FORB",2025,6,1261.75428404881,1180.88119685634,3.92744793764109,0.167684084662124,13.6080380417197,6.7196890399824,0.193384213720642,2.92315832201767,0.187244851294404,11.0269155137594,6.48107466618591,0.110182501640367,1.00428961562342,-0.01956076663228,2.5811225279603,0.23861437379649,0.083201712080275,1.41191546328452,4.89208250271752,1.1228433634112,4.23565799028449,0.0602823400437902,2.41572466768665,0.0695215228928756,0.289072099873317,3.76923913930632,3.10097478797327,0.0018589721013036,0.594110436730458
"FORB",2025,7,222.243914376517,163.267613096487,0.630587400946537,0.036739274541951,2.19972414042566,1.0617911074231,0.0120164251841112,0.38748129836459,0.0282177981603578,1.46623520355697,0.850319304479445,0.00822563573541509,0.243106102581947,0.0085214763815932,0.73348893686869,0.211471802943655,0.00379078944869611,1.28702936983355,4.48963866073135,1.07652407972858,4.07358370542475,0.0749848875681513,2.16711646606063,0.0245255330333975,0.210505290104963,3.41311458100277,2.34682987767877,-0.614204139122934,-0.200254710648149
"FORB",2025,8,0,0,0,0,0,0,0,0,0,0,0,0,0,0,0,0,0,NA,NA,NA,NA,NA,NA,NA,NA,NA,-Inf,-Inf,-Inf
"FORB",2025,9,2.55696598206878,0,0.00074221161296088,0.00010334592079202,0.00939508370836559,0.00014092625562548,0.00145247994131332,0,0,0,0,0,0.00074221161296088,0.00010334592079202,0.00939508370836559,0.00014092625562548,0.00145247994131332,0.131666666666666,1.66666666666667,NA,NA,0.0183333333333331,0.0249999999999993,0.257666666666667,NA,NA,0.407724950201506,-3.12947225477655,-3.12947225477655
"FORB",2025,10,54.0265522464,42.110926173296,0.030014751248,0.0016277841285291,0.297566879105503,0.012466444301418,0.00119106155746032,0.0233949589851644,0.00126877423067691,0.231938118510327,0.0097169538642085,0.00092837138830017,0.0066197922628356,0.00035900989785219,0.065628760595176,0.0027494904372095,0.00026269016916015,0.252,2.49833333333334,0.252,2.49833333333333,0.0136666666666667,0.104666666666667,0.01,0.00000000000000049960036108132,2.24633333333334,1.73260725352588,-2.17915563903761,-1.52266525157743
"FORB",2025,11,785.53554544665,763.767584014438,2.51159706737615,0.107119463459582,8.58719248219073,4.34740725587344,0.0420688175783332,1.90306697946568,0.122135404334482,7.15634316362874,4.23688514517946,0.0379783985242582,0.60853008791047,-0.0150159408749,1.43084931856199,0.110522110693981,0.004090419054075,1.45029774446941,4.95859230368367,1.13022757178094,4.25013751167611,0.0618551113401734,2.51036880850877,0.0242922370147895,0.320070172688468,3.82836473190273,2.8951658416256,-0.215717943825956,0.399949967289999
"FORB",2025,12,931.943954136548,912.529254668409,2.79851778417904,0.134581029709873,10.6481233336381,5.79845877521796,0.0486284636458475,2.15988699696805,0.15091545062214,9.02657025350531,5.60149186275458,0.0445016667236353,0.63863078721099,-0.016334420912267,1.62155308013279,0.19696691246338,0.0041267969222122,1.36210730405964,5.18270301845915,1.07363652925376,4.4869271270408,0.0655038908782426,2.82225222746978,0.0236686669963895,0.288470774805882,4.10906648920539,2.96938979524978,-0.194750148756874,0.446928071130646
"GORF",2024,1,0,0,0,0,0,0,0,0,0,0,0,0,0,0,0,0,0,NA,NA,NA,NA,NA,NA,NA,NA,NA,-Inf,-Inf,-Inf
"GORF",2024,2,0,0,0,0,0,0,0,0,0,0,0,0,0,0,0,0,0,NA,NA,NA,NA,NA,NA,NA,NA,NA,-Inf,-Inf,-Inf
"GORF",2024,3,0,0,0,0,0,0,0,0,0,0,0,0,0,0,0,0,0,NA,NA,NA,NA,NA,NA,NA,NA,NA,-Inf,-Inf,-Inf
"GORF",2024,4,0,0,0,0,0,0,0,0,0,0,0,0,0,0,0,0,0,NA,NA,NA,NA,NA,NA,NA,NA,NA,-Inf,-Inf,-Inf
"GORF",2024,5,36.6300978879752,33.4166836156771,0.0125861164007876,0.00429535350433236,0.0779393239264174,0.0118747104936243,0.00539130314509755,0.0114819859614209,0.00391853905252282,0.0711020138912555,0.0108329888936351,0.00491834534613875,0.0011041304393667,0.00037681445180954,0.0068373100351619,0.0010417215999892,0.000472957798958801,0.155857142857142,0.965142857142857,0.155857142857143,0.965142857142857,0.0531904761904762,0.147047619047619,0.0667619047619048,-0.000000000000000277555756156289,0.809285714285715,1.56383807924742,-2.95697961704989,-1.90010825606335
"GORF",2024,6,4.60690655352011,0.502702067750354,0.00158293494894509,0.00054021947386851,0.00980229928054354,0.00149346260994269,0.00067805523935869,0.00017272863313039,0.000058948329730111,0.00106961929003571,0.00016296548093695,0.00007398886148757,0.0014102063158147,0.000481271144138399,0.00873267999050783,0.00133049712900574,0.00060406637787112,0.155857142857143,0.965142857142857,0.155857142857137,0.965142857142856,0.0531904761904753,0.147047619047619,0.0667619047619042,0.00000000000000655031584528842,0.80928571428572,0.663409403113942,-2.85071734460343,-2.80053693219682
"GORF",2024,7,5.148137070824,4.8179278416555,0.00176890197287383,0.00060368576342806,0.0109538970932499,0.00166891820722102,0.00075771480781213,0.0016554419486162,0.00056496445359129,0.0102512977129707,0.00156187129157556,0.0007091138441674,0.00011346002425763,0.00003872130983677,0.0007025993802792,0.00010704691564546,0.00004860096364473,0.155857142857143,0.965142857142861,0.155857142857143,0.965142857142857,0.0531904761904754,0.147047619047619,0.0667619047619045,-0.000000000000000194289029309402,0.809285714285718,0.711650101618129,-3.94515712791962,-2.75229623369264
"GORF",2024,8,14.6770342847613,9.82205633346646,0.00504303489691189,0.00172107240447619,0.0312289127071831,0.00475798709491717,0.00216020009944102,0.0033748625156878,0.00115176334556165,0.0208987819944883,0.0031841049338356,0.00144563313382044,0.00166817238122409,0.00056930905891454,0.0103301307126948,0.00157388216108157,0.00071456696562058,0.155857142857143,0.965142857142861,0.155857142857143,0.965142857142855,0.0531904761904763,0.147047619047619,0.0667619047619049,0.000000000000000638378239159465,0.809285714285719,1.1666383087215,-2.7777590733948,-2.29730802658926
"GORF",2024,9,18.482509699647,17.1896696953785,0.00635059778354587,0.00216731369514841,0.0393259749089238,0.00599164251622049,0.00272029883670373,0.0059063774369041,0.00201571145646865,0.0365751475377856,0.00557253086622666,0.00253001563291767,0.00044422034664177,0.00015160223867976,0.00275082737113819,0.00041911164999383,0.00019028320378606,0.155857142857143,0.965142857142855,0.155857142857142,0.965142857142855,0.0531904761904762,0.147047619047619,0.0667619047619046,0.000000000000000166533453693773,0.809285714285712,1.26676094278797,-3.35240155332497,-2.1971853925228
"GORF",2024,10,19.1180092158796,17.8667131942457,0.00656895567350863,0.00224183424604618,0.0406781526399856,0.00619765814842489,0.00281383313604006,0.0061390098560475,0.00209510357751453,0.0380157200618303,0.00579201418743498,0.00262966447240409,0.00042994581746113,0.00014673066853165,0.0026624325781553,0.000405643960989911,0.00018416866363597,0.155857142857143,0.965142857142855,0.155857142857143,0.965142857142854,0.0531904761904761,0.147047619047619,0.0667619047619048,0,0.809285714285712,1.28144266662356,-3.3665862715374,-2.18250366868721
"GORF",2024,11,16.4548238962984,15.7230509334784,0.00565388412410605,0.00192954126691918,0.0350115867483598,0.00533430924999679,0.00242185931622264,0.00540244663908572,0.00184373140722846,0.0334545641555116,0.00509708378291986,0.00231415526672721,0.00025143748502033,0.0000858098596907199,0.0015570225928482,0.000237225467076931,0.00010770404949543,0.155857142857143,0.965142857142858,0.155857142857143,0.96514285714286,0.0531904761904763,0.147047619047619,0.0667619047619048,-0.000000000000000610622663543836,0.809285714285714,1.21629323872549,-3.59956997595824,-2.24765309658527
"GORF",2024,12,0,0,0,0,0,0,0,0,0,0,0,0,0,0,0,0,0,NA,NA,NA,NA,NA,NA,NA,NA,NA,-Inf,-Inf,-Inf
"GORF",2025,1,133.23449793635,126.659921379778,0.0457794272009821,0.0156234708779398,0.283488368624963,0.0431918335461756,0.0196097638056147,0.0435204000457728,0.0148525166059054,0.269499379201871,0.0410604935353946,0.0186421023110826,0.00225902715520929,0.000770954272034399,0.013988989423092,0.002131340010781,0.000967661494532097,0.155857142857143,0.965142857142859,0.155857142857143,0.965142857142858,0.0531904761904763,0.14704761904762,0.066761904761905,0.00000000000000049960036108132,0.809285714285716,2.12461668972598,-2.64607854850121,-1.33932964558478
"GORF",2025,2,89.3752566478641,97.0297852016339,0.0307093742135361,0.0104804066594928,0.190167307228826,0.0289735861813014,0.0131544584929354,0.0333394733103372,0.0113779992935064,0.20645415369811,0.031455024009264,0.0142810698384029,-0.0026300990968011,-0.000897592634013599,-0.016286846469284,-0.0024814378279626,-0.0011266113454675,0.155857142857143,0.965142857142855,0.155857142857143,0.965142857142857,0.0531904761904764,0.147047619047619,0.0667619047619047,0,0.809285714285711,1.95121730192065,NA,-1.51272903339012
"GORF",2025,3,69.1909710271184,53.0557318607114,0.0237740455374736,0.00811353769182952,0.14722039564727,0.0224302635562843,0.0101836883114995,0.0182299708553906,0.00622147187457112,0.112888802107258,0.0171995569818045,0.0078088662203659,0.005544074682083,0.0018920658172584,0.034331593540012,0.0052307065744798,0.0023748220911336,0.155857142857143,0.965142857142857,0.155857142857143,0.965142857142856,0.0531904761904762,0.147047619047619,0.0667619047619045,-0.00000000000000024980018054066,0.809285714285714,1.84004942554149,-2.25617092814407,-1.62389690976927
"GORF",2025,4,31.664712227277,27.6688237232878,0.0108800078861046,0.00371309771120648,0.0673742743157859,0.0102650364657167,0.00466048611558772,0.00950701898529448,0.00324452801911822,0.0588720625707145,0.00896965310925431,0.00407236193626118,0.00137298890081012,0.00046856969208826,0.0085022117450714,0.00129538335646239,0.00058812417932654,0.155857142857143,0.965142857142857,0.155857142857143,0.965142857142859,0.0531904761904762,0.147047619047618,0.0667619047619048,0.000000000000000305311331771918,0.809285714285714,1.50057554546065,-2.86233297356907,-1.96337078985011
"GORF",2025,5,46.6285264787185,42.414128833218,0.0160215804951757,0.00546779878188551,0.0992133802249378,0.0151159916190353,0.00686289515864233,0.014573511765256,0.00497360606226426,0.0902462378424101,0.0137497721757136,0.00624261029480259,0.0014480687299197,0.00049419271962125,0.00896714238252769,0.0013662194433217,0.00062028486383974,0.155857142857143,0.965142857142858,0.155857142857143,0.965142857142857,0.0531904761904762,0.147047619047619,0.0667619047619048,-0.0000000000000000555111512312578,0.809285714285715,1.66865169140832,-2.83921082466063,-1.79529464390244
"GORF",2025,6,49.6243761374471,62.4055700775354,0.0170509556456144,0.00581910096429919,0.105587769332512,0.0160871833283401,0.0073038312909109,0.0214425790358375,0.00731786152857636,0.13278282673338,0.0202305786931458,0.00918499719164195,-0.0043916233902231,-0.00149876056427717,-0.027195057400868,-0.0041433953648057,-0.00188116590073105,0.155857142857143,0.965142857142856,0.155857142857143,0.965142857142855,0.0531904761904761,0.147047619047619,0.0667619047619048,-0.0000000000000000832667268468867,0.809285714285713,1.69569505998745,NA,-1.76825127532332
"GORF",2025,7,16.7304294592395,15.0636416398226,0.0057485823066359,0.00196185958952408,0.0355980037246858,0.00542365480076128,0.00246242358506066,0.00517587333996173,0.00176640712518706,0.0320515126349968,0.00488331710168097,0.00221710187064661,0.00057270896667417,0.00019545246433702,0.003546491089689,0.00054033769908031,0.00024532171441405,0.155857142857143,0.96514285714286,0.155857142857143,0.965142857142861,0.0531904761904764,0.147047619047619,0.0667619047619049,-0.0000000000000000832667268468867,0.809285714285717,1.22350708916228,-3.24206601725924,-2.24043924614848
"GORF",2025,8,27.0893919293972,24.6393944845825,0.00930792598733065,0.00317658213499797,0.0576391823743409,0.00878181345825758,0.00398707981492135,0.00846610587763905,0.00288928819594342,0.052426224848148,0.00798757560346758,0.00362648348318055,0.0008418201096916,0.00028729393905455,0.00521295752619291,0.000794237854790001,0.0003605963317408,0.155857142857142,0.965142857142856,0.155857142857143,0.965142857142858,0.0531904761904762,0.147047619047619,0.0667619047619047,-0.000000000000000388578058618805,0.809285714285713,1.43279925661415,-3.07478070388643,-2.03114707869662
"GORF",2025,9,0.424265609770452,0,0.00014577783454886,0.0000497506389218102,0.00090272690211929,0.00013753802416342,0.0000624444008669453,0,0,0,0,0,0.00014577783454886,0.0000497506389218102,0.00090272690211929,0.00013753802416342,0.0000624444008669453,0.155857142857135,0.965142857142856,NA,NA,0.0531904761904762,0.14704761904761,0.0667619047619048,NA,NA,-0.372362169959121,-3.83630850526991,-3.83630850526991
"GORF",2025,10,0,0.167176540242247,0,0,0,0,0,0.0000574419266201472,0.0000196036150426839,0.0003557082092078,0.0000541951327231942,0.0000246054326677196,-0.0000574419266201472,-0.0000196036150426839,-0.0003557082092078,-0.0000541951327231942,-0.0000246054326677196,NA,NA,0.155857142857143,0.965142857142845,NA,NA,NA,NA,NA,-Inf,NA,-Inf
"GORF",2025,11,51.0655428940265,49.8190918563533,0.0175461411241443,0.0059880964361959,0.10865419746537,0.0165543794046311,0.00751594557166217,0.0171178600451252,0.00584193390479829,0.106002073753314,0.0161503060859598,0.007332490004053,0.000428281079019099,0.00014616253139761,0.002652123712056,0.000404073318671299,0.000183455567609171,0.155857142857143,0.965142857142857,0.155857142857143,0.965142857142856,0.0531904761904763,0.147047619047619,0.0667619047619048,-0.0000000000000000555111512312578,0.809285714285713,1.70812795339102,-3.36827111182596,-1.75581838191974
"GORF",2025,12,98.3802438247824,64.1378395309134,0.0338034914376536,0.011536358061674,0.209327578508513,0.0318928144086386,0.0144798334847511,0.0220377875183379,0.00752099256278138,0.136468645713924,0.0207921441664001,0.00943995664549641,0.0117657039193157,0.00401536549889262,0.072858932794589,0.0111006702422385,0.00503987683925469,0.155857142857143,0.965142857142858,0.155857142857143,0.965142857142858,0.0531904761904761,0.147047619047619,0.0667619047619048,0.000000000000000166533453693773,0.809285714285715,1.9929078945765,-1.92938208471156,-1.47103844073427
"LITP",2025,1,0,0,0,0,0,0,0,0,0,0,0,0,0,0,0,0,0,NA,NA,NA,NA,NA,NA,NA,NA,NA,-Inf,-Inf,-Inf
"LITP",2025,2,0,0,0,0,0,0,0,0,0,0,0,0,0,0,0,0,0,NA,NA,NA,NA,NA,NA,NA,NA,NA,-Inf,-Inf,-Inf
"LITP",2025,3,0,0,0,0,0,0,0,0,0,0,0,0,0,0,0,0,0,NA,NA,NA,NA,NA,NA,NA,NA,NA,-Inf,-Inf,-Inf
"LITP",2025,4,1424.928,5943.921,0.17,0.022,16.577,15.274,1.659,0.524,0.092,12.881,0.079,1.717,-0.354,-0.07,3.696,15.195,-0.0580000000000001,0.0541164185137775,5.27698746884053,0.0399881492368422,0.982991126564435,0.00700330121943003,4.86220103752611,0.528112578319747,0.0141282692769354,5.23699931960369,3.15379292049002,NA,-0.769551078621726
"LITP",2025,5,17857.308,47221.513,4.435,0.798,392.024,355.87,10.473,4.571,0.771,131.998,46.851,14.628,-0.136,0.027,260.026,309.019,-4.155,0.112655054166059,9.95794474732698,0.0439080721534695,1.26794524351645,0.0202702893403642,9.03958379392907,0.266028496568464,0.0687469820125895,9.91403667517351,4.2518159893306,NA,0.646893624167745
"LITP",2025,6,26919.907,4698.425,8.499,5.286,649.396,624.187,39.807,0.892,0.307,12.097,1.872,2.824,7.607,4.979,637.299,622.315,36.983,0.143208013311487,10.9423121558332,0.086116347499428,1.16788055571814,0.0890690149858244,10.5175409112669,0.670747309788254,0.0570916658120593,10.8561958083338,4.43007355520065,0.881213416255019,0.9293678292401
"LITP",2025,7,34012.51,28029.936,10.645,3.387,244.492,242.232,53.018,17.372,8.049,69.445,0.028,21.339,-6.727,-4.662,175.047,242.204,31.679,0.14196458891155,3.26061120452445,0.28112583632014,1.12380748925006,0.045169944823243,3.23047123543661,0.707062336769618,-0.13916124740859,2.97948536820431,4.53163868247452,NA,1.02714566577434
"LITP",2025,8,50751.131,6460.081,37.792,16.927,99.566,29.842,48.768,4.311,2.184,12.022,0.003,5.413,33.481,14.743,87.544,29.839,43.355,0.337774762103331,0.889894209451214,0.302700476975443,0.844134802644115,0.15128898703755,0.266719793889914,0.435875306897101,0.0350742851278877,0.587193732475771,4.70544572504014,1.52479842088622,1.57739987593342
"LITP",2025,9,18881.68,5711.013,5.12,0.763,17.883,2.847,32.727,1.02,0.239,4.797,0.05,6.358,4.1,0.524,13.086,2.797,26.369,0.122999224645265,0.429608424674076,0.0810139987424298,0.381004070556309,0.018329767266472,0.0683942954228649,0.786210083001089,0.0419852259028348,0.348594425931646,4.27604063309075,0.612783856719735,0.709269960975831
"LITP",2025,10,0,0,0,0,0,0,0,0,0,0,0,0,0,0,0,0,0,NA,NA,NA,NA,NA,NA,NA,NA,NA,-Inf,-Inf,-Inf
"LITP",2025,11,0,0,0,0,0,0,0,0,0,0,0,0,0,0,0,0,0,NA,NA,NA,NA,NA,NA,NA,NA,NA,-Inf,-Inf,-Inf
"LITP",2025,12,0,0,0,0,0,0,0,0,0,0,0,0,0,0,0,0,0,NA,NA,NA,NA,NA,NA,NA,NA,NA,-Inf,-Inf,-Inf
"MAGM",2024,1,0,0,0,0,0,0,0,0,0,0,0,0,0,0,0,0,0,NA,NA,NA,NA,NA,NA,NA,NA,NA,-Inf,-Inf,-Inf
"MAGM",2024,2,0,0,0,0,0,0,0,0,0,0,0,0,0,0,0,0,0,NA,NA,NA,NA,NA,NA,NA,NA,NA,-Inf,-Inf,-Inf
"MAGM",2024,3,74612.2007,0,21.32635,3.2898,344.5005,181.4892,28.4406,13.16755,2.3851,199.36395,177.45915,22.80675,8.1588,0.9047,145.13655,4.03005000000002,5.63385,0.129652151648705,2.09436828473014,Inf,Inf,0.0200001241888044,1.10335173534159,0.172902769774488,-Inf,-Inf,4.87280984977074,0.911626287221736,1.32891653240665
"MAGM",2024,4,74612.2007,0,21.32635,3.2898,344.5005,181.4892,28.4406,13.16755,2.3851,199.36395,177.45915,22.80675,8.1588,0.9047,145.13655,4.03005000000002,5.63385,0.129652151648705,2.09436828473014,Inf,Inf,0.0200001241888044,1.10335173534159,0.172902769774488,-Inf,-Inf,4.87280984977074,0.911626287221736,1.32891653240665
"MAGM",2024,5,0,0,0,0,0,0,0,0,0,0,0,0,0,0,0,0,0,NA,NA,NA,NA,NA,NA,NA,NA,NA,-Inf,-Inf,-Inf
"MAGM",2024,6,0,0,0,0,0,0,0,0,0,0,0,0,0,0,0,0,0,NA,NA,NA,NA,NA,NA,NA,NA,NA,-Inf,-Inf,-Inf
"MAGM",2024,7,0,0,0,0,0,0,0,0,0,0,0,0,0,0,0,0,0,NA,NA,NA,NA,NA,NA,NA,NA,NA,-Inf,-Inf,-Inf
"MAGM",2024,8,0,0,0,0,0,0,0,0,0,0,0,0,0,0,0,0,0,NA,NA,NA,NA,NA,NA,NA,NA,NA,-Inf,-Inf,-Inf
"MAGM",2024,9,0,0,0,0,0,0,0,0,0,0,0,0,0,0,0,0,0,NA,NA,NA,NA,NA,NA,NA,NA,NA,-Inf,-Inf,-Inf
"MAGM",2024,10,0,0,0,0,0,0,0,0,0,0,0,0,0,0,0,0,0,NA,NA,NA,NA,NA,NA,NA,NA,NA,-Inf,-Inf,-Inf
"MAGM",2024,11,0,0,0,0,0,0,0,0,0,0,0,0,0,0,0,0,0,NA,NA,NA,NA,NA,NA,NA,NA,NA,-Inf,-Inf,-Inf
"MAGM",2024,12,0,0,0,0,0,0,0,0,0,0,0,0,0,0,0,0,0,NA,NA,NA,NA,NA,NA,NA,NA,NA,-Inf,-Inf,-Inf
"MAGM",2025,1,0,0,0,0,0,0,0,0,0,0,0,0,0,0,0,0,0,NA,NA,NA,NA,NA,NA,NA,NA,NA,-Inf,-Inf,-Inf
"MAGM",2025,2,0,0,0,0,0,0,0,0,0,0,0,0,0,0,0,0,0,NA,NA,NA,NA,NA,NA,NA,NA,NA,-Inf,-Inf,-Inf
"MAGM",2025,3,0,0,0,0,0,0,0,0,0,0,0,0,0,0,0,0,0,NA,NA,NA,NA,NA,NA,NA,NA,NA,-Inf,-Inf,-Inf
"MAGM",2025,4,0,0,0,0,0,0,0,0,0,0,0,0,0,0,0,0,0,NA,NA,NA,NA,NA,NA,NA,NA,NA,-Inf,-Inf,-Inf
"MAGM",2025,5,0,0,0,0,0,0,0,0,0,0,0,0,0,0,0,0,0,NA,NA,NA,NA,NA,NA,NA,NA,NA,-Inf,-Inf,-Inf
"MAGM",2025,6,0,0,0,0,0,0,0,0,0,0,0,0,0,0,0,0,0,NA,NA,NA,NA,NA,NA,NA,NA,NA,-Inf,-Inf,-Inf
"MAGM",2025,7,427326.818,58564.48,234.87,119.895,993.63,232.561,413.063,21.507,6.123,134.91,8.664,33.391,213.363,113.772,858.72,223.897,379.672,0.249310428254002,1.05472099810969,0.166578362857486,1.04491965095566,0.127266461427656,0.246859464832371,0.438459204776612,0.0827320653965157,0.888142635252209,5.63076014894624,2.32911910914173,2.37082754778438
"MAGM",2025,8,91915.758,200419.881,32.829,7.025,107.271,6.416,66.507,40,6.058,247.605,9.054,106.845,-7.171,0.967000000000001,-140.334,-2.638,-40.338,0.162009591434801,0.529377406646638,0.0905299409892375,0.560391650966004,0.0346680489758894,0.0316626622390472,0.328208958468253,0.0714796504455631,0.438847465657401,4.96338997303768,NA,1.51625765394176
"MAGM",2025,9,104249.299,58794.229,22.454,5.647,40.751,6.599,65.353,9.876,1.805,30.218,1.263,42.955,12.578,3.842,10.533,5.336,22.398,0.0976997878901804,0.17731201818441,0.0761937638471286,0.233133166862346,0.024570709103761,0.0287129642953283,0.284357986905984,0.0215060240430518,0.101118254337281,5.01807314334406,1.09961159039253,1.35129371830978
"MAGM",2025,10,0,0,0,0,0,0,0,0,0,0,0,0,0,0,0,0,0,NA,NA,NA,NA,NA,NA,NA,NA,NA,-Inf,-Inf,-Inf
"MAGM",2025,11,0,0,0,0,0,0,0,0,0,0,0,0,0,0,0,0,0,NA,NA,NA,NA,NA,NA,NA,NA,NA,-Inf,-Inf,-Inf
"MAGM",2025,12,0,0,0,0,0,0,0,0,0,0,0,0,0,0,0,0,0,NA,NA,NA,NA,NA,NA,NA,NA,NA,-Inf,-Inf,-Inf
"MARR",2025,1,0,0,0,0,0,0,0,0,0,0,0,0,0,0,0,0,0,NA,NA,NA,NA,NA,NA,NA,NA,NA,-Inf,-Inf,-Inf
"MARR",2025,2,0,0,0,0,0,0,0,0,0,0,0,0,0,0,0,0,0,NA,NA,NA,NA,NA,NA,NA,NA,NA,-Inf,-Inf,-Inf
"MARR",2025,3,363.11975649427,304.946755532748,0.172697668200358,0.14157801271762,2.31702093297114,1.61327555894863,0.058304887812748,0.0245132271539265,0.00657671948032174,0.469338617459324,0.00119576717824032,0.0370687825254498,0.148184441046431,0.135001293237298,1.84768231551182,1.61207979177039,0.0212361052872982,0.215729551737895,2.89436384663442,0.0364627582857722,0.698128420837345,0.176855666540209,2.01526295513102,0.0728329886734759,0.179266793452123,2.85790108834865,2.56004987849986,-0.829197393673887,-0.762713526326891
"MARR",2025,4,1016.16713162717,1099.98397653625,0.490803316040822,0.440246782766857,4.04323471561654,3.01968005123064,0.218651432841992,0,0,0,0,0,0.490803316040822,0.440246782766857,4.04323471561654,3.01968005123064,0.218651432841992,0.219086385720453,1.80483230555479,0,0,0.196518795430115,1.3479346345762,0.0976023400582855,0.219086385720453,1.80483230555479,3.00696514335542,-0.309092511687972,-0.309092511687972
"MARR",2025,5,804.588992021595,801.651067318709,0.357314790519542,0.291647658632406,1.8502580838046,1.21205416499521,0.100569151260875,0.17325796526846,0.0431072449471767,1.36865502707286,0.00331594191901359,0.0298434772711223,0.184056825251082,0.248540413685229,0.48160305673174,1.2087382230762,0.0707256739897527,0.201441966751782,1.04311278818893,0.0980349384535015,0.774429107113546,0.164421063757368,0.683315052397673,0.056697478419775,0.103407028298281,0.945077849735428,2.90557408647911,-0.735048073278859,-0.446949006444984
"MARR",2025,6,1826.84277405085,1792.43903221803,0.860602027486694,0.713425043677441,4.78748136889288,2.96330011744749,0.288277042354573,0.499883777559157,0.0769051965475627,8.23270129041659,0.0769051965475627,1.24201892424314,0.360718249927537,0.636519847129878,-3.44521992152371,2.88639492089993,-0.953741881888567,0.213685099348948,1.1887183614135,0.126502088732272,2.0833920921215,0.177141461984993,0.735779210103369,0.0715783910194313,0.0871830106166761,1.06221627268122,3.2617011717092,-0.442831884733692,-0.0651976351007255
"MARR",2025,7,679.087044319786,516.762948152366,0.358122997260437,0.306869412103697,2.68866140836013,1.98658880142617,0.0904915802552481,0.0335480812860139,0.0132159108096418,0.8143034275787,0.00813286819054882,0.0650629455243905,0.324574915974423,0.293653501294055,1.87435798078143,1.97845593323562,0.0254286347308576,0.239210264598772,1.79590646741576,0.0294475633861604,0.714772674918619,0.204975144931036,1.32695313195015,0.0604443585651021,0.209762701212612,1.7664589040296,2.83192544503883,-0.488685046662696,-0.445967789396871
"MARR",2025,8,2919.95857833294,3131.27934790304,1.29392584733147,1.08524148667385,7.49257117976492,4.8061167617009,0.492312906392678,0,0,0,0,0,1.29392584733147,1.08524148667385,7.49257117976492,4.8061167617009,0.492312906392678,0.201004482976139,1.16393099284364,0,0,0.168586479961747,0.746604619423116,0.0764781856827615,0.201004482976139,1.16393099284364,3.4653766907193,0.11190938837478,0.11190938837478
"MARR",2025,9,27.2179741385357,116.817573461918,0,0,0,0,0,0,0,0,0,0,0,0,0,0,0,0,0,0,0,0,0,0,0,0,1.43485579709078,-Inf,-Inf
"MARR",2025,10,322.909665694401,252.328468996186,0.0561141243405572,0.0470640383669122,0.324932894476834,0.208428507798587,0.0213503020290952,0,0,0,0,0,0.0561141243405572,0.0470640383669122,0.324932894476834,0.208428507798587,0.0213503020290952,0.0788250384086229,0.456442084561755,0,0,0.0661121362140803,0.29278520026376,0.0299913506137128,0.0788250384086229,0.456442084561755,2.50908104500142,-1.25092780984727,-1.25092780984727
"MARR",2025,11,113.459933331511,88.7941666491112,0,0,0,0,0,0,0,0,0,0,0,0,0,0,0,0,0,0,0,0,0,0,0,0,2.05484252403949,-Inf,-Inf
"MARR",2025,12,0,0,0,0,0,0,0,0,0,0,0,0,0,0,0,0,0,NA,NA,NA,NA,NA,NA,NA,NA,NA,-Inf,-Inf,-Inf
"MERW1",2025,1,0,0,0,0,0,0,0,0,0,0,0,0,0,0,0,0,0,NA,NA,NA,NA,NA,NA,NA,NA,NA,-Inf,-Inf,-Inf
"MERW1",2025,2,0,0,0,0,0,0,0,0,0,0,0,0,0,0,0,0,0,NA,NA,NA,NA,NA,NA,NA,NA,NA,-Inf,-Inf,-Inf
"MERW1",2025,3,0,0,0,0,0,0,0,0,0,0,0,0,0,0,0,0,0,NA,NA,NA,NA,NA,NA,NA,NA,NA,-Inf,-Inf,-Inf
"MERW1",2025,4,0,0,0,0,0,0,0,0,0,0,0,0,0,0,0,0,0,NA,NA,NA,NA,NA,NA,NA,NA,NA,-Inf,-Inf,-Inf
"MERW1",2025,5,0,0,0,0,0,0,0,0,0,0,0,0,0,0,0,0,0,NA,NA,NA,NA,NA,NA,NA,NA,NA,-Inf,-Inf,-Inf
"MERW1",2025,6,1362.60408781226,1362.60408781226,0.732970452879613,0.0931232952429016,11.8266584958485,1.36881230749512,0.903195831280616,0.703932005975912,0.0280371211484005,5.6054215781695,0.0360477271908006,0.178235984443403,0.0290384469037011,0.0650861740945011,6.221236917679,1.33276458030432,0.724959846837213,0.244000000000001,3.93700000000001,0.234333333333334,1.86600000000001,0.0310000000000001,0.455666666666667,0.300666666666668,0.00966666666666688,3.70266666666667,3.13436968748878,-1.53702661521677,-0.134913532057342
"MERW1",2025,7,36790.3103709311,36790.3103709311,35.7278036119823,6.75894884827512,415.432032010382,0.973288634151617,5.8397318049097,43.2707905266573,0.648859089434411,455.999242997729,1.37882556504812,15.4915107602466,-7.542986914675,6.11008975884071,-40.567210987347,-0.405536930896503,-9.6517789553369,0.440500000000001,5.122,0.5335,5.62216666666667,0.0833333333333334,0.012,0.072,-0.0929999999999996,4.5885,4.56573345164777,NA,1.55300631851098
"MERW1",2025,8,16351.2490537472,16351.2490537472,15.8790238275477,3.00397726590005,184.636458671281,0.432572726289607,2.59543635773764,19.2314624562921,0.288381817526405,202.666330221213,0.612811362243611,6.88511589344292,-3.3524386287444,2.71559544837364,-18.029871549932,-0.180238635954004,-4.28967953570528,0.4405,5.12199999999999,0.533499999999998,5.62216666666666,0.0833333333333331,0.012,0.0719999999999997,-0.0929999999999981,4.5885,4.2135509335364,NA,1.20082380039962
"MERW1",2025,9,2725.20817562453,2725.20817562453,2.64650397125795,0.500662877650009,30.7727431118801,0.0720954543816012,0.432572726289607,3.20524374271536,0.0480636362544008,33.7777217035355,0.102135227040602,1.14751931557382,-0.55873977145741,0.452599241395608,-3.0049785916554,-0.0300397726590008,-0.714946589284213,0.4405,5.12199999999999,0.5335,5.62216666666666,0.0833333333333333,0.012,0.0719999999999998,-0.093,4.58849999999999,3.43539968315276,NA,0.422672550015977
"MERW1",2025,10,0,0,0,0,0,0,0,0,0,0,0,0,0,0,0,0,0,NA,NA,NA,NA,NA,NA,NA,NA,NA,-Inf,-Inf,-Inf
"MERW1",2025,11,0,0,0,0,0,0,0,0,0,0,0,0,0,0,0,0,0,NA,NA,NA,NA,NA,NA,NA,NA,NA,-Inf,-Inf,-Inf
"MERW1",2025,12,0,0,0,0,0,0,0,0,0,0,0,0,0,0,0,0,0,NA,NA,NA,NA,NA,NA,NA,NA,NA,-Inf,-Inf,-Inf
"MERW2",2025,1,0,0,0,0,0,0,0,0,0,0,0,0,0,0,0,0,0,NA,NA,NA,NA,NA,NA,NA,NA,NA,-Inf,-Inf,-Inf
"MERW2",2025,2,0,0,0,0,0,0,0,0,0,0,0,0,0,0,0,0,0,NA,NA,NA,NA,NA,NA,NA,NA,NA,-Inf,-Inf,-Inf
"MERW2",2025,3,0,0,0,0,0,0,0,0,0,0,0,0,0,0,0,0,0,NA,NA,NA,NA,NA,NA,NA,NA,NA,-Inf,-Inf,-Inf
"MERW2",2025,4,0,0,0,0,0,0,0,0,0,0,0,0,0,0,0,0,0,NA,NA,NA,NA,NA,NA,NA,NA,NA,-Inf,-Inf,-Inf
"MERW2",2025,5,0,0,0,0,0,0,0,0,0,0,0,0,0,0,0,0,0,NA,NA,NA,NA,NA,NA,NA,NA,NA,-Inf,-Inf,-Inf
"MERW2",2025,6,1362.60408781226,1362.60408781226,0.707937308997112,0.0881166664664015,11.4791984587594,1.39584810288822,0.915211740344216,0.280371211484005,0.0430570074779007,4.75980197781863,0.108143181572402,0.234310226740204,0.427566097513107,0.0450596589885008,6.71939648094077,1.28770492131582,0.680901513604012,0.235666666666667,3.82133333333334,0.0933333333333336,1.5845,0.0293333333333334,0.464666666666666,0.304666666666668,0.142333333333334,3.72800000000001,3.13436968748878,-0.36899673809071,-0.150005199318834
"MERW2",2025,7,9538.22861468584,9538.22861468584,8.60739619255895,1.60862982588948,102.808618611041,0.252334090335604,1.78736647321053,6.38194970140466,0.389015055934057,64.7604928925898,0.331188493565481,2.20792329043654,2.22544649115429,1.21961476995542,38.0481257184512,-0.078854403229877,-0.42055681722601,0.409333333333334,4.88916666666667,0.3035,3.07975,0.0765000000000001,0.012,0.085,0.105833333333333,4.58566666666667,3.97946772750304,0.347417156526518,0.934871793703672
"MERW2",2025,8,25889.477668433,25889.477668433,23.36293252266,4.36628095598572,279.051964801397,0.684906816625212,4.85142328442858,17.3224349038126,1.05589800896387,175.778480708458,0.898940196820591,5.9929346454706,6.0404976188474,3.31038294702185,103.273484092939,-0.214033380195379,-1.14151136104202,0.409333333333333,4.88916666666667,0.303499999999999,3.07975,0.0764999999999999,0.012,0.085,0.105833333333334,4.58566666666667,4.41312328844161,0.781072717465093,1.36852735464224
"MERW2",2025,9,17713.8531415594,17713.8531415594,15.9851643576095,2.9874553909376,190.930291706219,0.468620453480408,3.31939487881956,11.8521923026087,0.722456532448963,120.269486800524,0.615064345193036,4.10042896795357,4.1329720550008,2.26499885848864,70.660804905695,-0.146443891712628,-0.78103408913401,0.409333333333335,4.88916666666667,0.303500000000002,3.07975000000001,0.0765000000000001,0.012,0.0850000000000002,0.105833333333333,4.58566666666667,4.24831303979562,0.616262468819095,1.20371710599625
"MERW2",2025,10,0,0,0,0,0,0,0,0,0,0,0,0,0,0,0,0,0,NA,NA,NA,NA,NA,NA,NA,NA,NA,-Inf,-Inf,-Inf
"MERW2",2025,11,0,0,0,0,0,0,0,0,0,0,0,0,0,0,0,0,0,NA,NA,NA,NA,NA,NA,NA,NA,NA,-Inf,-Inf,-Inf
"MERW2",2025,12,0,0,0,0,0,0,0,0,0,0,0,0,0,0,0,0,0,NA,NA,NA,NA,NA,NA,NA,NA,NA,-Inf,-Inf,-Inf
"MERW3",2025,1,0,0,0,0,0,0,0,0,0,0,0,0,0,0,0,0,0,NA,NA,NA,NA,NA,NA,NA,NA,NA,-Inf,-Inf,-Inf
"MERW3",2025,2,0,0,0,0,0,0,0,0,0,0,0,0,0,0,0,0,0,NA,NA,NA,NA,NA,NA,NA,NA,NA,-Inf,-Inf,-Inf
"MERW3",2025,3,0,0,0,0,0,0,0,0,0,0,0,0,0,0,0,0,0,NA,NA,NA,NA,NA,NA,NA,NA,NA,-Inf,-Inf,-Inf
"MERW3",2025,4,1853.35205855569,0,0.365685646474282,0.153220242936151,91.5838250760827,68.7019139959979,1.30339353324353,0,0,0,0,0,0.365685646474282,0.153220242936151,91.5838250760827,68.7019139959979,1.30339353324353,0.0895,22.41475,NA,NA,0.0374999999999998,16.8145,0.319,NA,NA,3.2679579247507,-0.436892085818237,-0.436892085818237
"MERW3",2025,5,9628.75473009698,7082.11203633611,1.89985350163951,0.79602800348024,475.807165093566,356.928343053827,6.77154488293858,0.370811642114159,0.148324656845664,23.9739484827912,4.5590315577825,0.448877250980298,1.52904185952535,0.647703346634576,451.833216610775,352.369311496045,6.32266763195828,0.0895000000000002,22.41475,0.02375,1.5355,0.0375,16.8145,0.319,0.0657500000000002,22.391,3.98357012421518,0.184419374955833,0.278720113646241
"MERW3",2025,6,37849.2734242566,34483.368660106,7.46805549266086,3.1290735304445,1870.33069110749,1403.03485007091,26.6179854989812,1.80551147636137,0.722204590544548,116.731068292753,22.198288467264,2.18561915559534,5.66254401629949,2.40686893989995,1753.59962281474,1380.83656160365,24.4323663433859,0.0895,22.4147500000001,0.02375,1.5355,0.0375000000000001,16.8145000000001,0.319,0.06575,22.3910000000001,4.57805754695723,0.753011590908162,0.873207536388296
"MERW3",2025,7,135349.323449936,132081.472369417,115.327410743828,13.1788546128135,1017.30811305552,8.50409108977775,26.3079776987861,48.3949310136621,1.04826565372553,884.73621174435,3.49421884575178,8.32788824904173,66.9324797301659,12.130588959088,132.57190131117,5.00987224402597,17.9800894497444,0.386500000000001,3.40933333333335,0.1662,3.0384,0.0441666666666669,0.0285000000000001,0.0881666666666668,0.220300000000001,3.24313333333335,5.13145608927022,1.82563691514511,2.06193254163971
"MERW3",2025,8,76820.5860357667,74006.2528387585,65.4566942302113,7.47995859034325,577.396350656836,4.82669026018375,14.931690921855,27.1160476671113,0.58735121300602,495.724423777081,1.95783737668673,4.66617908110338,38.3406465631,6.89260737733723,81.6719268797551,2.86885288349702,10.2655118407516,0.3865,3.40933333333334,0.1662,3.0384,0.0441666666666667,0.0285,0.0881666666666666,0.2203,3.24313333333334,4.88547761591337,1.5836594323923,1.81595406828286
"MERW3",2025,9,2262.99591316674,0,1.92823615617052,0.220346089428714,17.0090551145425,0.142185589782302,0.439860684180338,0,0,0,0,0,1.92823615617052,0.220346089428714,17.0090551145425,0.142185589782302,0.439860684180338,0.386500000000001,3.40933333333334,NA,NA,0.0441666666666668,0.0285,0.0881666666666669,NA,NA,3.35468376964596,0.285160222015458,0.285160222015458
"MERW3",2025,10,0,0,0,0,0,0,0,0,0,0,0,0,0,0,0,0,0,NA,NA,NA,NA,NA,NA,NA,NA,NA,-Inf,-Inf,-Inf
"MERW3",2025,11,0,0,0,0,0,0,0,0,0,0,0,0,0,0,0,0,0,NA,NA,NA,NA,NA,NA,NA,NA,NA,-Inf,-Inf,-Inf
"MERW3",2025,12,0,0,0,0,0,0,0,0,0,0,0,0,0,0,0,0,0,NA,NA,NA,NA,NA,NA,NA,NA,NA,-Inf,-Inf,-Inf
"MONW",2024,1,0.102972206,0,0.000258794,0.0000293,0.001448337,0.000896698,0,0,0,0,0,0,0.000258794,0.0000293,0.001448337,0.000896698,0,1.14000624984183,6.38002902647342,NA,NA,0.129068614884292,3.95001941397662,0,NA,NA,-0.98727998315639,-3.5870457967711,-3.5870457967711
"MONW",2024,2,0,0,0,0,0,0,0,0,0,0,0,0,0,0,0,0,0,NA,NA,NA,NA,NA,NA,NA,NA,NA,-Inf,-Inf,-Inf
"MONW",2024,3,1758.393902,462.6744357,5.073839693,0.564890626,29.34535472,20.11982866,0,0.254463417,0.339663417,2.086751561,1.386121085,0,4.819376276,0.225227209,27.258603159,18.733707575,0,1.3088612751256,7.57000629145266,0.249472624906473,2.04582409364702,0.14572069867972,5.19016488273513,0,1.05938865021913,7.32053366654619,3.24511616897594,0.682990835454758,0.705336741650923
"MONW",2024,4,9414.831797,10182.05374,22.04573255,2.217520984,143.3127791,90.45609679,0,17.40789358,11.54532805,200.1218629,111.9598048,0,4.63783897,-9.327807066,-56.8090838,-21.50370801,0,1.06214794913983,6.9047092928919,0.775503717572011,8.91522273692498,0.106838607426095,4.35811137029749,0,0.286644231567818,6.12920557531988,3.97381256542679,0.666315665463137,1.34332453442281
"MONW",2024,5,0,0.316582383,0,0,0,0,0,0.001074255,0.000439682,0.005693167,0.0000692,0,-0.001074255,-0.000439682,-0.005693167,-0.0000692,0,NA,NA,1.53919514845524,8.15718337428776,NA,NA,NA,NA,NA,-Inf,NA,-Inf
"MONW",2024,6,0.07048873,0.093445605,0.000173721,0.00004,0.000755153,0.0000597,0,0.000106287,0.0000156,0.000376119,0.0000146,0,0.000067434,0.0000244,0.000379034,0.0000451,0,1.11790701293668,4.85946336102239,0.51593419722629,1.82574213522402,0.257402850072629,0.384173753733398,0,0.601972815710388,4.3435291637961,-1.15188031407336,-4.1711210784013,-3.76014767934877
"MONW",2024,7,302.6272527,697.2269525,0.760574784,0.086065041,4.256550108,2.63532491,0,1.258888033,0.511855574,8.192763389,2.121203279,0,-0.498313249,-0.425790533,-3.936213281,0.514121631,0,1.14000546528571,6.3800305880013,0.819003926513871,5.33002555326545,0.129000617919564,3.95001893752446,0,0.32100153877184,5.56102666148743,2.48090803526776,NA,-0.118858077229972
"MONW",2024,8,0,0,0,0,0,0,0,0,0,0,0,0,0,0,0,0,0,NA,NA,NA,NA,NA,NA,NA,NA,NA,-Inf,-Inf,-Inf
"MONW",2024,9,0,0,0,0,0,0,0,0,0,0,0,0,0,0,0,0,0,NA,NA,NA,NA,NA,NA,NA,NA,NA,-Inf,-Inf,-Inf
"MONW",2024,10,0,0,0,0,0,0,0,0,0,0,0,0,0,0,0,0,0,NA,NA,NA,NA,NA,NA,NA,NA,NA,-Inf,-Inf,-Inf
"MONW",2024,11,0,0,0,0,0,0,0,0,0,0,0,0,0,0,0,0,0,NA,NA,NA,NA,NA,NA,NA,NA,NA,-Inf,-Inf,-Inf
"MONW",2024,12,0,0,0,0,0,0,0,0,0,0,0,0,0,0,0,0,0,NA,NA,NA,NA,NA,NA,NA,NA,NA,-Inf,-Inf,-Inf
"MONW",2025,1,720.8491661,0,0.852734802,0.086828891,9.035349679,3.898341103,0,0,0,0,0,0,0.852734802,0.086828891,9.035349679,3.898341103,0,0.536590072344678,5.68556475769834,NA,NA,0.0546377616980363,2.45306176032323,0,NA,NA,2.85784440038739,-0.0691860121332348,-0.0691860121332348
"MONW",2025,2,833.6163614,49.79792448,3.107910521,2.535072193,9.35131251,5.495493208,0,0.004545078,0.00120763,0.035131041,0.01097845,0,3.103365443,2.533864563,9.316181469,5.484514758,0,1.6911234922957,5.08837824081604,0.0414002672265589,0.320002095749995,1.37942199792433,2.99029125935387,0,1.64972322506914,5.04697797358948,2.92096622994298,0.4918329198102,0.49246850665547
"MONW",2025,3,3301.12942,774.4758067,3.714740096,1.480443394,42.30015011,30.11640048,0,0.070686748,0.018781503,0.546370996,0.170740936,0,3.644053348,1.461661891,41.753779114,29.945659544,0,0.510433216382531,5.81235863509283,0.041400271790827,0.320002099021798,0.203424052219801,4.13821983923551,0,0.469032944591704,5.77095836330201,3.51866255107677,0.561584726306566,0.569928433487816
"MONW",2025,4,5507.238595,52185.78694,10.41494261,3.018273519,68.50116138,40.15088029,0,9.06390288,1.328094422,58.91123415,26.49969019,0,1.35103973,1.690179097,9.58992723,13.6511901,0,0.857819737860114,5.64205204949324,0.0787836418198507,0.512057734056276,0.248598066817259,3.3070002298573,0,0.779036096040263,5.56326840767339,3.7409338922153,0.130668120499501,1.01765688117488
"MONW",2025,5,2646.982379,248.4969101,5.402631554,1.951158775,31.5723142,13.3643027,0,0.011032692,0.003163937,0.09427386,0.000906852,0,5.391598862,1.947994838,31.47804034,13.363395848,0,0.925821679938883,5.41038800814775,0.0201387980606524,0.172085129262941,0.33436022368776,2.29017304868126,0,0.90568288187823,5.3902492100871,3.42275105020632,0.731717572974508,0.732605350748369
"MONW",2025,6,4359.992481,760.1450113,10.60198683,6.03036107,62.77848467,16.79878376,0,0.038312738,0.026342626,0.428264276,0.10821101,0,10.563674092,6.004018444,62.350220394,16.69057275,0,1.10299759622177,6.5312774667402,0.0228622929815444,0.255557390637051,0.627379930876537,1.74769299413753,0,1.08013530324023,6.50841517375865,3.63948574030918,1.02381499398989,1.02538726040145
"MONW",2025,7,1184.487776,0,3.218813958,0.757151405,17.35844344,1.429931152,0,0,0,0,0,0,3.218813958,0.757151405,17.35844344,1.429931152,0,1.2326459090016,6.6474218678505,NA,NA,0.289951390184714,0.547592625005866,0,NA,NA,3.07353058313127,0.507695875924842,0.507695875924842
"MONW",2025,8,69.73974953,0,0.148674297,0.063036672,0.870213569,0.396669789,0,0,0,0,0,0,0.148674297,0.063036672,0.870213569,0.396669789,0,0.967004636146418,5.66002713744475,NA,NA,0.410001966050938,2.58001236745193,0,NA,NA,1.84348038327606,-0.827764106366553,-0.827764106366553
"MONW",2025,9,1.93923888,0,0.006196958,0.001210748,0.025433394,0.013679481,0,0,0,0,0,0,0.006196958,0.001210748,0.025433394,0.013679481,0,1.4495069059259,5.94902857888245,NA,NA,0.283201465515172,3.19971543763603,0,NA,NA,0.287631309788269,-2.20782144727941,-2.20782144727941
"MONW",2025,10,0,0,0,0,0,0,0,0,0,0,0,0,0,0,0,0,0,NA,NA,NA,NA,NA,NA,NA,NA,NA,-Inf,-Inf,-Inf
"MONW",2025,11,0,0,0,0,0,0,0,0,0,0,0,0,0,0,0,0,0,NA,NA,NA,NA,NA,NA,NA,NA,NA,-Inf,-Inf,-Inf
"MONW",2025,12,211.3889462,0,0.531271063,0.060117515,2.973253842,1.840807629,0,0,0,0,0,0,0.531271063,0.060117515,2.973253842,1.840807629,0,1.14000546626879,6.38003058804784,NA,NA,0.129000618500647,3.95001893677258,0,NA,NA,2.32508227374787,-0.274683838375352,-0.274683838375352
"NORR",2025,1,0,0,0,0,0,0,0,0,0,0,0,0,0,0,0,0,0,NA,NA,NA,NA,NA,NA,NA,NA,NA,-Inf,-Inf,-Inf
"NORR",2025,2,6971.99091597275,0,0.538028770533017,0.107605754106603,52.219535242876,48.6070563550114,2.828494107945,0,0,0,0,0,0.538028770533017,0.107605754106603,52.219535242876,48.6070563550114,2.828494107945,0.0350043270645493,3.39741997252211,NA,NA,0.00700086541290983,3.16239091937442,0.184022747996487,NA,NA,3.84335681258232,-0.269194500263631,-0.269194500263631
"NORR",2025,3,22260.1826163995,0,1.72423866043177,0.343563806358484,164.849935732492,152.995026515633,8.94950475675313,0,0,0,0,0,1.72423866043177,0.343563806358484,164.849935732492,152.995026515633,8.94950475675313,0.0351351410655388,3.35917867956616,NA,NA,0.00700086541290985,3.117608926369,0.18236577065062,NA,NA,4.34752872284547,0.236597378504329,0.236597378504329
"NORR",2025,4,24114.8767148384,0,2.02045548013382,0.372189167393072,133.988100261506,113.517696054887,7.76280263419836,0,0,0,0,0,2.02045548013382,0.372189167393072,133.988100261506,113.517696054887,7.76280263419836,0.0380046979557964,2.52031154864755,NA,NA,0.00700086541290986,2.13526395093751,0.146018050040691,NA,NA,4.38228504597168,0.305449285392262,0.305449285392262
"NORR",2025,5,45543.34403867,0,3.81583120389456,0.702916274401629,253.049858784586,214.389463692497,14.6608251518054,0,0,0,0,0,3.81583120389456,0.702916274401629,253.049858784586,214.389463692497,14.6608251518054,0.0380046979557964,2.52031154864754,NA,NA,0.00700086541290985,2.13526395093751,0.146018050040691,NA,NA,4.65842491569991,0.581589155120492,0.581589155120492
"NORR",2025,6,9278.90949762815,0,1.49348354425453,0.143210750818928,10.0452112360134,0.081834714753673,1.80036372458081,0,0,0,0,0,1.49348354425453,0.143210750818928,10.0452112360134,0.081834714753673,1.80036372458081,0.0730090250203455,0.491060702534107,NA,NA,0.00700086541290986,0.00400049452166277,0.0880108794765812,NA,NA,3.96749693882755,0.174200441751781,0.174200441751781
"NORR",2025,7,17087.4796015392,290.279269872556,2.75030913969007,0.263728273668911,18.4986546244908,0.150701870667949,3.31544115469488,0.223368584368509,0.026241008478822,1.17316508638245,0.00768029516453325,0.0940836157655324,2.52694055532156,0.237487265190089,17.3254895381084,0.143021575503416,3.22135753892935,0.0730090250203453,0.491060702534105,0.349043147015077,1.83322661455196,0.00700086541290983,0.00400049452166276,0.0880108794765807,-0.276034121994731,0.142017555519028,4.23267800912998,0.402595025537057,0.439381512054208
"NORR",2025,8,681.302043906132,4489.79072125708,0.109658725683323,0.0105152202710036,0.73756759329468,0.00600869729771634,0.132191340549759,3.4548736393004,0.405873407482282,18.1455111198786,0.118792216824083,1.45520465609501,-3.34521491361708,-0.395358187211278,-17.4079435265839,-0.112783519526367,-1.32301331554525,0.0730090250203455,0.491060702534105,0.349043147015076,1.83322661455196,0.00700086541290986,0.00400049452166277,0.0880108794765807,-0.276034121994731,0.142017555519029,2.8333396918248,NA,-0.959956805250975
"NORR",2025,9,2479.93943981832,0,0.426497334191905,0.109358290818437,4.80629688147032,0,0.377286103323609,0,0,0,0,0,0.426497334191905,0.109358290818437,4.80629688147032,0,0.377286103323609,0.078009643172424,0.879108671135394,NA,NA,0.0200024726083138,0,0.0690085304986829,NA,NA,3.39444107547385,-0.370083679031895,-0.370083679031895
"NORR",2025,10,12072.2076938958,0,1.80999032769994,0.452497581924984,14.6928626601524,1.06470019276467,2.2358704048058,0,0,0,0,0,1.80999032769994,0.452497581924984,14.6928626601524,1.06470019276467,2.2358704048058,0.0680084068682673,0.552068243989462,NA,NA,0.0170021017170668,0.0400049452166278,0.0840103849549182,NA,NA,4.08178669856483,0.257676254074838,0.257676254074838
"NORR",2025,11,11488.0686119331,0,1.72241015055317,0.430602537638291,13.9819176927257,1.01318244150186,2.12768312715391,0,0,0,0,0,1.72241015055317,0.430602537638291,13.9819176927257,1.01318244150186,2.12768312715391,0.0680084068682674,0.552068243989463,NA,NA,0.0170021017170668,0.0400049452166277,0.0840103849549183,NA,NA,4.06024702070872,0.236136576218729,0.236136576218729
"NORR",2025,12,0,0,0,0,0,0,0,0,0,0,0,0,0,0,0,0,0,NA,NA,NA,NA,NA,NA,NA,NA,NA,-Inf,-Inf,-Inf
"OAKW",2024,1,0,0,0,0,0,0,0,0,0,0,0,0,0,0,0,0,0,NA,NA,NA,NA,NA,NA,NA,NA,NA,-Inf,-Inf,-Inf
"OAKW",2024,2,0,0,0,0,0,0,0,0,0,0,0,0,0,0,0,0,0,NA,NA,NA,NA,NA,NA,NA,NA,NA,-Inf,-Inf,-Inf
"OAKW",2024,3,0,0,0,0,0,0,0,0,0,0,0,0,0,0,0,0,0,NA,NA,NA,NA,NA,NA,NA,NA,NA,-Inf,-Inf,-Inf
"OAKW",2024,4,0,0,0,0,0,0,0,0,0,0,0,0,0,0,0,0,0,NA,NA,NA,NA,NA,NA,NA,NA,NA,-Inf,-Inf,-Inf
"OAKW",2024,5,1247.70156380078,0,0.621090358818019,0.168674598158404,17.7305210537578,14.3042723251109,0.052065607255557,0,0,0,0,0,0.621090358818019,0.168674598158404,17.7305210537578,14.3042723251109,0.052065607255557,0.225796452399764,6.44590387903745,NA,NA,0.0613213928269697,5.20029638089506,0.0189283720853712,NA,NA,3.09611071940585,-0.206845212252809,-0.206845212252809
"OAKW",2024,6,686.375133645952,42.3746726135747,0.0645620349108479,0.0395946854726684,7.43598280994668,6.9545416980529,0.0269849130291435,0.00755356031093577,0.00138126058689373,0.125627985842745,0.0198180866815188,0.00093418590417933,0.0570084745999121,0.0382134248857747,7.31035482410393,6.93472361137138,0.0260507271249642,0.0426666666666667,4.91416666666666,0.0808571428571428,1.34478571428571,0.0261666666666666,4.596,0.0178333333333334,-0.0381904761904761,4.83330952380952,2.83656154128009,-1.24406057944322,-1.19002278967655
"OAKW",2024,7,4926.0379743115,2131.80415969688,3.30606915590127,0.870970217215042,73.5807478626465,57.8065723687594,0.217060557735776,0.34639882406113,0.0234987231007152,4.19687194578773,0.433613279953197,0.123924844983772,2.95967033184014,0.847471494114327,69.3838759168588,57.3729590888062,0.093135712752004,0.304429843402987,6.77547095750137,0.073705882352941,0.893,0.080200780543914,5.32295150041634,0.0199873954489174,0.230723961050046,6.70176507514843,3.69249775544672,0.471243339087255,0.519311933842866
"OAKW",2024,8,761.234854603984,51.2509299700651,0.512761598904174,0.135052271837134,11.4083159821868,8.96310646761095,0.0333619765274963,0.0118944558492335,0.00056493529508449,0.148834771377714,0.00363296851300489,0.0112204840916012,0.500867143054941,0.13448733654205,11.2594812108091,8.95947349909795,0.0221414924358951,0.305541266083951,6.79791801205952,0.105272727272727,1.31727272727272,0.0804741271827247,5.34088142328086,0.0198795318702859,0.200268538811223,6.69264528478679,2.88151866507955,-0.30027745714651,-0.290084506906734
"OAKW",2024,9,0,0,0,0,0,0,0,0,0,0,0,0,0,0,0,0,0,NA,NA,NA,NA,NA,NA,NA,NA,NA,-Inf,-Inf,-Inf
"OAKW",2024,10,0,0,0,0,0,0,0,0,0,0,0,0,0,0,0,0,0,NA,NA,NA,NA,NA,NA,NA,NA,NA,-Inf,-Inf,-Inf
"OAKW",2024,11,0,0,0,0,0,0,0,0,0,0,0,0,0,0,0,0,0,NA,NA,NA,NA,NA,NA,NA,NA,NA,-Inf,-Inf,-Inf
"OAKW",2024,12,0,0,0,0,0,0,0,0,0,0,0,0,0,0,0,0,0,NA,NA,NA,NA,NA,NA,NA,NA,NA,-Inf,-Inf,-Inf
"OAKW",2025,1,13741.7015238002,9879.76218099979,8.38338026838092,2.21651078366551,186.357489072455,146.583535720281,0.573118013997003,0.333971972608753,0.10890390411155,10.5636786988203,7.40546547958538,0.2178078082231,8.04940829577217,2.10760687955396,175.793810373635,139.178070240696,0.355310205773903,0.276727105675482,6.15147672192262,0.0153333333333334,0.484999999999999,0.0731648325885508,4.83857779093516,0.018918059797674,0.261393772342148,6.13614338858929,4.13804051122757,0.905763956973361,0.923419166112655
"OAKW",2025,2,4762.36836830741,1770.35491502097,2.856348000903,0.81181972744473,69.1168731940602,56.7972957657335,0.286628508525058,0.310063630276307,0.0780579768527765,4.07939660141149,3.29794952202981,0.102342680762529,2.54628437062669,0.733761750591953,65.0374765926487,53.4993462437037,0.184285827762529,0.272057798349203,6.58315595439088,0.0794444444444446,1.04522222222222,0.0773231719787787,5.40975652593065,0.0273004273109547,0.192613353904759,6.50371150994644,3.67782298496551,0.40590690430484,0.455811118252875
"OAKW",2025,3,1658.87369393387,915.445107735161,0.814119306688678,0.193284552052029,30.6956245551282,26.3560060169515,0.0689692824912745,0.114363365898719,0.0100908852263576,1.63135977826114,0.050454426131788,0.0201817704527152,0.699755940789959,0.183193666825671,29.0642647768671,26.3055515908197,0.0487875120385593,0.222611594158359,8.39336674583569,0.0566666666666665,0.808333333333331,0.0528514456112024,7.20674779098992,0.0188588598712743,0.165944927491692,8.33670007916902,3.21981332025234,-0.155053405771632,-0.0893119459219133
"OAKW",2025,4,11093.3374477709,7944.48043401373,7.40292018933921,1.94846731813877,165.184526311924,129.924470865459,0.495599110893643,1.44200960258774,0.107420958249451,8.26324045142786,3.11871064656829,0.497405741459413,5.96091058675147,1.84104635988932,156.921285860496,126.805760218891,-0.00180663056577002,0.302701023356953,6.75429747700902,0.0823333333333336,0.4718,0.0796716749732825,5.3125346868822,0.0202647542058255,0.22036769002362,6.67196414367569,4.04506222397569,0.775312607490997,0.869403067291641
"OAKW",2025,5,18435.6260888645,16117.8307341974,12.3294959316088,3.24942316624658,275.909668220424,216.925893635137,0.806716320557132,1.91878937311874,0.580374563474188,32.1278776208925,9.63540219155616,3.5533136539236,10.4107065584901,2.66904860277239,243.781790599532,207.290491443581,-2.74659733336647,0.303361509265792,6.78862897856119,0.0540000000000001,0.904166666666668,0.0799505447281629,5.33736065586253,0.0198488796225772,0.249361509265792,6.73462897856119,4.26565789118661,1.01748020540297,1.09094532164069
"OAKW",2025,6,2007.32509831244,381.496575982398,0.781761985909921,0.238294983968939,25.9964496492802,22.0196440910382,0.083523081098244,0.0680042397348316,0.0124354042624648,1.13102104371703,0.178421017678843,0.00841041834176363,0.713757746175089,0.225859579706474,24.8654286055632,21.8412230733594,0.0751126627564804,0.176656604905134,5.87447921157716,0.0808571428571429,1.34478571428572,0.0538480811200849,4.97583105401907,0.0188739081766149,0.0957994620479912,5.79362206872001,3.30261771477418,-0.146449165467157,-0.106925451467012
"OAKW",2025,7,268.967027887105,439.527093204836,0.00914147930612774,0.0054354741820219,0.555307807796019,0.387697549383125,0.0288574265663708,0.0714191627484256,0.0048448753660145,0.86529474037019,0.0894007001749834,0.0255503427197186,-0.0622776834422979,0.0005905988160074,-0.309986932574171,0.298296849208142,0.0033070838466522,0.0154166666666667,0.936500000000001,0.0737058823529412,0.892999999999999,0.00916666666666668,0.653833333333333,0.0486666666666667,-0.0582892156862745,0.86279411764706,2.42969904400108,NA,-2.03898351952838
"OAKW",2025,8,0,508.695636381724,0,0,0,0,0,0.118059473090034,0.00560731521584792,1.47727268141157,0.036059350157299,0.111369906825533,-0.118059473090034,-0.00560731521584792,-1.47727268141157,-0.036059350157299,-0.111369906825533,NA,NA,0.105272727272727,1.31727272727273,NA,NA,NA,NA,NA,-Inf,NA,-Inf
"OAKW",2025,9,0,15.3108960935528,0,0,0,0,0,0.0022915337823733,0.00019638795694792,0.0211863737097001,0.00097887122291232,0.00064132942190807,-0.0022915337823733,-0.00019638795694792,-0.0211863737097001,-0.00097887122291232,-0.00064132942190807,NA,NA,0.0678888888888889,0.627666666666666,NA,NA,NA,NA,NA,-Inf,NA,-Inf
"OAKW",2025,10,0,0,0,0,0,0,0,0,0,0,0,0,0,0,0,0,0,NA,NA,NA,NA,NA,NA,NA,NA,NA,-Inf,-Inf,-Inf
"OAKW",2025,11,160.539100617727,0,0.00283137743593875,0.00176961089746172,0.113078136347804,0.0775482819954335,0.0362180363680498,0,0,0,0,0,0.00283137743593875,0.00176961089746172,0.113078136347804,0.0775482819954335,0.0362180363680498,0.00800000000000001,0.319500000000001,NA,NA,0.00500000000000001,0.219111111111111,0.102333333333333,NA,NA,2.20558082561564,-2.54800223327727,-2.54800223327727
"OAKW",2025,12,755.326849492571,10.0104352803334,0.0133214611903452,0.00832591324396574,0.368421661045484,0.310649074147077,0.0935277587738818,0.00115493705100848,0.00015448202593107,0.0148744122110773,0.00055172152118239,0.00022068860847295,0.0121665241393367,0.00817143121803467,0.353547248834407,0.310097352625895,0.0933070701654088,0.00800000000000002,0.22125,0.0523333333333332,0.673999999999995,0.00500000000000001,0.186555555555556,0.0561666666666667,-0.0443333333333332,0.168916666666667,2.87813492277371,-1.9148334778683,-1.87544813611919
"REDB",2022,1,5025.79383276878,10088.2695463296,2.55685793793519,0.328382775125326,39.7948974743721,17.9778445506201,0.755614107975977,2.89002433738075,0.0233520934063125,35.3116657722848,0.271520562498007,0.83733720805541,-0.33316639944556,0.305030681719013,4.4832317020873,17.7063239881221,-0.0817231000794331,0.230767675563097,3.59166453997391,0.129944489827084,1.58772240578524,0.0296379898884127,1.62257954852651,0.0681974969094741,0.100823185736013,3.46172005014682,3.70120466907006,NA,0.407706598779258
"REDB",2022,2,22620.6483357845,18078.5556393779,11.490515895587,1.21569883492404,130.420701656738,33.3917759408717,5.67690027108163,6.1978739231119,0.100380218070624,57.8274867680425,0.364207897600976,2.21964741422773,5.2926419724751,1.11531861685342,72.5932148886955,33.0275680432707,3.4572528568539,0.230413290232404,2.61525794457052,0.15550775557534,1.45092055589053,0.0243777712882437,0.669587774052371,0.113835904468267,0.0749055346570644,2.45975018899518,4.3545050481853,0.723672516580073,1.06033952786818
"REDB",2022,3,5890.1583500919,5876.16021258654,5.10063920712018,0.269304914234771,53.2842486306811,18.778821115999,0.548816988768742,1.76288737247559,0.0156268115833561,21.0010723828631,0.161126005687801,0.583528561291275,3.33775183464459,0.253678102651415,32.283176247818,18.6176951103112,-0.034711572522533,0.392799277512398,4.10341008548605,0.136083034366918,1.62114137263687,0.0207391214015471,1.44615352456259,0.0422642943209867,0.25671624314548,3.96732705111913,3.77012697044868,0.523454043292594,0.70762460486849
"REDB",2022,4,4410.24293964816,6475.17098324897,2.14016150986586,0.0944599202877889,29.7472752534883,9.73501413333704,0.451457180191662,1.95624584511871,0.0180245748020855,22.9760453204651,0.171390379629802,0.596149529014325,0.18391566474715,0.0764353454857034,6.7712299330232,9.56362375370724,-0.144692348822663,0.220118772176437,3.05955119471463,0.137039333423225,1.60952261868052,0.00971534231308339,1.00126058162999,0.0464330377571615,0.0830794387532122,2.92251186129141,3.64446251337773,-0.73538127879065,0.330446549142061
"REDB",2022,5,8292.15622004745,6288.16983196942,5.26059170061188,0.597564260788803,83.9773326294394,40.164372263391,0.807070679165445,1.95130288693854,0.0223104521430667,21.4179604453945,0.17109253736968,0.707365411110082,3.30928881367334,0.575253808645736,62.5593721840449,39.9932797260213,0.099705268055363,0.287766454475202,4.59375306854696,0.140758124091268,1.54499434933172,0.0326881382237454,2.19708345757262,0.0441486207392449,0.147008330383934,4.45299494445569,3.91866747538823,0.519734671273209,0.721034595457594
"REDB",2022,6,4720.06724027455,9856.18805967608,3.59838919054207,0.780194259983726,64.3413859676366,41.6556055456513,0.306139293150435,2.86630843135688,0.0253348074913368,35.1267277343597,0.280362395389683,1.00025817921083,0.73208075918519,0.754859452492389,29.2146582332769,41.3752431502616,-0.694118886060395,0.345806373880161,6.18322815952562,0.131912814223049,1.61659696465138,0.0749769226397786,4.0031172679668,0.0294200858386416,0.213893559657113,6.05131534530257,3.67394818547142,-0.135441007283311,0.556108133485348
"REDB",2022,7,16011.18952108,16499.3906749286,7.71855909282777,0.841523608934586,105.252700380016,27.7035689135444,0.918680813117806,4.47173681924865,0.0295008169231125,57.0272593808672,0.436107242509126,1.11754641860406,3.24682227357912,0.812022792011474,48.2254409991488,27.2674616710353,-0.198865605486254,0.218668225736579,2.98182872856001,0.122936650278448,1.56778909990101,0.0238405215621344,0.78484729961126,0.0260263996176924,0.0957315754581312,2.85889207828156,4.20442359820604,0.511458516616037,0.887536233439287
"REDB",2022,8,15528.5137878648,16211.4840663011,7.90425009143426,1.00426830418116,89.9686645942842,14.426277391174,0.890705177388139,4.45365856231744,0.0295521533982753,56.5795701296791,0.42849737620179,1.09552307984148,3.45059152911682,0.974716150782885,33.3890944646051,13.9977800149722,-0.204817902453341,0.230889310493865,2.62805486844847,0.124614101682803,1.58310571110336,0.0293354604954253,0.421402815107157,0.0260181929824473,0.106275208811062,2.50344076676567,4.1911298920057,0.537893551829877,0.897860672927191
"REDB",2022,9,2575.28026263873,2132.83228394712,1.01775444163107,0.0710214652808239,11.6364082643064,0.409822745538853,0.149075667674119,0.575325320447764,0.00382571835291156,7.41441469388143,0.0563744216021265,0.143335368181091,0.442429121183306,0.0671957469279123,4.22199357042497,0.353448323936726,0.00574029949302801,0.179263368504532,2.04959237457171,0.12235728393615,1.5768602765711,0.0125094488233963,0.072184608437898,0.0262576170205621,0.0569060845683812,1.92723509063556,3.41082449935552,-0.354156295010362,0.00764300638099267
"REDB",2022,10,8109.68825074368,2467.37706714054,4.23108350886353,0.749180639702865,50.5939578326367,11.8117239424562,0.4644885877952,0.737764044335404,0.00408567960406303,9.05193858545979,0.0577087697542313,0.180427948037278,3.49331946452813,0.745094960098802,41.5420192471769,11.754015172702,0.284060639757922,0.236657614976075,2.82987687853223,0.135629764484424,1.66409885098064,0.0419039952784938,0.660666330768856,0.0259802864067656,0.101027850491651,2.6942471140478,3.90900415956454,0.54323830374173,0.626451597082822
"REDB",2022,11,6956.83941367168,9260.67699197148,3.32872413630573,0.561207433151001,52.6266094907717,20.3917113284576,0.39945702888824,2.5019660071955,0.0164792291834845,31.9424538760481,0.244775603312021,0.627240688907375,0.82675812911023,0.544728203967516,20.6841556147236,20.1469357251456,-0.227783660019135,0.217039546041696,3.43136137627405,0.122549548142946,1.56458292312071,0.0365918596851642,1.32958082091284,0.0260454061865538,0.0944899978987502,3.30881182813111,3.84241197855368,-0.0826215261870335,0.522277805056208
"REDB",2022,12,8832.94694322602,7916.8105096484,5.4435836858668,0.759900339227341,67.0424477714403,26.0083435129897,0.985118172037372,2.52727544168704,0.0308300758233103,27.0785461039976,0.197193967037513,0.964123988990035,2.91630824417976,0.729070263404031,39.9639016674427,25.8111495459522,0.0209941830473369,0.279545385677066,3.44284353846901,0.144802270933747,1.55148699060107,0.0390233062746816,1.33561139824796,0.0505889603671672,0.134743114743319,3.29804126753527,3.94610562177242,0.464833425568899,0.73588490384865
"REDB",2023,1,16972.9082238596,12301.3582335647,5.662119839918,1.30617686876595,92.7788948658248,55.8956668417538,1.37484072534083,1.84636904220456,0.223699321595389,45.3597494245021,20.1372834115602,0.614005709723896,3.81575079771344,1.08247754717056,47.4191454413227,35.7583834301936,0.760835015616934,0.151319828370743,2.47951065050702,0.0680829695097249,1.67259435489116,0.0349075019942284,1.49380849439684,0.0367425396278251,0.083236858861018,2.4114276809973,4.22975626290469,0.581580003686159,0.752979057057398
"REDB",2023,2,9646.22086075915,8965.00705882174,3.63326915467405,0.798527556407786,54.0196963374819,31.3656752908067,0.682983902660514,1.42201996951626,0.210848787921301,33.9533523952276,15.8182536259265,0.444145579803366,2.21124918515779,0.587678768486485,20.0663439422543,15.5474216648802,0.238838322857148,0.170849383644576,2.54020041759166,0.0719495538531512,1.71792844617117,0.0375496378130892,1.47492686693369,0.032116359631271,0.0988998297914245,2.46825086373851,3.98435720134606,0.344637685880904,0.560297571840112
"REDB",2023,3,19160.4722712448,17408.1792786258,9.93983713256119,2.0034235932783,86.9893591582957,43.8648545975184,1.13941117007807,4.9740952008055,1.87230350952192,40.2053675020296,15.8956734579139,0.66894132272411,4.96574193175569,0.13112008375638,46.7839916562661,27.9691811396045,0.47046984735396,0.235313099776577,2.05936329520543,0.129608590707453,1.04761988069095,0.0474285251974114,1.03844507399199,0.0269741214846285,0.105704509069124,1.92975470449798,4.28240620945379,0.695984145640066,0.997379268400388
"REDB",2023,4,4009.05834828333,4498.24807932021,0.995727011935049,0.153809529695624,16.0153506844707,7.55406686819392,0.2678661376201,0.592430780440052,0.0530351739441729,16.0541785151676,6.72625206075002,0.23414655911325,0.403296231494997,0.100774355751451,-0.0388278306968992,0.8278148074439,0.03371957850685,0.112660314062812,1.81203725148739,0.0597402804978729,1.61889145419933,0.0174025909849403,0.854695650134399,0.0303073862909741,0.052920033564939,1.75229697098952,3.60304237706695,-0.394375836134148,-0.00185971123548211
"REDB",2023,5,7946.28693557196,8677.84211942259,1.81513366967674,0.233128043509349,49.641079941537,30.4905375096381,1.39340842543395,1.21038991639898,0.1048883521632,32.118640051808,13.9924597383784,0.431303659663308,0.60474375327776,0.128239691346149,17.522439889729,16.4980777712597,0.962104765770642,0.103613755612024,2.83367490301436,0.0632683630933711,1.678875338708,0.0133077098012229,1.74049942149193,0.0795403018921246,0.0403453925186525,2.77040653992099,3.9001642431112,-0.218428609003305,0.258908612769061
"REDB",2023,6,12308.9012934039,5517.58456569132,2.34657146268329,0.34519635906344,44.5286691696252,21.6548484184892,0.823460813717128,0.766849401041001,0.0668834951641749,21.5201390662351,9.96262843892092,0.279747019567519,1.57972206164229,0.278312863899265,23.0085301033901,11.6922199795683,0.543713794149609,0.0864743968694862,1.64094291227811,0.0630426020971398,1.76916818659057,0.01272096223203,0.798011049766924,0.0303456674319301,0.0234317947723463,1.57790031018097,4.09021928903958,0.198580683338522,0.370433784790331
"REDB",2023,7,8158.0490545087,9998.63433394606,1.87814121089226,0.415682062251286,49.2831426580899,32.7164040072267,0.686463471392129,1.38955281717958,0.119183331616269,38.7499926028516,17.823999033342,0.498418038590484,0.48858839371268,0.296498730635017,10.5331500552383,14.8924049738847,0.188045432801645,0.104427522753114,2.74021807914415,0.0630387247719162,1.75793974032817,0.0231125581836231,1.81908208182155,0.038168418520526,0.041388797981198,2.67717935437223,3.91158631241015,-0.311056853789939,0.273728242246253
"REDB",2023,8,23902.4585479042,19022.7351131984,10.5527842042764,2.7456897919984,80.1097503172578,33.9515061143702,1.80732176128476,4.79959566518664,1.60973615987213,50.5400224093445,20.9842846584432,0.752825900387541,5.75318853908976,1.13595363212627,29.5697279079133,12.967221455927,1.05449586089722,0.200261529811522,1.52025293427794,0.114447085593814,1.20513448925506,0.0521053048645356,0.644302055481596,0.0342977752382986,0.085814444217708,1.40580584868412,4.37844257370438,0.759908606624945,1.0233670572668
"REDB",2023,9,256.145535218455,4310.67089267577,0.0360982784660527,0.00429770181191826,0.525308004953089,0.0649783838279526,0.0170536511300072,0.601300091570325,0.0517830618107197,16.0672816084614,7.05778990386003,0.213830558108805,-0.565201813104272,-0.0474853599988014,-15.5419736035083,-6.99281152003208,-0.196776906978798,0.0639252958215208,0.930251276265671,0.063273148966145,1.69071569578213,0.00761066375888042,0.115068157948652,0.0301997696191502,0.000652146855375749,0.866978127299526,2.40848679024598,NA,-1.44251350918911
"REDB",2023,10,1262.39715893896,1069.92250369096,0.18210657689552,0.0332694176948996,2.44229297006958,0.166835496641908,0.168720944212662,0.150562012935065,0.0131131460790688,3.72407150367714,1.48927985910603,0.0532084031034817,0.031544563960455,0.0201562716158308,-1.28177853360756,-1.32244436246412,0.11551254110918,0.0654338792628747,0.87755591287506,0.063831659612491,1.57884223225561,0.0119542473298105,0.059946729712522,0.06062420194227,0.00160221965038367,0.813724253262569,3.10119600847425,-1.50107547145588,-0.739674369098803
"REDB",2023,11,3289.70618507718,1399.63231618985,0.451549581300092,0.0779705916451823,6.3174718628312,0.930340305128017,0.242563896689017,0.194909680843825,0.0167519964858769,5.2499567730147,2.32595697507365,0.0692148173019253,0.256639900456267,0.0612185951593054,1.0675150898165,-1.39561666994563,0.173349079387092,0.0622617579061749,0.871082423706785,0.0631673263099812,1.70143284396447,0.0107509480727152,0.128279651331892,0.0334458390348793,-0.000905568403806248,0.807915097396804,3.5171571113549,-0.590675821847077,-0.345294556086224
"REDB",2023,12,2968.75855416291,2819.92316954332,0.471178522476337,0.0885607024592062,9.24488207207326,4.16031793723134,0.211490228818943,0.3918115989147,0.0335333591267684,10.7239021082135,4.8334664903598,0.139029826647576,0.079366923561637,0.0550273433324378,-1.47902003614024,-0.673148553128461,0.072460402171367,0.0719919029776169,1.41253605888972,0.0630250296133033,1.7249980598136,0.0135312905723392,0.635659714961306,0.032313832884036,0.00896687336431357,1.34951102927642,3.47257487834423,-1.10036045358751,-0.326814514024426
"REDB",2024,1,7614.80581617706,8336.99241370352,3.74463545468906,0.746895795497161,50.9161537806113,30.6541447694258,0.775699525371197,2.72826820710589,0.38775390952185,19.5591999548434,1.55741437714517,0.557873255678943,1.01636724758317,0.359141885975311,31.3569538257679,29.0967303922806,0.217826269692254,0.223061058055937,3.03298178737803,0.148439916618982,1.06417910191857,0.044491211071696,1.82601111611698,0.0462069963702661,0.0746211414369554,2.88454187075904,3.88165883294612,0.00705066147171711,0.573409544939883
"REDB",2024,2,6051.35578139351,5892.90409733046,1.96954596495134,0.132235315358539,33.5960765739741,17.9708216988536,0.634751251314387,1.76383704563478,0.0294812813314258,15.3257459350675,0.157992891163669,0.517588591201688,0.20570891931656,0.102754034027113,18.2703306389066,17.8128288076899,0.117162660112699,0.147634031442818,2.51830843937676,0.135769473028142,1.17968292735255,0.00991214881647904,1.34706419802057,0.0475799437345102,0.0118645584146758,2.38253896634862,3.78185268744799,-0.686746877357365,0.294366120759168
"REDB",2024,3,4592.85607268721,3958.2118270747,2.18900626477463,0.133574395783795,29.103974598429,14.86766643919,0.460424027388095,1.25294678169468,0.0334012486072222,10.292478414023,0.198242473252105,0.344509604721768,0.93605948307995,0.100173147176573,18.811496184406,14.6694239659379,0.115914422666327,0.216190802844127,2.87436894797432,0.143584195340231,1.17948922709657,0.013192084613285,1.46836160116613,0.0454724327342237,0.0726066075038959,2.73078475263409,3.66208283605212,-0.0286965525946185,0.340247004488516
"REDB",2024,4,28165.0117805813,27720.7883833724,14.1721123639845,3.01112476390603,119.861165808686,47.9057462690004,1.0960363902382,13.4732954554019,3.28454532655912,66.7225209417595,10.6334189666037,0.961978019314921,0.6988169085826,-0.27342056265309,53.1386448669265,37.2723273023967,0.134058370923279,0.228243120165693,1.93037465186879,0.220465837192283,1.09179201834447,0.048494430023618,0.771526270853564,0.0176517627787687,0.00777728297341002,1.70990881467651,4.44970993722379,-0.155636595367298,1.15143458699059
"REDB",2024,5,1797.45049938725,1004.15934818207,0.926985608154769,0.124829421723621,14.4288144257108,8.38588688135909,0.215082270693308,0.24170027801361,0.0248482054246579,2.23964057847844,0.159463023473242,0.0891581507055864,0.685285330141159,0.0999812162989631,12.1891738472324,8.22642385788585,0.125924119987722,0.233931711611722,3.64121861811136,0.109181123798187,1.01169298302805,0.0315016328478237,2.11624091494103,0.0542776104375298,0.124750587813535,3.53203749431317,3.25465693903323,-0.164128564997047,-0.0329270084094266
"REDB",2024,6,601.388194625327,2515.54621279924,0.249782588771038,0.0236846042379689,3.28864791062852,1.47524901977142,0.088016890783225,0.607070923217853,0.0123985118927251,5.91518485577458,0.0653224862695587,0.216419689042089,-0.357288334446815,0.0112860923452438,-2.62653694514606,1.40992653350186,-0.128402798258864,0.188399744589485,2.48047884144195,0.109466234160412,1.06661838964732,0.0178642290925513,1.11271382003968,0.066387172239296,0.078933510429073,2.37101260728154,2.77915489855765,NA,-0.602437837636014
"REDB",2024,7,1832.27372430556,2633.28924235782,0.769601556731634,0.0872347727510466,11.2171955497764,5.12014744382903,0.224240528981584,0.882994203067198,0.0145972414136065,7.4443180009679,0.0635617854859381,0.279555287722148,-0.113392646335564,0.0726375313374401,3.7728775488085,5.05658565834309,-0.055314758740564,0.190523534503982,2.77694311383906,0.15210109245449,1.28232880418998,0.0215959506458959,1.26755017534353,0.0555132688946883,0.0384224420494915,2.62484202138457,3.26299035365251,NA,-0.113734062488857
"REDB",2024,8,629.822387072899,650.326632993033,0.268357004876538,0.0170054282667568,2.15610941822794,0.153857199231678,0.121323938607716,0.167929702514395,0.00253233489288064,1.48711809489439,0.0163534332195979,0.0513612616397043,0.100427302362143,0.0144730933738762,0.66899132333355,0.13750376601208,0.0699626769680117,0.193271531641997,1.55283656500923,0.117130237631442,1.03725840773205,0.0122473611928121,0.110808423142652,0.0873778698280698,0.0761412940105545,1.43570632737779,2.79921809359717,-0.998148202994725,-0.571287063915154
"REDB",2024,9,2780.03403318981,3995.87873036979,0.93169704758715,0.0366765080942923,7.98265693858666,0.117539966747989,0.353584124306231,1.5315829939458,0.0142777988988854,11.6549054712155,0.106620278265977,0.264021994952051,-0.59988594635865,0.0223987091954069,-3.67224853262884,0.010919688482012,0.08956212935418,0.152018923416063,1.30247800714449,0.17386064316059,1.32302942067867,0.00598426633377661,0.0191782288563255,0.057692012712981,-0.0218417197445271,1.12861736398389,3.44405011258573,NA,-0.030725280725129
"REDB",2024,10,10316.2028064824,2884.32075921117,3.70259130821801,0.534780100816271,48.5763968991529,20.6030850572624,1.13518571010116,0.870198875243709,0.0145753629338505,7.56376731992682,0.0770473392417248,0.253998698689964,2.8323924329743,0.52020473788242,41.0126295792261,20.5260377180207,0.881187011411196,0.162801706103756,2.13588798580133,0.136851010259517,1.1895087761519,0.0235141028419713,0.905910784935495,0.0499137374246196,0.0259506958442386,1.99903697554182,4.01351987135563,0.452153425454144,0.568505777298925
"REDB",2024,11,4888.65507796513,8257.9682263762,1.41840141515858,0.0427468263897701,16.3746093673177,4.28694385705653,0.530021468905975,2.47605554069185,0.0413441086627648,21.497384092404,0.221451577498971,0.726227800861208,-1.05765412553327,0.0014027177270053,-5.1227747250863,4.06549227955756,-0.196206331955233,0.131608156365112,1.51933869143146,0.136006674095752,1.18082476912042,0.00396631796294998,0.397769468810684,0.0491787075302974,-0.00439851773064037,1.38333201733571,3.68918939643323,NA,0.151799155894649
"REDB",2024,12,10736.5710290049,6383.58796014326,4.14784957053425,0.356152362785324,60.5760641579907,29.0949558529452,1.18275177490168,1.92135746629937,0.0299781071133562,16.1426827032878,0.152371595630346,0.57013811311912,2.22649210423488,0.326174255671968,44.4333814547029,28.9425842573149,0.61261366178256,0.17523886910556,2.55922515930221,0.136526315945654,1.14705412064958,0.0150467697110179,1.22920734555222,0.049969045391313,0.0387125531599055,2.42269884335656,4.0308656015722,0.347621159340001,0.617822997506891
"REDB",2025,1,6683.33738237015,10412.6468503629,3.06548473012715,0.622312418755226,65.0780006176892,50.2320182617123,0.71339936143968,3.20309600141413,0.645272914539758,24.4054654127942,0.193944582267953,1.09934272210316,-0.13761127128698,-0.022960495784532,40.672535204895,50.0380736794443,-0.38594336066348,0.208055316383347,4.41686232361282,0.139534583965153,1.06316091098947,0.0422365200194732,3.40926129864661,0.0484186166035328,0.0685207324181943,4.27732773964766,3.82499338534983,NA,0.48649915714959
"REDB",2025,2,11299.0806587515,6932.58854088557,6.3710069592962,0.729437012605416,67.2836397103737,40.9258161094696,0.990569127952655,2.09515304646843,0.500190019459346,16.6493271881758,0.121085285333045,0.623971304970602,4.27585391282777,0.22924699314607,50.6343125221979,40.8047308241366,0.366597822982053,0.25576317613933,2.70109222992287,0.137086084984452,1.08936723534321,0.029283146028482,1.6429611176266,0.0397662579823527,0.118677091154878,2.56400614493842,4.05304310887513,0.631022858852788,0.804208079478885
"REDB",2025,3,3017.38500058894,3078.22128312017,1.64563286523333,0.162680545794991,22.7692119496738,15.5611200035326,0.250036367125169,0.968920627966117,0.194008613466038,7.48345259400093,0.0543663290880915,0.275505948250222,0.676712237267213,-0.031328067671047,15.2857593556729,15.5067536744445,-0.025469581125053,0.247386086801698,3.42286931841849,0.142778038491092,1.1027453143973,0.0244555784423284,2.33928518641959,0.0375876781073147,0.104608048310606,3.2800912799274,3.47963072713347,-0.16959596991882,0.216332952147384
"REDB",2025,4,18294.0426354196,18722.9557492388,12.1013905410232,0.924818980906573,89.3020001651965,30.5236599793634,1.24095119583674,4.22792700047976,0.421211502391767,42.5839702489552,0.323566486495545,1.15027020668351,7.87346354054344,0.503607478514806,46.7180299162413,30.2000934928679,0.0906809891532301,0.300053457773207,2.21423925166249,0.102429750574804,1.03167946149269,0.0229308468390152,0.756832835834356,0.0307693315058591,0.197623707198403,2.11180950108768,4.26230968690087,0.896165820751559,1.08283527689458
"REDB",2025,5,2549.67390705589,1813.50079862033,1.42744912190208,0.145966295406601,15.6923719073308,8.20776977921887,0.24735631535374,0.582863027293467,0.105786744799738,4.47534369492914,0.0342126838123096,0.144574836402907,0.844586094608613,0.040179550606863,11.2170282124017,8.17355709540656,0.102781478950833,0.253950483590445,2.79175304632759,0.145788008134022,1.11939068434061,0.0259681488731582,1.46020413102658,0.0440059508527562,0.108162475456423,2.64596503819357,3.40648463948409,-0.0733560731413522,0.154560637778864
"REDB",2025,6,2584.36984244267,1398.58662819141,1.54312463059219,0.12001278458753,19.41731969559,12.2560643447808,0.253791649238494,0.502092793294667,0.121251391297074,3.41936965330807,0.0260156478893935,0.140312942834273,1.04103183729752,-0.00123860670954401,15.9979500422819,12.2300486968914,0.113478706404221,0.270844103247635,3.40806337749045,0.162842462846207,1.10899535536548,0.0210642448286158,2.15114365424495,0.0445446662486097,0.108001640401429,3.24522091464424,3.4123546645237,0.0174640115001641,0.188401003310488
"REDB",2025,7,9717.64910020832,5967.48689089445,4.54515830161022,0.611771103400713,63.8840014988448,43.5825780139483,0.939954918141538,1.67172604614033,0.352485804797564,13.4116233033778,0.108652587011553,0.7135580693132,2.87343225546989,0.259285298603149,50.472378195467,43.4739254269367,0.226396848828338,0.21215870056125,2.9819746299807,0.127071068339724,1.01944293161243,0.0285562248277327,2.03434567180484,0.0438751745892802,0.0850876322215262,2.85490356164098,3.98756121283826,0.458400962589458,0.657549013700683
"REDB",2025,8,5332.23325037181,11787.9670065008,1.89082543577428,0.409712195042825,44.0848371803998,34.0003029472947,0.311037081906995,3.69254897254194,0.924690129873766,28.306639369985,0.200830839209187,1.36784929328717,-1.80172353676766,-0.514977934830941,15.7781978104148,33.7994721080855,-1.05681221138018,0.16084788069003,3.75018893699652,0.142088980485043,1.08923715269514,0.034853211205355,2.89232235214344,0.0264591614298146,0.0187589002049865,3.60809995651148,3.72690913870389,NA,0.276651435889239
"REDB",2025,9,1090.38160120218,3585.44518888974,0.324890657850427,0.00933604867388549,2.48704498045349,1.15753664004241,0.0511186846049009,1.54398687935468,0.251718051057096,8.22246894772623,0.0763211752658662,0.349898665738818,-1.21909622150425,-0.242382002383211,-5.73542396727274,1.08121546477654,-0.298779981133917,0.135154887278429,1.03461357188154,0.195332074980667,1.04023676787639,0.00388380698445886,0.481536573383432,0.0212654315803001,-0.060177187702238,0.839281496900875,3.03757851472337,NA,-0.488262776504634
"REDB",2025,10,1959.90026972483,2275.14023754214,0.631598875530869,0.104764966473827,4.0211887406766,0.167872348390133,0.249845133756984,0.676335662488985,0.096099373096718,5.8070678379905,0.0410975633142338,0.147033266621161,-0.044736786958116,0.00866559337710901,-1.7858790973139,0.126774785075899,0.102811867135823,0.146177463397679,0.930665320550722,0.134842613849785,1.15776861920306,0.0242468402737655,0.0388524346906975,0.057824244642856,0.0113348495478935,0.795822706700937,3.29223397267783,NA,-0.199558651860661
"REDB",2025,11,1941.27642548738,1658.37395233838,0.639277235351952,0.0822014593199577,2.66398336656112,0.11253107883849,0.207311833266962,0.432853395592829,0.0768413442933118,3.72994906800202,0.0290889697619464,0.173522433652901,0.206423839759123,0.00536011502664591,-1.0659657014409,0.0834421090765436,0.033789399614061,0.149373963516218,0.622468206591828,0.118394467040474,1.02021917002499,0.019207250166947,0.0262940901620045,0.0484406271746101,0.0309794964757435,0.504073739551354,3.28808738057962,-0.685240147752405,-0.194310760507568
"REDB",2025,12,10726.0927148276,4808.01240756413,5.97093937127303,0.510077651382374,75.4259881650983,43.6330795561023,1.29398592661517,1.38545340016811,0.334481346283929,11.2264658535453,0.0854997477797981,0.534883662062402,4.58548597110492,0.175596305098445,64.199522311553,43.5475798083225,0.759102264552768,0.252507429389023,3.18971960631971,0.130707163177776,1.05913306362453,0.0215708766293993,1.84521665184638,0.0547218853983284,0.121800266211248,3.05901244314193,4.03044154662332,0.661385369097648,0.776042661391921
"SJRE",2024,1,0,0,0,0,0,0,0,0,0,0,0,0,0,0,0,0,0,NA,NA,NA,NA,NA,NA,NA,NA,NA,-Inf,-Inf,-Inf
"SJRE",2024,2,0,0,0,0,0,0,0,0,0,0,0,0,0,0,0,0,0,NA,NA,NA,NA,NA,NA,NA,NA,NA,-Inf,-Inf,-Inf
"SJRE",2024,3,8409.51211122061,8384.45998087905,3.38570777428898,2.3132347968728,174.18818978528,93.8831350819872,2.44446522851212,3.04593408712507,0.67346716170643,35.3687399301075,18.5400048271274,0.551808880088464,0.33977368716391,1.63976763516637,138.819449855173,75.3431302548598,1.89265634842366,0.182621420375667,9.39552281293222,0.164785293873521,1.91345184649742,0.12477338637297,5.06395490130381,0.131851814111028,0.0178361265021457,9.23073751905869,3.92477080036973,-0.468810256903089,0.529649470757383
"SJRE",2024,4,33942.3328706806,33951.2163975841,13.0073911615642,9.8504915446067,748.764345899894,470.794889683852,15.6599178135175,11.3929840773364,2.86764662298341,158.640148459875,46.3975542044034,6.14942449977406,1.6144070842278,6.98284492162329,590.124197440019,424.397335479449,9.51049331374344,0.173828730434203,10.0063689963271,0.152214209852214,2.11948728136055,0.13164042028747,6.29162888638871,0.20927667957518,0.021614520581989,9.85415478647487,4.53074168824817,0.208013054637565,1.11419020065457
"SJRE",2024,5,7466.56574189415,7876.0362354357,3.98430276664441,2.29659497539062,143.970834059328,69.5333595388307,3.07554175122758,4.99663138487699,0.927261906008593,43.8647247612534,11.4615705742591,0.78009103284899,-1.01232861823258,1.36933306938203,100.106109298075,58.0717889645716,2.29545071837859,0.242049664788919,8.74634639093719,0.287768101673141,2.52627572511465,0.139520030606857,4.22420868939035,0.186841686872086,-0.045718436884222,8.45857828926405,3.873120893342,NA,0.600352332986324
"SJRE",2024,6,2384.70419014935,2405.79155055379,1.04556396168418,0.860943098961192,46.4663221054473,35.1865509882561,1.81342747544541,0.886238391748866,0.315525567241544,11.6066786582581,4.06766277355337,0.270547882226303,0.159325569935314,0.545417531719648,34.8596434471892,31.1188882147027,1.54287959321911,0.198879095771724,8.83846465909504,0.167095829397501,2.18838138249092,0.163761942173775,6.69291377698019,0.344936158648055,0.0317832663742229,8.67136882969754,3.37743451480027,-0.797714519298313,0.0193506056441915
"SJRE",2024,7,10748.9112378747,10742.39390115,4.33309081617766,3.32765154059249,245.351725551177,156.024996006069,6.72106377469765,4.31582289854442,1.1779253172433,57.0302039213911,20.1731888777052,1.28733736177825,0.01726791763324,2.14972622334919,188.321521629786,135.851807128364,5.4337264129194,0.182854798102027,10.3537502773182,0.182236593146168,2.4081131949531,0.140425639900549,6.58419598247109,0.283626356263934,0.000618204955858959,10.171513684172,4.03136447659306,-1.76276003156515,0.636797791400289
"SJRE",2024,8,1208.05574530988,1213.555169378,0.630803646070568,0.418714856095309,21.5492314923437,13.4798844423821,1.71995462355505,0.484780758075128,0.111103402617023,5.98571986674761,1.5936147931522,0.135289881013685,0.14602288799544,0.307611453478286,15.5635116255961,11.8862696492299,1.58466474254136,0.236853750307866,8.09129168324908,0.181200292670324,2.23732929500711,0.157218786850033,5.06141840457543,0.645807463996165,0.0556534576375425,7.91009139057876,3.08208697511449,-0.835579066468575,-0.200105805096223
"SJRE",2024,9,1981.38864392148,1981.38864392148,2.23066387601977,1.54049763761679,25.2565898129497,13.8630226916346,7.21034433031978,2.16035761062489,0.138532463766241,17.7914372722491,0.109203518734649,1.75224846061083,0.0703062653948798,1.40196517385055,7.4651525407006,13.7538191729,5.45809586970895,0.510666666666666,5.78199999999999,0.494571428571428,4.073,0.352666666666667,3.17366666666666,1.65066666666666,0.0160952380952383,5.28742857142857,3.29696966955975,-1.15300597078136,0.348434134251818
"SJRE",2024,10,0,0,0,0,0,0,0,0,0,0,0,0,0,0,0,0,0,NA,NA,NA,NA,NA,NA,NA,NA,NA,-Inf,-Inf,-Inf
"SJRE",2024,11,0,0,0,0,0,0,0,0,0,0,0,0,0,0,0,0,0,NA,NA,NA,NA,NA,NA,NA,NA,NA,-Inf,-Inf,-Inf
"SJRE",2024,12,0,0,0,0,0,0,0,0,0,0,0,0,0,0,0,0,0,NA,NA,NA,NA,NA,NA,NA,NA,NA,-Inf,-Inf,-Inf
"SJRE",2025,1,13140.6231024171,13140.6231024171,4.99116485744662,3.74633518219599,288.022838387215,211.468381997875,7.40588857877653,5.46141404377722,1.55688752029468,83.1751779842188,27.3843508737703,1.52792685762988,-0.4702491863306,2.18944766190131,204.847660402996,184.084031124105,5.87796172114665,0.172289575744802,9.94223473835189,0.188522065578585,2.87111657031712,0.129319410913743,7.2996582678482,0.255643209089158,-0.016232489833783,9.75371267277331,4.11861595909936,NA,0.698201914786367
"SJRE",2025,2,18234.1644193348,18234.1644193348,6.51722432856493,4.92034037962351,387.003127007058,288.556773980436,10.1985679239436,7.80103687153767,1.97257954213686,107.356079911728,37.6939671560039,1.99488322112611,-1.28381254297274,2.94776083748665,279.64704709533,250.862806824432,8.20368470281749,0.162124947842545,9.62723678329131,0.194061556293599,2.67063062107325,0.122400256182326,7.17824791240424,0.253703449410356,-0.031936608451054,9.43317522699771,4.26088586655923,NA,0.81406267004902
"SJRE",2025,3,16148.5771849368,10821.8432133144,6.5100326619059,4.56841537923832,344.85451251294,197.715836609818,5.693538593217,3.59622632367774,0.81191145330711,46.0509533106112,25.2636622885965,0.622610886268567,2.91380633822816,3.75650392593121,298.803559202329,172.452174321222,5.07092770694843,0.182861361816755,9.68667425522676,0.150736637767331,1.9302360984119,0.128322959496113,5.55367215694207,0.159926727680519,0.0321247240494235,9.53593761745943,4.20813426363606,0.464460683661219,0.813583167500591
"SJRE",2025,4,30252.8719724494,14190.9811680629,10.1274222564349,4.25474526956475,407.774256058027,498.018718718783,17.976749007174,3.32296168169215,0.293715045050173,40.1672680332886,13.0130076230832,2.69197974782098,6.80446057474275,3.96103022451458,367.606988024738,485.0057110957,15.284769259353,0.151846698710203,6.11401134795948,0.106215024948927,1.28390507774782,0.0637940244493856,7.46710233053454,0.26953650407406,0.0456316737612757,6.00779632301056,4.48076660948705,0.8327937021039,1.00549891798933
"SJRE",2025,5,16171.3792048304,15642.556691569,8.29010740995172,5.23048821163008,347.402005151694,172.446044561627,6.83624214210671,17.87906982002,2.82485931952306,129.350231526723,18.5706811023035,1.41551358674041,-9.58896241006828,2.40562889210702,218.051773624971,153.875363459323,5.4207285553663,0.232533828656425,9.74447185616294,0.518453998938176,3.75087437286676,0.146712869863736,4.83703491349638,0.191753554003196,-0.285920170281751,9.22601785722476,4.20874706106311,NA,0.918560157479965
"SJRE",2025,6,12106.6304903584,21087.7057407403,5.31087377699348,4.02693412800912,267.93825957971,157.618743953996,6.63931668395523,7.47336771633034,2.92045681839301,77.091999667832,35.0334749615049,2.5035839689777,-2.16249393933686,1.10647730961611,190.846259911878,122.585268992491,4.13573271497753,0.198982891826322,10.0388621460073,0.160753362068132,1.65826152352698,0.150877432157497,5.90551287697028,0.24875575827977,0.0382295297581909,9.87810878393914,4.08302328739856,NA,0.725165979708227
"SJRE",2025,7,1368.92780775716,787.593681866978,0.691078215141553,0.357502569522042,14.8877121708893,7.33701907409467,2.57906332689082,0,0,0,0,0,0.691078215141553,0.357502569522042,14.8877121708893,7.33701907409467,2.57906332689082,0.228991679920507,4.93310618898125,0,0,0.118459983511391,2.43115220039399,0.85458350575431,0.228991679920507,4.93310618898125,3.13638054563625,-0.160472797080129,-0.160472797080129
"SJRE",2025,8,1288.03653218133,842.402586206366,0.603624595577087,0.22729216721497,8.95579204737673,1.45133758161359,1.36017833378218,0.00969726735914814,0.0022032655285359,0.112156362020043,0.0594736741025184,0.00385571467493783,0.593927328217939,0.225088901686434,8.84363568535669,1.39186390751107,1.35632261910724,0.212574806469247,3.15390687390704,0.00522158947056228,0.0603917018362865,0.0800441016017673,0.511108738433861,0.479005739968204,0.207353216998685,3.14868528443648,3.10992818095839,-0.226266691188383,-0.219233072564798
"SJRE",2025,9,4309.99535533032,891.90937308054,3.15901259265344,2.13561973514909,64.5083807867453,42.0273531047705,8.43674718555066,0.0160603909522124,0.00364899764534571,0.185750784742516,0.0984989298608779,0.00638574587935499,3.14295220170123,2.13197073750374,64.3226300020028,41.9288541749096,8.43036143967131,0.332466277546088,6.78910279768158,0.00816786274009221,0.094467620256298,0.224760592993582,4.42311552488039,0.887914767386677,0.324298414805996,6.78093493494148,3.63447680214321,0.497337776278398,0.499551357120407
"SJRE",2025,10,3359.3686017352,3359.3686017352,2.34474448701359,2.15366928876675,56.9241158436003,47.8680401685522,2.39066178271632,3.38010544495579,0.111090231538862,28.184332342953,4.05405284962489,4.42139121524673,-1.0353609579422,2.04257905722789,28.7397835006473,43.8139873189273,-2.03072943253041,0.3166,7.6862,0.4564,3.8056,0.2908,6.4634,0.3228,-0.1398,7.2298,3.52625765877377,NA,0.370095523415254
"SJRE",2025,11,2371.04188151029,2371.04188151029,4.53112576075991,3.54692016033263,59.5714539367362,31.6264140363629,13.0801935720123,0.766321885078459,0.208630585219166,13.678636783749,3.93852054269731,1.27822202881396,3.76480387568145,3.33828957511346,45.8928171529872,27.6878934936656,11.8019715431983,0.866841982467012,11.3965137927009,0.146603739808331,2.61683679798872,0.67855527870392,6.05039561669672,2.50234964237979,0.720238242658682,11.2499100528926,3.37493922531862,0.575742356917104,0.656206116128891
"SJRE",2025,12,15929.5465831306,15929.5465831306,7.17830569147945,5.74050306583087,345.465047094775,237.7091186779,24.6257063245909,6.78476425455148,1.77877446082406,99.9344044169815,27.9357275365612,1.79266024063575,0.393541436927969,3.96172860500681,245.530642677794,209.773391141339,22.8330460839551,0.204405030906735,9.83725083098966,0.193198786280816,2.84567081724395,0.16346304504476,6.76885909273036,0.701226512037932,0.0112062446259186,9.64405204470884,4.20220341426649,-0.405009532982887,0.856021949023109
"SPRC",2022,1,16917.4981069476,16917.4981069476,12.0135114346995,4.51903326764653,276.411692253512,213.673617917484,4.16708915718347,5.36021384999899,1.74638428018457,152.937948428293,120.174589841312,1.97641453098964,6.65329758470051,2.77264898746196,123.473743825219,93.499028076172,2.19067462619383,0.322111978516598,7.41128166904907,0.143720601414522,4.10064496348807,0.121166467833837,5.72911860102807,0.111729975067777,0.178391377102076,7.26756106763455,4.22833613655836,0.823036948743361,1.07966996608907
"SPRC",2022,2,99283.2294191094,99283.2294191094,68.6035459246677,25.2181014171642,1547.24786213297,1194.5813561342,24.0202226463362,39.4771243078344,14.3691068410528,904.886810613705,699.391164096559,14.3243548768818,29.1264216168333,10.8489945761114,642.361051519265,495.190192037641,9.6958677694544,0.31343227465,7.06898470537091,0.180361010523164,4.13419929726193,0.115215136229483,5.45774050978018,0.10974233066477,0.133071264126836,6.88862369484774,4.9968758951636,1.46428713181188,1.83634656374928
"SPRC",2022,3,75722.3018342491,75722.3018342491,53.8734356487654,20.3407576100819,1238.89572938879,961.869657884615,18.8112817236989,24.0383883942501,7.79908636021676,683.007312615909,535.98839647472,8.9007131840488,29.8350472545153,12.5416712498651,555.888416772881,425.881261409895,9.9105685396501,0.322718536261231,7.4213684639547,0.143997378731296,4.09142497649812,0.121847427091288,5.76189664402306,0.11268539364463,0.178721157529935,7.2773710852234,4.87922380733505,1.47472673004199,1.731374672515
"SPRC",2022,4,12898.4636264777,12898.4636264777,3.1463992549896,1.09588575053244,148.63871855104,77.5506983592644,0.888427438054567,0.876669145833809,0.299366432108876,95.7922311607183,48.1680966232443,0.426330863518206,2.26973010915579,0.796519318423564,52.8464873903217,29.3826017360201,0.462096574536361,0.110649356651558,5.22717469981062,0.0308298054765153,3.36872338541978,0.0385389912191628,2.72722378373434,0.0312433090925884,0.0798195511750429,5.1963448943341,4.11053798330083,0.355974218835037,0.497813830568629
"SPRC",2022,5,34315.5706667569,34315.5706667569,17.7036561511798,6.74684674546661,453.747362293365,344.867371536899,5.76171813629644,7.45900873757047,2.26953521238424,239.161600919559,172.990469411916,2.82363051663948,10.2446474136093,4.47731153308237,214.585761373806,171.876902124983,2.93808761965696,0.23401558750572,5.99785460469284,0.0985968263858607,3.161355037065,0.0891831207897812,4.55862562357677,0.0761612089160417,0.135418761119859,5.89925777830698,4.535491225589,1.01049701603552,1.24806296592737
"SPRC",2022,6,12242.3172133583,12242.3172133583,6.39750550104101,2.95708989628087,188.547493307564,108.983832786623,3.65406754507626,2.2614491996537,0.433755819081619,73.6376465026933,40.6966665146049,0.995285256948514,4.13605630138731,2.52333407719925,114.909846804871,68.2871662720181,2.65878228812775,0.237039152367802,6.98602572321763,0.0837907839737738,2.72840801880013,0.109565530248587,4.03804816444968,0.135389813019876,0.153248368394028,6.90223493924385,4.08786362840825,0.616586441888452,0.806010667997399
"SPRC",2022,7,17267.8167908004,17267.8167908004,22.0074893184263,13.7673536610401,123.052679201179,52.332479170353,1.7250511700907,2.32431924070529,0.0402449363161291,100.560942732872,41.3420444699084,1.85613692175317,19.683170077721,13.727108724724,22.491736468307,10.9904347004446,-0.13108575166247,0.578104185131064,3.2324118307412,0.0610564277092408,2.64158718940847,0.361648012386534,1.37469680384371,0.0453145420890739,0.517047757421823,3.17135540303196,4.23723743220299,1.29409504513136,1.34257049973883
"SPRC",2022,8,32080.9424993635,32080.9424993635,19.0133734502647,14.3448481887496,98.8214196280492,89.1093141521772,0.606668513837719,2.0311988365621,0.0705780734985998,87.504612939109,47.7911057745676,0.677895697872545,16.9821746137026,14.274270115251,11.3168066889402,41.3182083776096,-0.071227184034826,0.268834564234239,1.3972593212987,0.0287195986303348,1.23724832678988,0.2028251862783,1.25993757509554,0.00857782896753264,0.240114965603904,1.36853972266836,4.50624711884716,1.22999330205992,1.27905917845708
"SPRC",2022,9,7580.28119199581,7580.28119199581,3.51856462366544,2.12616428033144,45.2766428768258,27.780363687773,0.338661398981549,0.543362391109002,0.0258397559399189,32.5089900492621,8.49411177514441,0.549788239051686,2.97520223255644,2.10032452439152,12.7676528275637,19.2862519126286,-0.211126840070137,0.210549038072614,2.70933025949145,0.0325145168581999,1.94532069627127,0.127228541149199,1.66236220657351,0.0202653182233184,0.178034521214414,2.67681574263325,3.87968531616861,0.473516491240462,0.546365531899883
"SPRC",2022,10,0,0,0,0,0,0,0,0,0,0,0,0,0,0,0,0,0,NA,NA,NA,NA,NA,NA,NA,NA,NA,-Inf,-Inf,-Inf
"SPRC",2022,11,1523.77258591276,1523.77258591276,0.277941449860393,0.0915808816834802,12.6515657868125,12.4563687131701,0.00518099873371325,0.10117351339792,0.00335229968900807,15.0280289350586,5.3219380571937,0,0.176767936462473,0.0882285819944721,-2.3764631482461,7.1344306559764,0.00518099873371325,0.0827382267027426,3.76614613883512,0.0301175556651759,4.47357695496227,0.027261999799493,3.70803944140353,0.00154229118395944,0.0526206710375668,3.73602858316995,3.18292015594528,-0.752596507876428,-0.556046681350425
"SPRC",2022,12,91977.351709174,91977.351709174,52.8751667001761,18.889775947878,1360.19051891445,1068.49777582842,18.0989175098637,21.6316045285485,7.30437302639604,673.243639220355,541.676109925588,8.27273046076863,31.2435621716276,11.585402921482,686.946879694095,526.821665902832,9.82618704909507,0.260761754600591,6.70798199681211,0.106679477412817,3.32020121340255,0.0931577416693857,5.26945581830042,0.0892575055697687,0.154082277187773,6.60130251939929,4.96368090083869,1.49476054323623,1.72325174959071
"SPRC",2023,1,13067.8753684934,13067.8753684934,5.71342340606922,2.39647643827494,217.392533617516,171.375015942753,1.73083890200126,0.728005444531601,0.0287493258106855,87.2053300420837,59.5231999010042,1.68989054503043,4.98541796153762,2.36772711246425,130.187203575432,111.851816041749,0.04094835697083,0.198319067477591,7.54592850545941,0.0252698514737676,3.02699073810111,0.083184273016742,5.94861100520237,0.0600792786745323,0.173049216003824,7.52065865398564,4.11620498385102,0.697701574037897,0.75689640962081
"SPRC",2023,2,30427.9289460944,30427.9289460944,12.0440981596704,6.5418215667813,298.493886787577,263.085694643073,6.55871615431271,0.727908586729777,2.85886223070613,117.500755949547,79.5517286548483,0.497837180727704,11.3161895729406,3.68295933607517,180.99313083803,183.533965988225,6.06087897358501,0.179545671179429,4.44975493687762,0.0108511931760314,1.75162571837002,0.0975212696187421,3.9219123753546,0.0977731232666793,0.168694478003398,4.43890374370159,4.48327239343959,1.05370021430567,1.08077428636492
"SPRC",2023,3,172149.914452371,172149.914452371,123.013692166032,47.7898482039703,2859.24815586319,2299.65383547545,45.3742491593443,54.9146180468533,17.4927493501889,1520.27275664018,1187.16036280444,21.0828752192018,68.0990741191787,30.2970988537814,1338.97539922301,1112.49347267101,24.2913739401425,0.324130342695872,7.53386934652456,0.14469522581694,4.00578603019159,0.125922079103434,6.05938715154149,0.119557186445033,0.179435116878933,7.38917412070762,5.23590681122383,1.8331412072481,2.08995345372561
"SPRC",2023,4,5376.76923333576,5376.76923333576,0.534486910165637,0.235316634736633,53.122089782197,42.3979602231622,0.292087858574106,0.742011242415839,0.24329833982318,43.8696746283066,40.2801424317881,0.0675571626026817,-0.207524332250202,-0.007981705086547,9.2524151538904,2.1178177913741,0.224530695971424,0.0450908811462456,4.48153507794405,0.0625982416119079,3.70097423709857,0.0198520005014824,3.57681609952506,0.0246413872159093,-0.0175073604656623,4.41893683633214,3.73052139730294,NA,-0.272062926399908
"SPRC",2023,5,15306.8998641143,15306.8998641143,6.72239326291428,5.18002535378771,249.027283707,200.244231894038,0.573507340628923,2.57960812273737,0.0336751797010516,63.5342508630985,23.5720177303115,0.436748050402624,4.14278514017691,5.14635017408666,185.493032843902,176.672214163726,0.136759290226299,0.199209350758653,7.37959854002294,0.0764433199969442,1.88275460395906,0.153503290760181,5.93397646770268,0.0169951415386967,0.122766030761708,7.30315522002599,4.18488724110709,0.617292409799556,0.827523915291717
"SPRC",2023,6,17890.5316430165,17890.5316430165,11.1153712322636,6.85929879455996,132.95296014601,89.1757017901108,0.809649779946037,5.85782916481434,0.0393591696146363,58.6974168177836,8.99378491863338,1.54312898054144,5.25754206744926,6.81993962494532,74.2555433282264,80.1819168714774,-0.733479200595403,0.281821272366876,3.37091506980291,0.148520533776143,1.48822566035592,0.173911988491796,2.26097799322715,0.0205280171384331,0.133300738590733,3.22239453602677,4.25262324644763,0.720782756315656,1.04592397188713
"SPRC",2023,7,5942.61396623324,5942.61396623324,2.27134476750644,1.75729021373132,45.9878959441772,40.6953460149759,0.25286415065484,0.660397015824677,0.0130737507257131,23.2143108178601,15.1674567313617,0.2058252718419,1.61094775168176,1.74421646300561,22.7735851263171,25.5278892836142,0.04703887881294,0.1733718515783,3.51025823296092,0.0504081348847818,1.7719494227312,0.134134043617472,3.10627765109462,0.0193011323617472,0.122963716693518,3.45985009807614,3.77397751929069,0.207081455053439,0.356283060798865
"SPRC",2023,8,4614.73389314122,4614.73389314122,4.47625711959661,2.68701904575375,17.4831266971301,6.86615641490422,0.38034557879966,0.863471855746776,0.0101524145649107,10.2314274432122,2.81453087832844,0.37003762408798,3.61278526384983,2.67686663118884,7.2516992539179,4.05162553657578,0.01030795471168,0.439988583624899,1.71848398054001,0.0848739803499547,1.00568648067418,0.264117469691031,0.674901006627826,0.0373856344782839,0.355114603274945,1.63361000019005,3.66414666265935,0.55784214880949,0.650915024776522
"SPRC",2023,9,551.70158263114,551.70158263114,0.788047237817922,0.512210904913732,1.90607996149611,0.371889514906493,0.0275959948917332,0.0305085541298813,0.00121374348178851,0.883291526324797,0.174187995903414,0.0253039880705206,0.757538683688041,0.510997161431944,1.02278843517131,0.197701519003079,0.0022920068212126,0.647919524481772,1.56714770766335,0.0250836332339588,0.726227817636703,0.421131411950666,0.305761464661899,0.0226889747591303,0.622835891247813,1.5420640744294,2.74170422979241,-0.120595185025922,-0.10344774886986
"SPRC",2023,10,3680.95218875618,3680.95218875618,0.50574651277544,0.116991296162299,15.505816949431,2.36172211733284,0.291599731886901,0.0161961896305272,0.00809809481526359,9.0608636060928,5.74424634938254,0.059276495027631,0.489550323144913,0.108893201347035,6.4449533433382,-3.3825242320497,0.23232323685927,0.062322629154403,1.91076607562201,0.00199584,1.11656102034634,0.014416718614634,0.291032618053148,0.0359335388239838,0.060326789154403,1.90877023562201,3.56596017650828,-0.310202658425057,-0.29606710309518
"SPRC",2023,11,3844.27624586988,3844.27624586988,1.26877261414079,0.968633874017441,14.7043511490683,2.68274129234646,0.237794279632152,0.388653414198297,0.0409107774701293,17.1839401783562,9.53732474066588,0.0949990415307764,0.880119199942493,0.927723096547312,-2.4795890292879,-6.85458344831942,0.142795238101376,0.149707050421408,1.73501935205182,0.045858616136067,2.02759499223725,0.114292599478602,0.316546307387698,0.0280582035063239,0.103848434285341,1.68916073591576,3.58481458808764,-0.055458504700412,0.103383796032881
"SPRC",2023,12,5574.23962489021,5574.23962489021,2.76449858724739,2.32555646447843,21.5662543807323,9.74925910219906,0.242175449181803,0.829668790613424,0.0122633271747585,23.8849734820518,12.3946923377545,0.128063265502499,1.93482979663397,2.31329313730367,-2.3187191013195,-2.64543323555544,0.114112183679304,0.224959213015554,1.75493944383362,0.0675137397649391,1.94362365103242,0.189240593026747,0.793339401666751,0.019706864279454,0.157445473250615,1.68742570406868,3.74618563418903,0.286642766960199,0.441616372335591
"SPRC",2024,1,0,0,0,0,0,0,0,0,0,0,0,0,0,0,0,0,0,NA,NA,NA,NA,NA,NA,NA,NA,NA,-Inf,-Inf,-Inf
"SPRC",2024,2,3898.56930547382,3898.56930547382,0.54809487465506,0.146920022832102,39.2980989666329,21.3514807184224,0.0834211343640653,0.365847979200231,0.0162283102823519,16.4012804978442,8.25033788130137,0.0162283102823519,0.182246895454829,0.13069171254975,22.8968184687887,13.101142837121,0.0671928240817134,0.0637710441095568,4.57234854494865,0.0425665495114382,1.90829513364722,0.0170941997268257,2.48425278480443,0.00970608025216088,0.0212044945981186,4.52978199543721,3.59090525914597,-0.739339861080333,-0.261144259083488
"SPRC",2024,3,21064.310294592,21064.310294592,4.12273429404192,0.716763810000016,324.341492674353,284.321688437016,0.319767970384389,1.6986896050871,0.0463414826481025,112.253036673567,62.1172725712525,0.640189483205739,2.42404468895482,0.670422327351914,212.088456000786,222.204415865764,-0.32042151282135,0.0887791838243824,6.98438728918924,0.0365796740596502,2.41726297813808,0.0154348307477923,6.12259865485088,0.00688590081221875,0.0521995097647323,6.94780761512959,4.32354724365956,0.384540622089784,0.615185345873428
"SPRC",2024,4,139349.854396557,139349.854396557,98.1887737006234,37.0091147815297,2270.0355999543,1755.08802470551,34.1344397368382,43.7794208452957,14.2636157131644,1251.01182722807,982.885180081437,16.1576181810139,54.4093528553277,22.7454990683653,1019.02377272623,772.202844624073,17.9768215558243,0.319615890116805,7.38923016890294,0.142507111912108,4.07218914786805,0.120468977435233,5.71301585820738,0.111111575477989,0.177108778204697,7.24672305699083,5.14410651926529,1.73567356043942,1.99206183607026
"SPRC",2024,5,1401.5573429516,1401.5573429516,0.296937709982124,0.067084689038557,18.022975995291,10.9393396657538,0.160631639382823,0.0912788497701219,0.00308342615449352,8.45085912552341,5.53670528767925,0.0448321200513324,0.205658860212002,0.0640012628840635,9.57211686976759,5.40263437807455,0.115799519331491,0.0961009165449057,5.83295571356891,0.0295414857365255,2.73503593600008,0.0217112878762466,3.54040774524149,0.051986821652694,0.0665594308083801,5.80341422783239,3.14661087107097,-0.686852575441015,-0.527334645121432
"SPRC",2024,6,10906.0226359847,10906.0226359847,2.31397144188084,1.75689037412094,97.8114897830401,72.9094050516704,1.39388160583985,0.750785629156046,0.244953920824054,48.419779124226,30.1926850271694,0.896464324324471,1.56318581272479,1.51193645329689,49.3917106588141,42.716720024501,0.497417281515379,0.0962420014216649,4.06814594526844,0.0312264491604399,2.01386083119622,0.0730720538825752,3.03242595722448,0.0579739028161176,0.065015552261225,4.036919496108,4.03766639475123,0.194010604791218,0.364357994758298
"SPRC",2024,7,6473.59166802325,6473.59166802325,2.89733085479904,1.57283399952148,83.3471828884948,64.9970268234286,1.02878690306134,0.768032390495039,0.0186439765931972,24.469078745631,9.70931174030887,0.405241298238915,2.129298464304,1.55419002292828,58.8781041428638,55.2877150831197,0.623545604822425,0.203013928454674,5.84007828991871,0.0538154876294398,1.7145310807667,0.110207368454674,4.55429580347781,0.0720863723199768,0.149198440825234,5.78626280228927,3.81114530212293,0.328236540872478,0.461998091409878
"SPRC",2024,8,4821.25863506368,4821.25863506368,2.26090495296645,1.65472012657261,17.0283570108009,9.64366305986895,0.852279821384024,0.186419783390085,0.0183214479629551,11.0386446862889,0.159101534957102,0.336211304147949,2.07448516957637,1.63639867860965,5.989712324512,9.48456152491185,0.516068517236075,0.212713435285771,1.60208429473671,0.0175389914016977,1.03855229696353,0.155681556669573,0.907307799698404,0.0801853118121897,0.195174443884073,1.58454530333502,3.68316042971328,0.316910334419669,0.35428230526007
"SPRC",2024,9,2017.57921119162,2017.57921119162,1.40858194100675,1.10750499431583,10.4574096736631,1.66081262519792,0.45570294131213,0.263178784889588,0.00856414353457615,7.16392013078192,0.197861111939969,0.58935987891242,1.14540315611716,1.09894085078125,3.29348954288118,1.46295151325795,-0.13365693760029,0.316682866722886,2.35107548772372,0.0591688773177883,1.61062036786324,0.248993577369859,0.373390349489593,0.102452906449753,0.257513989405098,2.29190661040593,3.30483059435228,0.0589583754617693,0.148782116136823
"SPRC",2024,10,1336.29201849962,1336.29201849962,1.41049165895051,1.13746550866104,4.19903720959144,1.46445204283365,0.102071535479213,0.0835143026780852,0.00293984244069917,2.58746413250056,0.135423208695512,0.0650761051415512,1.32697735627242,1.13452566622034,1.61157307709088,1.32902883413814,0.0369954303376618,0.478786827761131,1.42534958819049,0.0283486597018765,0.878306323957579,0.386108984851947,0.497103505396364,0.0346478523050343,0.450438168059254,1.39700092848862,3.12590137443058,0.122863512065762,0.149370522265594
"SPRC",2024,11,1259.6884825569,1259.6884825569,1.0971583561915,1.20273114988109,8.30658008696058,5.64572900617017,0.034542869564879,0.0372019727115425,0.00634084559885536,2.81071477526852,2.07423593335293,0.111937699363453,1.05995638347996,1.19639030428223,5.49586531169206,3.57149307281724,-0.077394829798574,0.395074684939802,2.99110834116492,0.0133960221559726,1.0121075485853,0.43309028949657,2.03296506450603,0.0124385082912127,0.381678662783829,2.97771231900894,3.10026315858293,0.0252879946952391,0.0402693151378662
"SPRC",2024,12,1753.00062734964,1753.00062734964,1.28250932837542,1.24309124141668,12.0808808022279,7.07560264734403,0.953642935049589,0.113549145407173,0.00469352050010161,6.15021956051538,3.72787816526482,0.117224816106395,1.16896018296825,1.23839772091658,5.93066124171252,3.34772448207921,0.836418118943194,0.331857400547901,3.12600431876377,0.0293815595688436,1.5914082112267,0.321657721229179,1.83085693796224,0.246761141205351,0.302475840979057,3.09662275919493,3.24378207151561,0.0677997185085659,0.108060532651095
"SPRC",2025,1,12834.5057798919,12834.5057798919,6.30701736797197,2.65805588953248,181.929556895623,140.068588239942,3.34490656482608,2.32489898696016,0.652066098392713,73.1041430813456,54.1822783542331,0.868852141225802,3.98211838101181,2.00598979113977,108.825413814277,85.8863098857089,2.47605442360028,0.222904031302418,6.42979546100993,0.0821671047230625,2.583663124267,0.093941611166744,4.95033565882837,0.11821644275405,0.140736926579355,6.34762835628686,4.10837914989112,0.600114166654723,0.799824026934972
"SPRC",2025,2,21063.2783649257,21063.2783649257,4.7855931231052,0.846623510526293,314.02417647067,198.558141798539,11.4092196607531,1.14543055817683,0.092678424805673,77.9999473967442,53.1834404710424,4.70423169799927,3.64016256492837,0.75394508572062,236.024229073926,145.374701327497,6.70498796275383,0.103058270561301,6.76254493622832,0.0246669721677413,1.679737385899,0.0182321297625827,4.27597126902116,0.245698791444323,0.0783912983935601,6.73787796406058,4.32352596727636,0.561120779109178,0.679935771606749
"SPRC",2025,3,11829.7356804355,11829.7356804355,1.30238962405896,0.256014743389002,199.56897438382,89.0572503504917,2.3739361891136,0.333561068682303,0.0520508369939161,42.543673698631,25.1397343331822,1.47232032017759,0.968828555376657,0.203963906395086,157.025300685189,63.9175160173095,0.90161586893601,0.0499388954607138,7.65228313006298,0.0127900829605622,1.63129683629487,0.00981664263161086,3.41481583783754,0.091026332664627,0.0371488125001516,7.63949304710242,4.0729750410091,-0.0137530692252971,0.114740927600494
"SPRC",2025,4,203230.573992828,203230.573992828,116.013552878845,44.2063848702721,3022.26468331185,2360.33648597111,44.8928483793996,46.9358922622813,15.0141398766963,1308.21156167934,1021.19266995825,18.0862872094521,69.0776606165637,29.1922449935758,1714.05312163251,1339.14381601286,26.8065611699475,0.258936175556445,6.74553652738605,0.104758453966292,2.91985970771647,0.0986663363843231,5.26814744947913,0.100198486993469,0.154177721590153,6.64077807341976,5.30798904375728,1.83933762133142,2.06450872712934
"SPRC",2025,5,39516.1366224378,39516.1366224378,24.4542678542868,9.50654000103334,629.054835958336,504.542589784152,10.5443978396542,10.975535792733,3.30211735188954,321.324960334811,244.292750877204,4.56736507755557,13.4787320615538,6.2044226491438,307.729875623525,260.249838906948,5.97703276209863,0.280706993314879,7.22082921002661,0.125986583231844,3.68844260764879,0.10912419363436,5.79157119818594,0.121037613210177,0.154720410083035,7.09484262679477,4.59677447828469,1.12964904022824,1.38835466484272
"SPRC",2025,6,10609.0252234452,10609.0252234452,5.73131735239422,1.02514964105145,319.579636225739,130.136307400237,8.50461524980215,0.0933594219663175,0.0466797109831587,82.5252905953912,44.8714269821482,0.561144436876356,5.6379579304279,0.978469930068291,237.054345630348,85.2648804180888,7.94347081292579,0.245048484313225,13.6639625167109,0.00399167999999999,3.5284553505768,0.0438313480632795,5.56411430772129,0.363623744506236,0.241056804313225,13.6599708367109,4.02567548196667,0.751121830909265,0.7582544567177
"SPRC",2025,7,13237.4760597651,13237.4760597651,7.59863326529309,3.46439833336408,76.5320601646828,43.1620920051092,1.54316982700068,1.01897085251918,0.0582448946629664,56.1694749777547,30.6826927412293,0.583109019706352,6.57966241277391,3.40615343870111,20.3625851869281,12.4793992638799,0.960060807294328,0.260377434004448,2.62247443047056,0.0349164128128291,1.92472294075383,0.118712289028444,1.47900739122205,0.0528787988259395,0.225461021191619,2.58755801765773,4.12180518768617,0.818203611542442,0.880735484554567
"SPRC",2025,8,2397.90701153639,2397.90701153639,1.14430872651958,0.790887467721488,11.9926928606811,4.40258535542523,0.727921063333984,0.263764012278075,0.0105507908507601,8.93441477967465,0.0651677786699687,0.770628138443278,0.880544714241505,0.780336676870728,3.05827808100645,4.33741757675526,-0.0427070751092941,0.21646312215281,2.2685973456992,0.0498949106006729,1.69007827432966,0.149608201499278,0.83281491217683,0.137697163709755,0.166568211552137,2.21870243509852,3.37983233757866,-0.0552485855737224,0.0585432098901862
"SPRC",2025,9,416.090598316573,416.090598316573,0.230817706396395,0.136026586098829,1.22012320513337,0.455700049554557,0.032971635561324,0.0201042646092193,0.00183079863259292,0.450280138934643,0.0154033965063144,0.0220156107235188,0.210713441787176,0.134195787466236,0.769843066198727,0.440296653048243,0.0109560248378052,0.251625275949511,1.33011389367519,0.0219166077379227,0.490871631916464,0.148289001731985,0.496780132293881,0.0359439361310387,0.229708668211588,1.30819728593727,2.61918790289854,-0.676307759086751,-0.636730878812263
"SPRC",2025,10,299.992405205522,299.992405205522,0.252942580132113,0.163614592284179,1.21743892922732,0.206901299291246,0.065204553263041,0.0560414247857802,0.00618795218909567,0.726361646814247,0.0197932200148585,0.104393609312642,0.196901155346333,0.157426640095083,0.491077282413073,0.187108079276388,-0.039189056049601,0.382458863481303,1.84081426301171,0.084736779470849,1.09828661418685,0.24739152649301,0.312842684448005,0.0985917804814179,0.297722084010454,1.75607748354086,2.47711025998938,-0.705751735568002,-0.596978055749158
"SPRC",2025,11,2123.07389492206,2123.07389492206,1.06349858296161,1.84219395274223,6.66739043263022,1.62126371405357,0.401994382378328,0.117635539887512,0.0253644565432352,3.79550597931999,0.160414442299444,0.152248957446573,0.945863043074098,1.81682949619899,2.87188445331023,1.46084927175413,0.249745424931755,0.2272191082869,1.42450449203611,0.0251331246738985,0.810919260199726,0.393589304151164,0.346387011047346,0.0858870961971409,0.202085983613002,1.39937136736221,3.32696511032162,-0.0241717430307321,0.0267369155717394
"SPRC",2025,12,16996.4843101411,16996.4843101411,6.09235792152723,2.91470649722684,145.731076178725,96.2922840815875,1.87851095742305,2.02423637596863,0.620329109800354,70.3308991487245,45.5675072903869,1.20263566604283,4.0681215455586,2.29437738742649,75.4001770300005,50.7247767912006,0.67587529138022,0.162592069205506,3.88925232703733,0.0540225615712493,1.87698204356455,0.0777873143067149,2.56983616507957,0.050133460234402,0.108569507634256,3.83522976546608,4.23035909769549,0.609393920105384,0.784785409893495
"STMA",2025,1,0,0,0,0,0,0,0,0,0,0,0,0,0,0,0,0,0,NA,NA,NA,NA,NA,NA,NA,NA,NA,-Inf,-Inf,-Inf
"STMA",2025,2,0,0,0,0,0,0,0,0,0,0,0,0,0,0,0,0,0,NA,NA,NA,NA,NA,NA,NA,NA,NA,-Inf,-Inf,-Inf
"STMA",2025,3,0,0,0,0,0,0,0,0,0,0,0,0,0,0,0,0,0,NA,NA,NA,NA,NA,NA,NA,NA,NA,-Inf,-Inf,-Inf
"STMA",2025,4,0,0,0,0,0,0,0,0,0,0,0,0,0,0,0,0,0,NA,NA,NA,NA,NA,NA,NA,NA,NA,-Inf,-Inf,-Inf
"STMA",2025,5,0,0,0,0,0,0,0,0,0,0,0,0,0,0,0,0,0,NA,NA,NA,NA,NA,NA,NA,NA,NA,-Inf,-Inf,-Inf
"STMA",2025,6,0,0,0,0,0,0,0,0,0,0,0,0,0,0,0,0,0,NA,NA,NA,NA,NA,NA,NA,NA,NA,-Inf,-Inf,-Inf
"STMA",2025,7,26390.725068272,16526.5458749575,29.6989954701095,10.0664698595786,309.581770178626,0.698252244595051,45.4794961979577,3.92079501089478,0.37167387649746,66.259978139508,0.437263384114659,2.39037316649347,25.7782004592147,9.69479598308114,243.321792039118,0.260988860480392,43.0891230314642,0.510462077506071,5.32104709475569,0.107613086872362,1.8186211632779,0.173021041160952,0.0120014595024938,0.781695062262432,0.402848990633709,5.21343400788332,4.42145132234675,1.41125259657397,1.4727417601197
"STMA",2025,8,84663.7973653207,71973.0256224817,95.2770235728717,32.2941322063221,993.165901679285,2.24005541315529,145.902275910181,17.0750428985423,1.61863789558673,288.561877385775,1.90427987716086,10.4100633284793,78.2019806743294,30.6754943107354,704.60402429351,0.33577553599443,135.492212581702,0.510462077506071,5.32104709475568,0.107613086872361,1.8186211632779,0.173021041160953,0.0120014595024938,0.78169506226243,0.40284899063371,5.21343400788332,4.92769774367755,1.89321775286852,1.97898818145049
"STMA",2025,9,259295.94426195,170634.607993889,165.027620638794,55.9360861491211,1720.24481357101,3.87995973288702,252.714710602041,16.7321440055996,1.58613261019625,282.767013566751,1.86603836493676,10.201009728321,148.295476633194,54.3499535389249,1437.47780000426,2.01392136795026,242.51370087372,0.288691475429073,3.00931450993896,0.0444792566418402,0.751682902207457,0.0978519303472368,0.00678741713391239,0.442087102655493,0.244212218787233,2.96483525329712,5.41379572387143,2.17112790420975,2.21755663807522
"STMA",2025,10,0,0,0,0,0,0,0,0,0,0,0,0,0,0,0,0,0,NA,NA,NA,NA,NA,NA,NA,NA,NA,-Inf,-Inf,-Inf
"STMA",2025,11,0,0,0,0,0,0,0,0,0,0,0,0,0,0,0,0,0,NA,NA,NA,NA,NA,NA,NA,NA,NA,-Inf,-Inf,-Inf
"STMA",2025,12,0,0,0,0,0,0,0,0,0,0,0,0,0,0,0,0,0,NA,NA,NA,NA,NA,NA,NA,NA,NA,-Inf,-Inf,-Inf
"TIPC",2023,1,28993.5801413932,10931.4733930796,14.7812288529479,4.58617587113086,298.660721363888,286.707900626585,3.77121082086022,0.982751972385185,0.0639188274722072,75.9435568904161,48.3386132758567,0.343563697663114,13.7984768805627,4.52225704365865,222.717164473472,238.369287350728,3.42764712319711,0.23125,4.6725,0.0407791592811384,3.15126755257903,0.0717499999999999,4.48549999999999,0.0589999999999999,0.190470840718861,4.63172084071886,4.4623018455603,1.13983115025096,1.16971054108652
"TIPC",2023,2,13544.6616611401,21162.2794673678,6.90520945577301,2.14248120411552,139.522556463133,133.938668168086,1.76176154763506,0.459103115167611,0.0298603652141536,35.4778464200662,22.5819011932036,0.160499463026075,6.4461063406054,2.11262083890137,104.044710043067,111.356766974882,1.60126208460899,0.231249999999999,4.6725,0.00984058325858272,0.760445072136819,0.0717499999999998,4.48549999999999,0.0589999999999998,0.221409416741416,4.66265941674142,4.13176816104618,0.809297465736847,0.839176856572402
"TIPC",2023,3,121395.490978426,114037.59820895,61.888684499032,19.2022188661861,1250.48596031017,1200.43975922339,15.7899778829963,4.11476118561132,0.267626743779598,317.974024953135,202.392724983321,1.43849374781534,57.7739233134207,18.9345921224065,932.511935357035,998.047034240069,14.351484135181,0.231249999999999,4.67249999999998,0.016367020203051,1.26478477260162,0.0717499999999996,4.4855,0.0589999999999999,0.214882979796948,4.65613297979693,5.08420255593565,1.76173186062631,1.79161125146187
"TIPC",2023,4,20206.6093100066,38783.4439336421,10.4463180846485,7.16096218382621,207.055379349451,153.030764180336,0.946627971423371,5.51828423341506,0.551271583358316,138.068473832015,57.4269074664072,1.16936396469946,4.92803385123344,6.60969060046789,68.986905517436,95.6038567139288,-0.222735993276089,0.234500000000001,4.64800000000001,0.0645402644633578,1.61480913962559,0.16075,3.43525000000001,0.02125,0.169959735536643,4.58345973553666,4.30549344456452,0.692673682385548,1.01896324573077
"TIPC",2023,5,12080.1664895197,15959.4689566692,6.24514779936592,4.28105547440542,123.784422053104,91.4867547026514,0.565924907192007,3.29900931192517,0.329568034188287,82.5418121989754,34.331668046301,0.699083708884244,2.94613848744075,3.95148744021713,41.2426098541286,57.1550866563504,-0.133158801692237,0.234500000000001,4.64800000000003,0.0937644371471347,2.34600324829789,0.160750000000001,3.43525000000001,0.0212500000000001,0.140735562852866,4.5542355628529,4.08207291979682,0.469253157617856,0.795542720963075
"TIPC",2023,6,39618.4820540396,39529.9848119297,20.4817769878137,14.0402799607294,405.967161788307,300.04274796327,1.85602456712597,10.8195314471873,1.0808613655616,270.706642011109,112.595184475118,2.29273622997914,9.6622455406264,12.9594185951678,135.260519777198,187.447563488152,-0.43671166285317,0.2345,4.648,0.124152323553716,3.10631368568555,0.16075,3.43524999999999,0.02125,0.110347676446285,4.52384767644628,4.59789783192481,0.98507806974584,1.31136763309106
"TIPC",2023,7,3126.9041668662,12532.2399222778,3.03315219008185,2.16456769928568,15.8464968112515,9.83189388887327,0.208529213068127,1.00731673585389,0.059456676453309,6.02925166875077,0.230933178108504,0.0499780758593032,2.02583545422796,2.10511102283237,9.81724514250073,9.60096071076476,0.158551137208824,0.44,2.29875,0.0364594736628915,0.218226635773525,0.313999999999999,1.42625,0.03025,0.403540526337108,2.26229052633711,3.49511457122088,0.306604167469023,0.481894201822215
"TIPC",2023,8,8938.7668757088,11444.4676502033,8.67076151964699,6.18777072083899,45.2998023711103,28.1060764031739,0.59611485447573,2.87957960695095,0.169966632061262,17.235601804821,0.660160252064032,0.142870502312365,5.79118191269604,6.01780408877773,28.0642005662893,27.4459161511099,0.453244352163365,0.44,2.29875,0.114131766512508,0.68313085567837,0.314,1.42625,0.03025,0.325868233487492,2.1846182334875,3.95127761096449,0.762767207212641,0.938057241565832
"TIPC",2023,9,331.769952711996,2404.5353746601,0.321822705452553,0.229664385254777,1.68134078217967,1.04318098557205,0.022125310999863,0.106878051896033,0.00630845644210971,0.639714053991908,0.0245024105287739,0.00530276048757048,0.21494465355652,0.223355928812667,1.04162672818776,1.01867857504328,0.0168225505122925,0.439999999999999,2.29874999999999,0.0201618511629897,0.120677906404994,0.314,1.42624999999999,0.0302499999999999,0.41983814883701,2.278588148837,2.52083705087979,-0.667673352872065,-0.492383318518873
"TIPC",2023,10,0,0,0,0,0,0,0,0,0,0,0,0,0,0,0,0,0,NA,NA,NA,NA,NA,NA,NA,NA,NA,-Inf,-Inf,-Inf
"TIPC",2023,11,0,0,0,0,0,0,0,0,0,0,0,0,0,0,0,0,0,NA,NA,NA,NA,NA,NA,NA,NA,NA,-Inf,-Inf,-Inf
"TIPC",2023,12,8301.75726137844,7016.70851072666,8.08945482700456,6.68020590917798,41.1976534289305,30.9302684561939,5.28925892534914,0.0366038679954958,0.0183019339977479,15.9226825780407,12.3721073824776,0,8.05285095900907,6.66190397518023,25.2749708508898,18.5581610737163,5.28925892534914,0.442,2.251,0.00236628249518625,1.02933288540602,0.365,1.69,0.289,0.439633717504814,2.24863371750481,3.91917003070655,0.905949661307884,0.907919254170789
"TIPC",2024,1,54281.399100756,14540.689497823,21.8593523715566,3.23103566075929,755.025222059898,584.65789728085,26.6061825398326,13.1634786179082,1.13684588063753,459.74446306273,272.862956017579,2.39335974871058,8.6958737536484,2.09418978012176,295.280758997168,311.794941263271,24.212822791122,0.182666666666666,6.30933333333333,0.410637604356872,14.3418294212579,0.027,4.88566666666667,0.222333333333333,-0.227970937690205,5.89869572897646,4.73465103305379,0.939313226053876,1.33963729093364
"TIPC",2024,2,3391.44774832825,26281.2100429949,1.36575056296581,0.201871889781443,47.1732238244835,36.5288430682298,1.66232778375584,0.822441032442918,0.0710289982564338,28.7243761194571,17.0482057043205,0.14953473317144,0.543309530522892,0.130842891525009,18.4488477050264,19.4806373639093,1.5127930505844,0.182666666666666,6.30933333333334,0.014194903952512,0.495767774256598,0.0269999999999999,4.88566666666666,0.222333333333334,0.168471762714154,6.29513842938082,3.53038513032408,-0.264952676675834,0.135371388203932
"TIPC",2024,3,44214.6490176328,42480.3939964541,17.8054289106869,2.63182434628767,615.002113907814,476.230240043683,21.6719362836281,10.7222473367275,0.926012269990105,374.482611149858,222.259190626923,1.94949951576864,7.0831815739594,1.70581207629757,240.519502757956,253.97104941676,19.7224367678595,0.182666666666666,6.30933333333333,0.114490731708975,3.99867554033879,0.027,4.88566666666667,0.222333333333334,0.068175934957691,6.19484260162436,4.64556618187156,0.850228374871648,1.25055243975141
"TIPC",2024,4,121851.190441455,116830.232869645,40.2051620430728,16.7446888687185,1175.351797277,722.618391286408,22.7441228484198,61.324704688034,19.0728274280056,882.26217820895,470.987547331816,7.36817478104038,-21.1195426449612,-2.3281385592871,293.08961906805,251.630843954592,15.3759480673794,0.149666666666667,4.37533333333334,0.238096641282307,3.42543290555709,0.0623333333333335,2.69000000000001,0.0846666666666669,-0.0884299746156395,4.13723669205104,5.08582977643933,NA,1.60428181683814
"TIPC",2024,5,4890.02344674336,11557.8703016328,1.61347775395927,0.671982939844951,47.1681714887959,28.9994776713837,0.912746880858917,2.46102842904255,0.765413722924998,35.4061599397298,18.9012527594738,0.295693027769818,-0.84755067508328,-0.0934307830800469,11.7620115490661,10.0982249119099,0.617053853089099,0.149666666666667,4.37533333333334,0.0965854838547545,1.38954960814819,0.0623333333333334,2.69,0.0846666666666667,0.0530811828119126,4.27874784947859,3.68931094148903,NA,0.20776298188784
"TIPC",2024,6,11264.7909738657,18231.9192653734,3.71685122520994,1.54799817174668,108.657882365491,66.8039852727043,2.10262853274683,5.6692920056177,1.76322786407509,81.5625927466527,43.5414397903292,0.681166498797622,-1.95244078040776,-0.21522969232841,27.0952896188383,23.2625454823751,1.42146203394921,0.149666666666666,4.3753333333333,0.141048828503329,2.02923189442524,0.0623333333333332,2.68999999999999,0.0846666666666666,0.00861783816333753,4.23428450482997,4.05172313749448,NA,0.570175177893286
"TIPC",2024,7,12298.5716688345,20500.5708745412,6.83253981601917,4.32004501594863,103.003249051813,50.7921610661742,1.22009639571771,2.41307953819724,0.225943776984761,40.6020967241615,0.8495486014627,1.6087196921315,4.41946027782193,4.09410123896387,62.4011523276515,49.9426124647115,-0.38862329641379,0.252,3.79900000000001,0.0533923121080288,0.898370644739025,0.159333333333333,1.87333333333333,0.0450000000000001,0.198607687891971,3.74560768789198,4.08985467628791,0.645369234807022,0.834582171184608
"TIPC",2024,8,8538.62986763614,10440.3569579611,4.74368325979785,2.99931296056002,71.5129075554446,35.2638887831534,0.847086296392474,1.67534845286511,0.156867832665273,28.1891495299495,0.589823050821426,1.11689896857674,3.06833480693274,2.84244512789475,43.3237580254951,34.674065732332,-0.269812672184266,0.252,3.799,0.0727885130057873,1.22472806995693,0.159333333333333,1.87333333333333,0.045,0.179211486994212,3.72621148699421,3.93138818817571,0.486902746694821,0.676115683072407
"TIPC",2024,9,3250.61086951524,1702.37969367924,1.80589492750846,1.1418224541654,27.2245826571613,13.4247744611079,0.322481237055083,0.63779622439783,0.0597187476027931,10.7314589442219,0.224542490986502,0.425197482931887,1.16809870311063,1.08210370656261,16.4931237129394,13.2002319701214,-0.102716245876804,0.251999999999999,3.79899999999999,0.169941152647093,2.85940310212384,0.159333333333332,1.87333333333333,0.045,0.0820588473529057,3.6290588473529,3.5119649832343,0.0674795417534073,0.256692478130994
"TIPC",2024,10,1613.51026893773,890.957053053036,1.49636240402661,1.33392052656889,9.21294443683581,6.25104801428551,0.313026683568166,0.0557282353322115,0.00474282853891161,1.6676970849948,0.0533568210627557,0.0314212390702894,1.4406341686944,1.32917769802998,7.54524735184101,6.19769119322275,0.281605444497877,0.420666666666666,2.59,0.0283721055465806,0.849050350026929,0.375,1.75733333333334,0.0879999999999999,0.392294561120085,2.56162789445342,3.2077717337491,0.158553711078913,0.175036788052698
"TIPC",2024,11,1489.31500929221,1299.42374723487,1.3811842605282,1.23124587408417,8.50380483700801,5.76989177615267,0.288932365118419,0.0514387165172943,0.00437776310785483,1.53933095279946,0.0492498349633669,0.0290026805895383,1.32974554401091,1.22686811097632,6.96447388420855,5.7206419411893,0.259929684528881,0.420666666666668,2.59000000000001,0.0179561146715193,0.537346282670043,0.375,1.75733333333334,0.0880000000000002,0.402710551995148,2.57204388532849,3.17298656634058,0.123768543670401,0.140251620644186
"TIPC",2024,12,1933.76542936471,1483.96885573131,1.79336564657427,1.59868173723934,11.0415618651997,7.49177788331184,0.375157314338833,0.0667893703557771,0.00568420173240656,1.99870743415746,0.0639472694895738,0.0376578364771935,1.72657627621849,1.59299753550693,9.04285443104224,7.42783061382227,0.337499477861639,0.420666666666667,2.58999999999999,0.020415292596185,0.610938490139025,0.374999999999999,1.75733333333333,0.0880000000000001,0.400251374070482,2.56958470740381,3.28640379192331,0.237185769253129,0.253668846226913
"TIPC",2025,1,13778.4141828836,54071.8051539942,3.05781972606618,1.06314924250645,194.890443997754,151.534205365253,3.57420650099788,4.30828573987139,1.37196878437737,133.344228087512,77.8427750132344,1.50359678583055,-1.25046601380521,-0.30881954187092,61.546215910242,73.6914303520186,2.07060971516733,0.100666666666667,6.416,0.0361415419004428,1.11860408004203,0.035,4.98866666666668,0.117666666666667,0.0645251247662241,6.37985845809956,4.13919923562278,NA,0.485411877975419
"TIPC",2025,2,33953.7384482589,14926.5169762173,7.5352946879587,2.61988722594591,480.262755476255,373.42125927149,8.807811340561,10.6167810918094,3.38090208681591,328.596236400901,191.825647553068,3.70526907669492,-3.0814864038507,-0.76101486087,151.666519075354,181.595611718422,5.10254226386608,0.100666666666667,6.416,0.32263199183827,9.9856686639579,0.0350000000000001,4.98866666666668,0.117666666666667,-0.221965325171604,6.09336800816173,4.53088759888352,NA,0.877100241236156
"TIPC",2025,3,8487.10648674248,18539.0564148349,1.88352892342463,0.654869327680747,120.046903039991,93.3407081720958,2.20160831115527,2.65377998979198,0.845093275245155,82.1362058180153,47.9489084877103,0.926172334862771,-0.77025106636735,-0.190223947564408,37.9106972219757,45.3917996843855,1.2754359762925,0.100666666666667,6.41600000000002,0.0649307373813481,2.00964828658911,0.035,4.98866666666667,0.117666666666667,0.0357359292853189,6.35106926261867,3.92875965125342,NA,0.27497229360606
"TIPC",2025,4,114225.308618406,101336.45274165,53.3353623575363,13.2960676698674,1679.13218224765,1220.31711985185,25.1315824517569,37.4581451873632,4.37536317734746,771.606313426751,325.728475965407,11.8669922148201,15.8772171701731,8.92070449251994,907.525868820899,894.588643886443,13.2645902369368,0.211800000000001,6.66800000000003,0.167669325275331,3.45384720207915,0.0528000000000001,4.84600000000003,0.0998000000000001,0.0441306747246694,6.50033067472469,5.05776234012314,1.20077438514739,1.72701525000976
"TIPC",2025,5,44290.2054069003,60073.2248202948,20.6804795087775,5.15547364524765,651.073830805139,473.17093342557,9.74462632188855,14.5241800138369,1.69652186716246,299.185903091751,126.299340153936,4.60135786992984,6.1562994949406,3.45895177808519,351.887927713388,346.871593271634,5.14326845195871,0.2118,6.668,0.109668959407198,2.25908840499887,0.0528,4.84599999999999,0.0997999999999999,0.102131040592801,6.5583310405928,4.64630769443866,0.789319739462913,1.31556060432528
"TIPC",2025,6,8338.94511040526,11845.2333615633,3.89371378832415,0.970670859412253,122.583963836381,89.0884656195412,1.83471499563149,2.73460777154493,0.31942057163424,56.3306221041017,23.779597663821,0.866342125943227,1.15910601677922,0.651250287778013,66.2533417322793,65.3088679557202,0.968372869688263,0.2118,6.66800000000002,0.104718754566527,2.15711834511704,0.0528,4.846,0.0997999999999999,0.107081245433473,6.56328124543349,3.92111111518138,0.0641231602056308,0.590364025067995
"TIPC",2025,7,31623.1277283986,32944.774081638,15.6163593720487,8.83067940681324,162.18239889513,78.3374217904406,6.43710051496649,6.29766873485891,0.429914655331697,133.90098616331,0.836590680645465,6.03042448965272,9.31869063718979,8.40076475148154,28.28141273182,77.5008311097951,0.40667602531377,0.224,2.32633333333332,0.0867094286654757,1.84361523236336,0.126666666666667,1.12366666666667,0.0923333333333332,0.137290571334524,2.23962390466785,4.50000482220616,0.969354894221829,1.19357979465547
"TIPC",2025,8,1732.99013047489,15019.0229632502,0.855797595296241,0.483933164006803,8.88781460948284,4.29299656807088,0.352761806394433,0.345120756436431,0.0235599040371733,7.33795497633473,0.0458462997480129,0.330475410683593,0.51067683885981,0.46037325996963,1.54985963314811,4.24715026832287,0.02228639571084,0.224,2.32633333333333,0.0104232329561395,0.221618702189209,0.126666666666667,1.12366666666667,0.0923333333333333,0.21357676704386,2.31591010037719,3.23879608937722,-0.291853838607113,-0.06762893817347
"TIPC",2025,9,1646.38699236175,2805.70520066676,0.813030613511974,0.459749454069271,8.44366168407748,4.07846160438819,0.335133154676811,0.327873952770454,0.0223825392112671,6.97125356407142,0.0435552114381415,0.313960482449936,0.48515666074152,0.437366914858004,1.47240812000606,4.03490639295005,0.021172672226875,0.224,2.32633333333333,0.0530075736186876,1.12704663908073,0.126666666666666,1.12366666666666,0.0923333333333333,0.170992426381312,2.27332575971464,3.21653192619397,-0.31411800179036,-0.0898931013567173
"TIPC",2025,10,2005.61710178775,3336.62368023593,1.44879601047719,0.716291822067053,9.05386967686812,4.17984281354355,0.540903495264627,0.10243267825856,0.0344881247661915,3.47755258059097,0.0707448713152645,0.34340739617618,1.34636333221863,0.681803697300862,5.57631709627715,4.10909794222828,0.197496099088447,0.327666666666667,2.04766666666666,0.0139252931438757,0.472758693136328,0.162,0.945333333333334,0.122333333333333,0.313741373522791,2.03374137352279,3.30224802417133,0.129162275255378,0.161007241398957
"TIPC",2025,11,3050.25154087764,2229.25052623425,2.20340774888501,1.08937555031344,13.7696172954228,6.35693222363975,0.822635446430109,0.155785186721778,0.052451415385462,5.28885105136742,0.107592646944537,0.522272640376609,2.04762256216323,1.03692413492798,8.48076624405538,6.24933957669521,0.3003628060535,0.327666666666667,2.04766666666667,0.0316986179280476,1.07615667627667,0.162,0.945333333333332,0.122333333333333,0.295968048738619,2.01596804873862,3.48433565518633,0.311249906270378,0.343094872413957
"TIPC",2025,12,60663.5090241692,9565.04978992312,43.8214501548783,21.6655389372033,273.850628994321,126.426889765244,16.3606024484642,3.09826122661652,1.04315557845794,105.184854161175,2.13980631478551,10.3869764863547,40.7231889282618,20.6223833587454,168.665774833146,124.287083450458,5.9736259621095,0.327666666666667,2.04766666666667,0.146927755031012,4.98814443159239,0.162,0.945333333333334,0.122333333333333,0.180738911635655,1.90073891163566,4.78292752806098,1.60984177914502,1.6416867452886
"TRUC",2025,1,0,1157.83590293523,0,0,0,0,0,0.112030483993304,0.0445285721188575,1.44930575495135,0.0340345774156872,0.218104916938862,-0.112030483993304,-0.0445285721188575,-1.44930575495135,-0.0340345774156872,-0.218104916938862,NA,NA,0.0438896629570187,0.567787791671812,NA,NA,NA,NA,NA,-Inf,NA,-Inf
"TRUC",2025,2,0,2315.67180587046,0,0,0,0,0,0.224060967986608,0.0890571442377149,2.8986115099027,0.0680691548313744,0.436209833877725,-0.224060967986608,-0.0890571442377149,-2.8986115099027,-0.0680691548313744,-0.436209833877725,NA,NA,0.0438896629570187,0.567787791671812,NA,NA,NA,NA,NA,-Inf,NA,-Inf
"TRUC",2025,3,0,299.368392765892,0,0,0,0,0,0.0272797879320113,0.00659994869322854,0.562975623532395,0.00351997263638856,0.00879993159097139,-0.0272797879320113,-0.00659994869322854,-0.562975623532395,-0.00351997263638856,-0.00879993159097139,NA,NA,0.0413340623291416,0.853015044357044,NA,NA,NA,NA,NA,-Inf,NA,-Inf
"TRUC",2025,4,0,3277.53508610257,0,0,0,0,0,0.328770891941805,0.104773141388048,5.25310853718005,0.0433544033329853,0.0939345405548014,-0.328770891941805,-0.104773141388048,-5.25310853718005,-0.0433544033329853,-0.0939345405548014,NA,NA,0.045500802483289,0.727012822095629,NA,NA,NA,NA,NA,-Inf,NA,-Inf
"TRUC",2025,5,0,5873.85491494079,0,0,0,0,0,0.625899459327923,0.133812987856315,15.7165512511239,0.133812987856315,0.1726619198146,-0.625899459327923,-0.133812987856315,-15.7165512511239,-0.133812987856315,-0.1726619198146,NA,NA,0.0483341857881091,1.21368807210003,NA,NA,NA,NA,NA,-Inf,NA,-Inf
"TRUC",2025,6,0,6977.86142625008,0,0,0,0,0,0.892246694656221,0.0769178185048466,23.3676332617724,0.123068509607755,7.13797355724976,-0.892246694656221,-0.0769178185048466,-23.3676332617724,-0.123068509607755,-7.13797355724976,NA,NA,0.058001022945731,1.51902679059595,NA,NA,NA,NA,NA,-Inf,NA,-Inf
"TRUC",2025,7,0,0,0,0,0,0,0,0,0,0,0,0,0,0,0,0,0,NA,NA,NA,NA,NA,NA,NA,NA,NA,-Inf,-Inf,-Inf
"TRUC",2025,8,0,0,0,0,0,0,0,0,0,0,0,0,0,0,0,0,0,NA,NA,NA,NA,NA,NA,NA,NA,NA,-Inf,-Inf,-Inf
"TRUC",2025,9,0,0,0,0,0,0,0,0,0,0,0,0,0,0,0,0,0,NA,NA,NA,NA,NA,NA,NA,NA,NA,-Inf,-Inf,-Inf
"TRUC",2025,10,0,0,0,0,0,0,0,0,0,0,0,0,0,0,0,0,0,NA,NA,NA,NA,NA,NA,NA,NA,NA,-Inf,-Inf,-Inf
"TRUC",2025,11,0,0,0,0,0,0,0,0,0,0,0,0,0,0,0,0,0,NA,NA,NA,NA,NA,NA,NA,NA,NA,-Inf,-Inf,-Inf
"TRUC",2025,12,0,5403.23421369774,0,0,0,0,0,0.522808925302084,0.207800003221335,6.76342685643962,0.158828027939874,1.01782294571469,-0.522808925302084,-0.207800003221335,-6.76342685643962,-0.158828027939874,-1.01782294571469,NA,NA,0.0438896629570186,0.56778779167181,NA,NA,NA,NA,NA,-Inf,NA,-Inf
"UPPB",2025,1,5714.38020833333,4737.84895833333,0.642050419560186,0.0889293579603911,4.94974942933385,0.174926978845165,0.106519780414095,1.09825290638147,0.211006924142736,8.14029121813302,1.38806964556547,0.0457605377658946,-0.456202486821284,-0.122077566182345,-3.19054178879917,-1.2131426667203,0.0607592426482004,0.0509651195221122,0.392904612449768,0.105146348631147,0.779348630363272,0.00705909570245389,0.0138854739641676,0.00845540034689534,-0.0541812291090352,0.287758263818621,3.75696913294693,NA,-0.192430865892246
"UPPB",2025,2,10192.786166958,8506.78095862471,2.34734080481151,0.0532729828042328,22.3380276020999,0.339615265376984,0.402876932457011,1.95198233629652,0.0701175578507439,15.0707512245002,0.180948536389017,0.178686679684154,0.39535846851499,-0.0168445750465111,7.2672763775997,0.158666728987967,0.224190252772857,0.104461505580694,0.994088285022517,0.104083929285426,0.803605122628958,0.00237075757346255,0.0151135795308238,0.0179288541493106,0.000377576295267856,0.890004355737091,4.00829291330409,-0.403008954248697,0.37057614835613
"UPPB",2025,3,2607.29862325175,3046.34549825175,1.44408574173223,0.0146310612130925,9.64625865779187,0.149236824373543,0.153626142737471,2.30288252051047,0.0323934881401729,9.37349752274276,1.42236861560941,0.0294486255819754,-0.85879677877824,-0.0177624269270804,0.272761135049111,-1.27313179123587,0.124177517155496,0.251232170572313,1.67819017283004,0.342898568761495,1.39571118205606,0.00254541206253609,0.0259632030378681,0.026726826656629,-0.0916663981891827,1.33529160406855,3.41619077531991,NA,0.159592979975786
"UPPB",2025,4,2037.85949178588,3427.90115845254,1.35936547550155,0.0757058577674899,7.53273284786524,0.767078470614713,0.10353889371142,1.42666451600963,0.0474490277150628,8.612454770935,0.874157087519811,0.144172045749614,-0.06729904050808,0.0282568300524271,-1.07972192306976,-0.107078616905098,-0.040633152038194,0.302576395562551,1.67668459654071,0.188784622002959,1.13965056269583,0.016851101472771,0.170741307569694,0.0230463593671721,0.113791773559592,1.48789997453776,3.30917423656653,NA,0.133336235727799
"UPPB",2025,5,3733.64583333334,7258.07244318182,1.39019861937831,0.174559718241721,7.89286208021018,0.0753495186654909,0.251165062218303,4.41397718086545,0.373723468402795,28.3019772558009,0.202012685623133,0.737346302524434,-3.02377856148714,-0.199163750161074,-20.4091151755907,-0.126663166957642,-0.486181240306131,0.168894994838602,0.958902477471193,0.275855616613665,1.76875843879059,0.021207230607557,0.00915420026225482,0.0305140008741827,-0.106960621775063,0.683046860857529,3.57213311920386,NA,0.14307685287116
"UPPB",2025,6,786.272401556777,3377.02808337496,0.503694071701419,0.0114313548187556,4.79330996743946,0.0728748869695671,0.0864496208168394,0.66839993314984,0.00901029321648068,4.61900394979405,0.129420575291268,0.187577922415825,-0.164705861448421,0.00242106160227492,0.17430601764541,-0.0565456883217009,-0.101128301598986,0.290580758616726,2.76525717668031,0.089779001592953,0.620421311253261,0.00659474062108882,0.0420414714594413,0.0498727259469843,0.200801757023773,2.67547817508736,2.89557303204175,NA,-0.297833160602507
"UPPB",2025,7,1974.23958333333,2935.15104166667,1.10444051752646,0.128022234163727,8.67632550705467,1.3677815898736,0.262014417070841,0.381074016644635,0.0275714915076053,2.8351262556085,0.0834724536707914,0.132172613928211,0.723366500881825,0.100450742656122,5.84119925144617,1.28430913620281,0.12984180314263,0.253755533512377,1.99346689389902,0.0588914067781173,0.438142109652312,0.0294143050858189,0.314260606668179,0.0602002617041373,0.19486412673426,1.93457548712091,3.29539985522617,-0.14064160729549,0.0431423307953535
"UPPB",2025,8,7598.01937645688,6418.04541812354,4.83105798879779,0.0571801523584654,113.159521517403,61.0431370701246,2.40555571201079,3.11054269507742,0.166366140903655,32.0179200266397,1.08894201318756,0.158804043589852,1.72051529372037,-0.10918598854519,81.1416014907633,59.954195056937,2.24675166842094,0.288413044919156,6.75559727043364,0.219839853813256,2.26288964597729,0.00341364187490331,3.64426116901015,0.143611119806979,0.0685731911059,6.53575741662038,3.88070039675721,0.235658537432883,0.684042250499094
"UPPB",2025,9,8181.78617889733,8607.56066343342,4.06038320806872,0.288911882112582,44.5627057085542,0.706662846788884,1.44065519593977,2.7123165658936,0.47601396489941,28.2196486936899,0.272401055058044,1.4431752866459,1.34806664217512,-0.187102082786828,16.3430570148643,0.43426179173084,-0.00252009070613002,0.225108525560148,2.47056606802262,0.142933270225549,1.48711500830153,0.0160173373956259,0.0391775414676796,0.0798702364727833,0.0821752553345983,2.32763279779707,3.91284812554876,0.129711362239003,0.608567023058977
"UPPB",2025,10,217.028154137529,2177.46565413753,0.0273703447401364,0.0008228426425041,0.329873284629144,0.00441736576502202,0.007622121320038,0.17969174856279,0.0079967532082917,1.92674712595075,0.00940794495093141,0.00752635596074513,-0.152321403822654,-0.0071739105657876,-1.59687384132161,-0.00499057918590939,0.00009576535929287,0.0572054276711881,0.689452124321898,0.0374325891171707,0.401371426764217,0.00171978342682369,0.0092325215545272,0.0159306254274195,0.0197728385540173,0.652019535204727,2.33651607667547,NA,-1.56271973244753
"UPPB",2025,11,2407.11968085106,946.275930851065,0.540706983024692,0.0122713641537519,5.14553638172008,0.0782299464801681,0.0928021914127485,0.121471086835851,0.00436338782376755,0.937846873218167,0.0112603556742388,0.0111196012283108,0.419235896188841,0.00790797632998435,4.20768950850191,0.0669695908059293,0.0816825901844377,0.101891355652613,0.969629936274301,0.0582275034082148,0.449559507773971,0.0023124279297047,0.0147417280518674,0.0174877362183918,0.0436638522443985,0.911402432866086,3.3814976837279,-0.377541538883809,-0.267038021640377
"UPPB",2025,12,9816.30208333333,1970.921875,3.05928850446428,0.0335724390064668,29.8249155023699,0.428048597332451,0.58332112773736,0.522290593914779,0.0135430480947462,4.1577157650871,0.0471062542425956,0.0571163332691472,2.5369979105495,0.0200293909117206,25.6671997372828,0.380942343089855,0.526204794468213,0.141366194096767,1.37817495397219,0.120203147778115,0.956882104240438,0.00155134369379169,0.0197796320958439,0.0269545966796305,0.0211630463186523,1.25797180619407,3.99194791474605,0.404320109540534,0.485620434810333
"WALC",2023,1,0,0,0,0,0,0,0,0,0,0,0,0,0,0,0,0,0,NA,NA,NA,NA,NA,NA,NA,NA,NA,-Inf,-Inf,-Inf
"WALC",2023,2,0,0,0,0,0,0,0,0,0,0,0,0,0,0,0,0,0,NA,NA,NA,NA,NA,NA,NA,NA,NA,-Inf,-Inf,-Inf
"WALC",2023,3,267761.115104457,267287.601859697,60.2108327615843,25.3829981249816,1241.99600127817,1186.5075867724,7.0836273837158,42.4266034697932,0.589258381524905,1322.88506652341,745.411852629005,3.53555028914943,17.7842292917911,24.7937397434567,-80.8890652452399,441.095734143395,3.54807709456637,0.102,2.104,0.072,2.245,0.043,2.01000000000001,0.012,0.0300000000000001,2.032,5.42774750799442,1.25003504907902,1.77967463387149
"WALC",2023,4,178264.833332086,175950.621909758,59.2120110715043,24.7590046294564,1130.39921136286,638.887119459572,7.46700139618528,16.938221244987,0.387898196450084,1389.32204028538,751.229507124996,19.5242092213209,42.2737898265173,24.3711064330063,-258.92282892252,-112.342387665424,-12.0572078251356,0.150666666666667,2.87633333333335,0.0436666666666667,3.58166666666666,0.063,1.62566666666667,0.0190000000000001,0.107,2.83266666666668,5.25106567746498,1.62607118388212,1.77240981167185
"WALC",2023,5,103470.680190029,101534.203330462,34.3685680819322,14.3709278041707,656.1202964137,370.830766671644,4.33408933776578,9.77438318363501,0.223840836266451,801.723261894338,433.505086236026,11.2666554254114,24.5941848982972,14.1470869679042,-145.602965480638,-62.674319564382,-6.93256608764562,0.150666666666667,2.87633333333334,0.0436666666666667,3.58166666666667,0.063,1.62566666666667,0.0190000000000001,0.107000000000001,2.83266666666668,5.0148173040383,1.39083243372447,1.53616143824517
"WALC",2023,6,165245.908841779,163401.431641648,54.8876769521489,22.9508206724694,1047.84461154888,592.228319680598,6.92167607582409,15.7301495774955,0.360232433072417,1290.23249778771,697.65014538358,18.1316991313116,39.1575273746534,22.590588239397,-242.38788623883,-105.421825702982,-11.2100230554875,0.150666666666667,2.87633333333334,0.0436666666666666,3.58166666666668,0.0630000000000003,1.62566666666667,0.019,0.107,2.83266666666668,5.21813071602797,1.59281526021365,1.73947485023484
"WALC",2023,7,56076.5720389493,54418.3222864992,52.9529652190255,31.0712340662608,424.077015617892,322.827649436456,3.37909972603898,11.1571957068881,0.119969846310624,245.618265346618,103.973866802541,0.519869334012706,41.7957695121374,30.9512642199502,178.458750271274,218.853782633915,2.85923039202627,0.428333333333334,3.43033333333333,0.0930000000000003,2.04733333333333,0.251333333333333,2.61133333333334,0.0273333333333333,0.335333333333333,3.33733333333333,4.74878145734678,1.62113232554264,1.72389028440958
"WALC",2023,8,0,0,0,0,0,0,0,0,0,0,0,0,0,0,0,0,0,NA,NA,NA,NA,NA,NA,NA,NA,NA,-Inf,-Inf,-Inf
"WALC",2023,9,0,0,0,0,0,0,0,0,0,0,0,0,0,0,0,0,0,NA,NA,NA,NA,NA,NA,NA,NA,NA,-Inf,-Inf,-Inf
"WALC",2023,10,0,0,0,0,0,0,0,0,0,0,0,0,0,0,0,0,0,NA,NA,NA,NA,NA,NA,NA,NA,NA,-Inf,-Inf,-Inf
"WALC",2023,11,0,0,0,0,0,0,0,0,0,0,0,0,0,0,0,0,0,NA,NA,NA,NA,NA,NA,NA,NA,NA,-Inf,-Inf,-Inf
"WALC",2023,12,0,0,0,0,0,0,0,0,0,0,0,0,0,0,0,0,0,NA,NA,NA,NA,NA,NA,NA,NA,NA,-Inf,-Inf,-Inf
"WALC",2024,1,535178.172905383,534904.967423813,231.249827798622,50.3400985684076,3407.39542184909,2247.60674467539,48.7669704881448,162.342556985622,1.1792437553435,1951.25533384172,254.323569902415,59.7483502707375,68.907270813,49.1608548130641,1456.14008800737,1993.28317477298,-10.9813797825927,0.196,2.888,0.137666666666666,1.65466666666667,0.0426666666666667,1.905,0.0413333333333333,0.0583333333333333,2.75033333333334,5.72849839253994,1.83826504930046,2.36408141801156
"WALC",2024,2,51531.0466077558,51114.5993236421,22.2665016206352,4.84712960449202,328.090085104054,216.416763200562,4.69565680435164,15.5131757206527,0.112686506445419,186.458605998353,24.3027232233954,5.70944965990123,6.7533258999825,4.7344430980466,141.631479105701,192.114039977167,-1.01379285554959,0.196,2.888,0.137666666666667,1.65466666666666,0.0426666666666667,1.905,0.0413333333333333,0.0583333333333331,2.75033333333334,4.71206896317439,0.829517708279176,1.34765198864602
"WALC",2024,3,101323.276253894,99862.505428057,43.7816625788432,9.53070205797946,645.109395549485,425.530955166818,9.23286761866761,30.3080649190091,0.220155435247039,364.283860188768,47.4801888682781,11.1545420525167,13.4735976598341,9.31054662273242,280.825535360717,378.05076629854,-1.92167443384909,0.196000000000001,2.88800000000001,0.137666666666667,1.65466666666667,0.0426666666666667,1.90500000000001,0.0413333333333334,0.0583333333333337,2.75033333333334,5.00570922411085,1.12948357457946,1.64129224958247
"WALC",2024,4,705527.021973451,703141.527112145,398.181035328932,169.019554058896,5117.24846184448,3098.864646043,90.2128908167112,110.576342447089,5.16711880593875,3070.3019944888,34.6196959997896,94.5582741486791,287.604692881843,163.852435252957,2046.94646735568,3064.24495004321,-4.34538333196791,0.256,3.29,0.0713333333333332,1.98066666666666,0.108666666666667,1.99233333333333,0.0580000000000001,0.184666666666667,3.21866666666667,5.84851365206516,2.45879596820619,2.60008057149216
"WALC",2024,5,287087.4047145,284181.920568448,162.024637581376,68.776083140011,2082.2697564169,1260.96518076026,36.7087069520304,44.6905724585889,2.0883445074107,1240.89430630344,13.9919081996517,38.2167044856157,117.334065122787,66.6877386326003,841.37545011346,1246.97327256061,-1.5079975335853,0.256000000000001,3.29,0.0713333333333332,1.98066666666667,0.108666666666667,1.99233333333333,0.058,0.184666666666667,3.21866666666667,5.45801413926425,2.06942411737606,2.20958105869125
"WALC",2024,6,6771.98520545822,6153.65305404172,3.82193168562016,1.62233037696897,49.1177939284778,29.7443824022808,0.865906397523317,0.967726156352827,0.0452208484277022,26.8702281357407,0.302979684465605,0.82754152622695,2.85420552926733,1.57710952854127,22.2475657927371,29.4414027178152,0.038364871296367,0.256,3.29,0.0713333333333333,1.98066666666667,0.108666666666666,1.99233333333333,0.058,0.184666666666667,3.21866666666666,3.83071600064852,0.455485243134905,0.582282920075522
"WALC",2024,7,0,0,0,0,0,0,0,0,0,0,0,0,0,0,0,0,0,NA,NA,NA,NA,NA,NA,NA,NA,NA,-Inf,-Inf,-Inf
"WALC",2024,8,0,0,0,0,0,0,0,0,0,0,0,0,0,0,0,0,0,NA,NA,NA,NA,NA,NA,NA,NA,NA,-Inf,-Inf,-Inf
"WALC",2024,9,0,0,0,0,0,0,0,0,0,0,0,0,0,0,0,0,0,NA,NA,NA,NA,NA,NA,NA,NA,NA,-Inf,-Inf,-Inf
"WALC",2024,10,0,0,0,0,0,0,0,0,0,0,0,0,0,0,0,0,0,NA,NA,NA,NA,NA,NA,NA,NA,NA,-Inf,-Inf,-Inf
"WALC",2024,11,0,0,0,0,0,0,0,0,0,0,0,0,0,0,0,0,0,NA,NA,NA,NA,NA,NA,NA,NA,NA,-Inf,-Inf,-Inf
"WALC",2024,12,0,0,0,0,0,0,0,0,0,0,0,0,0,0,0,0,0,NA,NA,NA,NA,NA,NA,NA,NA,NA,-Inf,-Inf,-Inf
