added_on,on_survey,obsolete_on,obsolete,base_crew,label_name,map_label,project_code,short_name,loi_id,loi_name,loi_description,loi_lat,loi_lon,loi_group,loi_cat_primary,loi_cat_secondary,connectivity,hydrology,flow_path,flow_order,confluence,obs_meas,permanent_marker,loi_group_alias,SWS_WY2025,notes,check_length,check_id,created_by,created_date,modified_by,modified_date,project_code_check,
03/20/23,TRUE,,,HU,23. Andreoff Wetland,23,ANDW,Andreoff Wetland,ANDW_01,Main Pool,Depressional pool receiving run off from surrounding agricultural fields,40.77168,--83.49576,Wetland Pool,pool,NA,,"depressional
precipitation",NA,NA,,"soil sampling
water sampling",No,,,,9,,jaustin1@heidelberg.edu,03/13/23 5:33 AM,cell-link@smartsheet.com,10/13/25 7:56 AM,ANDW,
10/01/24,TRUE,,,HU,23. Andreoff Wetland,23,ANDW,Andreoff Wetland,ANDW_02,Upland Transect,Upland meadow to the south of the Main Pool,40.77110,--83.49536,Meadow,upland,NA,,precipitation,NA,NA,,soil sampling,,,,,15,,anainige@heidelberg.edu,07/30/24 7:06 AM,cell-link@smartsheet.com,10/13/25 7:56 AM,ANDW,
03/20/23,TRUE,,,WS,27. Baughman Ditch,27,BAUD,Baughman Ditch,BAUD_01,Moose Wetland inflow,Inflow tile of the Moose Wetland Pool.,40.78020,--84.11204,Moose Wetland Pool,tile,inlet,,direct tile input,A,1,,"soil sampling
water sampling",Hold,,,,20,,rmarques@kent.edu,12/14/22 7:59 AM,haley.hoehn@wright.edu,02/14/25 11:23 AM,BAUD,
03/20/23,TRUE,,,WS,27. Baughman Ditch,27,BAUD,Baughman Ditch,BAUD_02,Moose Wetland outflow,Outflow tile of the Moose Wetland Pool.,40.78073,--84.11207,Moose Wetland Pool,pool,outlet,,direct tile input,A,2,,"soil sampling
water sampling",Hold,,,,21,,rmarques@kent.edu,12/14/22 7:59 AM,haley.hoehn@wright.edu,02/14/25 11:23 AM,BAUD,
03/20/23,TRUE,,,WS,27. Baughman Ditch,27,BAUD,Baughman Ditch,BAUD_03,State Road Inflow,Road inflow of the State Wetland Pool.,40.78609,--84.10790,State Wetland Pool,swale,inlet,,precipitation,B,1,,"soil sampling
water sampling",Hold,,,,17,,rmarques@kent.edu,12/14/22 7:59 AM,haley.hoehn@wright.edu,02/17/25 7:37 AM,BAUD,
03/20/23,TRUE,,,WS,27. Baughman Ditch,27,BAUD,Baughman Ditch,BAUD_04,State wetland outflow,Outflow Tile of the State Wetland Pool.,40.78696,--84.10824,State Wetland Pool,pool,outlet,,direct tile input,BC,2,,"soil sampling
water sampling",Hold,,,,21,,rmarques@kent.edu,12/14/22 7:59 AM,haley.hoehn@wright.edu,02/17/25 7:45 AM,BAUD,
03/20/23,TRUE,,,WS,27. Baughman Ditch,27,BAUD,Baughman Ditch,BAUD_05,Church Inflow from State,Inflow Tile from State Wetland to the Church Wetland Pool.,40.78650,--84.11513,Church Wetland Pool,tile,connects LoIs,,direct tile input,BC,3,,"soil sampling
water sampling",Hold,,,,24,,rmarques@kent.edu,12/14/22 7:59 AM,haley.hoehn@wright.edu,02/17/25 7:45 AM,BAUD,
03/20/23,TRUE,,,WS,27. Baughman Ditch,27,BAUD,Baughman Ditch,BAUD_06,Church wetland outflow,Outflow tile of the Church Wetland Pool.,40.78633,--84.11574,Church Wetland Pool,pool,outlet,,direct tile input,ABC,4,,"soil sampling
water sampling",Hold,,,,22,,rmarques@kent.edu,12/14/22 7:59 AM,haley.hoehn@wright.edu,02/17/25 7:45 AM,BAUD,
02/18/25,TRUE,,,WS,27. Baughman Ditch,27,BAUD,Baughman Ditch,BAUD_07,Church Inflow from Moose,Inflow tile from Moose Wetland to the Church Wetland,40.78491,--84.11521,Church Wetland Pool,tile,connects LoIs,,direct tile input,A,3,,"soil sampling
water sampling",,,,,24,,haley.hoehn@wright.edu,02/14/25 10:45 AM,automation@smartsheet.com,02/18/25 11:12 AM,BAUD,
02/18/25,TRUE,,,WS,27. Baughman Ditch,27,BAUD,Baughman Ditch,BAUD_08,State Tile Inflow,Inflow Tile of the State Wetland Pool,40.78723,--84.10569,State Wetland Pool,tile,inlet,,direct tile input,C,1,,"soil sampling
water sampling",,,,,17,,haley.hoehn@wright.edu,02/14/25 10:45 AM,automation@smartsheet.com,02/18/25 11:12 AM,BAUD,
02/18/25,TRUE,,,WS,27. Baughman Ditch,27,BAUD,Baughman Ditch,BAUD_09,Outflow Ditch,Outflow culvert that drains into a ditch. This ditch then flows into pike run,40.78482,--84.11848,NA,ditch,outlet,,direct tile input,ABC,5,,"soil sampling
water sampling",,,,,13,,haley.hoehn@wright.edu,02/14/25 10:45 AM,automation@smartsheet.com,02/18/25 11:12 AM,BAUD,
02/18/25,TRUE,,,WS,27. Baughman Ditch,27,BAUD,Baughman Ditch,BAUD_10,Pike Run Upstream,Pike Run just upstream of the outflow ditch connection,40.78353,--84.12261,NA,creek,NA,,lentic influence,D,1,,water sampling,,,,,17,,haley.hoehn@wright.edu,02/14/25 10:45 AM,automation@smartsheet.com,02/18/25 11:12 AM,BAUD,
02/18/25,TRUE,,,WS,27. Baughman Ditch,27,BAUD,Baughman Ditch,BAUD_11,East Moose Wetland,East pool of Moose wetland. Soil samples only,40.78065,--84.11090,Moose Wetland Pool,pool,NA,,precipitation,NA,,,soil sampling,,,,,18,,haley.hoehn@wright.edu,02/14/25 10:45 AM,automation@smartsheet.com,02/18/25 11:12 AM,BAUD,
02/18/25,TRUE,,,WS,27. Baughman Ditch,27,BAUD,Baughman Ditch,BAUD_12,West Moose Wetland,West pool of Moose Wetland. Soil samples only.,40.78048,--84.11295,Moose Wetland Pool,pool,NA,,precipitation,NA,,,soil sampling,,,,,18,,haley.hoehn@wright.edu,02/14/25 10:45 AM,automation@smartsheet.com,02/18/25 11:12 AM,BAUD,
03/20/23,TRUE,,TRUE,WS,98. Big Darby Creek,98,BDCR,Big Darby Creek,BDCR_01,Upstream,,,,,,,,,,,,,No,,,,8,,rmarques@kent.edu,12/14/22 7:59 AM,cell-link@smartsheet.com,10/13/25 7:56 AM,,
03/20/23,TRUE,,TRUE,WS,98. Big Darby Creek,98,BDCR,Big Darby Creek,BDCR_02,Mid Wetland Pool,,,,,,,,,,,,,No,,,,16,,rmarques@kent.edu,12/14/22 7:59 AM,cell-link@smartsheet.com,10/13/25 7:56 AM,,
03/20/23,TRUE,,TRUE,WS,98. Big Darby Creek,98,BDCR,Big Darby Creek,BDCR_03,Downstream,,,,,,,,,,,,,No,,,,10,,rmarques@kent.edu,12/14/22 7:59 AM,cell-link@smartsheet.com,10/13/25 7:56 AM,,
03/20/23,TRUE,,,HU,19. Blanchard River,19,BLAR,Blanchard River,BLAR_01,River Upper,Inflow to Blanchard River Floodplain Diversion Channel,41.03127,--84.06500,Diversion channel,river,inlet,,"floodplain
flow-through
lotic influence",A,1,,"soil sampling
water level
water sampling",Yes,,,,11,,rmarques@kent.edu,12/14/22 7:59 AM,cell-link@smartsheet.com,10/13/25 7:56 AM,BLAR,
03/20/23,TRUE,,,HU,19. Blanchard River,19,BLAR,Blanchard River,BLAR_02,River Middle,Midpoint of the Blanchard River Floodplain Diversion Channel,41.02932,--84.05856,Diversion channel,river,connects LoIs,,"floodplain
flow-through
lotic influence",A,2,,"sensor network
soil sampling
water level
water sampling",Yes,,,,12,,rmarques@kent.edu,12/14/22 7:59 AM,cell-link@smartsheet.com,10/13/25 7:56 AM,BLAR,
03/20/23,TRUE,,,HU,19. Blanchard River,19,BLAR,Blanchard River,BLAR_03,River Lower,Outflow of the Blanchard River Floodplain Diversion Channel,41.02747,--84.05503,Diversion channel,river,outlet,,"floodplain
flow-through
lotic influence",A,3,,"soil sampling
water level
water sampling",Yes,,,,11,,rmarques@kent.edu,12/14/22 7:59 AM,cell-link@smartsheet.com,10/13/25 7:56 AM,BLAR,
10/01/24,TRUE,,,HU,19. Blanchard River,19,BLAR,Blanchard River,BLAR_04,Vernal Pool 1,SE Soil sampling location in floodplain between Blanchard River and Diversion Channel,41.02935,--84.05549,Vernal pools,vernal,NA,,"depressional
floodplain
lentic influence
precipitation",NA,NA,,soil sampling,No,,,,13,,anainige@heidelberg.edu,07/30/24 7:06 AM,cell-link@smartsheet.com,10/13/25 7:56 AM,BLAR,
10/01/24,TRUE,,,HU,19. Blanchard River,19,BLAR,Blanchard River,BLAR_05,Vernal Pool 2,Central Soil sampling location in floodplain between Blanchard River and Diversion Channel,41.03018,--84.05771,Vernal pools,vernal,NA,,"depressional
floodplain
lentic influence
precipitation",NA,NA,,soil sampling,No,,,,13,,anainige@heidelberg.edu,07/30/24 7:06 AM,cell-link@smartsheet.com,10/13/25 7:56 AM,BLAR,
10/01/24,TRUE,,,HU,19. Blanchard River,19,BLAR,Blanchard River,BLAR_06,Vernal Pool 3,Central Soil sampling location in floodplain between Blanchard River and Diversion Channel,41.03034,--84.05822,Vernal pools,vernal,NA,,"depressional
floodplain
lentic influence
precipitation",NA,NA,,soil sampling,No,,,,13,,anainige@heidelberg.edu,07/30/24 7:06 AM,cell-link@smartsheet.com,10/13/25 7:56 AM,BLAR,
10/01/24,TRUE,,,HU,19. Blanchard River,19,BLAR,Blanchard River,BLAR_07,Vernal Pool 4,Northern 1/3 Soil sampling location in floodplain between Blanchard River and Diversion Channel,41.03219,--84.06341,Vernal pools,vernal,NA,,"depressional
floodplain
lentic influence
precipitation",NA,NA,,soil sampling,No,,,,13,,anainige@heidelberg.edu,07/30/24 7:06 AM,cell-link@smartsheet.com,10/13/25 7:56 AM,BLAR,
10/01/24,TRUE,,,HU,19. Blanchard River,19,BLAR,Blanchard River,BLAR_08,Vernal Pool 5,Northern 2/3 Soil sampling location in floodplain between Blanchard River and Diversion Channel,41.03310,--84.06366,Vernal pools,vernal,NA,,"depressional
floodplain
lentic influence
precipitation",NA,NA,,soil sampling,No,,,,13,,anainige@heidelberg.edu,07/30/24 7:06 AM,cell-link@smartsheet.com,10/13/25 7:56 AM,BLAR,
10/01/24,TRUE,,,HU,19. Blanchard River,19,BLAR,Blanchard River,BLAR_09,Vernal Pool 6,Northern 3/3 Soil sampling location in floodplain between Blanchard River and Diversion Channel,41.03203,--84.06469,Vernal pools,vernal,NA,,"depressional
floodplain
lentic influence
precipitation",NA,NA,,soil sampling,No,,,,13,,anainige@heidelberg.edu,07/30/24 7:06 AM,cell-link@smartsheet.com,10/13/25 7:56 AM,BLAR,
03/20/23,TRUE,09/18/24,TRUE,UT,58. Bohling Marsh,58,BOHM,Bohling Marsh,BOHM_01,Creek WCS,,41.53411,--83.00655,LaCarpe Creek,wcs,bidirectional,,"coastal
lotic influence",,,,no specialty measurements,No,,,No longer sampled; not included in plan.,9,,rmarques@kent.edu,12/14/22 7:59 AM,cell-link@smartsheet.com,10/13/25 7:56 AM,,
03/20/23,TRUE,09/18/24,TRUE,UT,58. Bohling Marsh,58,BOHM,Bohling Marsh,BOHM_02,Ditch WCS,,,,Darby Ditch,wcs,bidirectional,,"coastal
lotic influence",,,,no specialty measurements,No,,,No longer sampled; not included in plan.,9,,rmarques@kent.edu,12/14/22 7:59 AM,cell-link@smartsheet.com,10/13/25 7:56 AM,,
02/22/24,TRUE,,,HU,1. Bright Wetland,1,BRIC,Bright Wetland,BRIC_01,Pool 1 Inflow Tile,Inflow tile to northern most pool.,41.02019,--83.55540,Pool 1,tile,inlet,connected_during_events,wetland feature,A,1,,"soil sampling
water level
water sampling",Yes,,TRUE,,18,,rmarques@kent.edu,02/09/24 12:52 PM,jboehler@heidelberg.edu,03/17/26 11:33 AM,BRIC,
02/22/24,TRUE,,,HU,1. Bright Wetland,1,BRIC,Bright Wetland,BRIC_02,Pool 1A,Sampling location in NW corner of Pool 1,41.02133,--83.55584,Pool 1,pool,connects LoIs,connected_during_events,"floodplain
flow-through
lotic influence
precipitation",A,5,,"soil sampling
water level
water sampling",No,,TRUE,,7,,rmarques@kent.edu,02/09/24 12:52 PM,jboehler@heidelberg.edu,03/17/26 11:33 AM,BRIC,
02/22/24,TRUE,,,HU,1. Bright Wetland,1,BRIC,Bright Wetland,BRIC_03,Pool 1B,Northeastern most subpool sampling location in Pool 1,41.02127,--83.55515,Pool 1,pool,connects LoIs,connected_during_events,"floodplain
flow-through
lotic influence
precipitation",A,3,,"soil sampling
water level
water sampling",Yes,,TRUE,,7,,rmarques@kent.edu,02/09/24 12:52 PM,jboehler@heidelberg.edu,03/17/26 11:33 AM,BRIC,
02/22/24,TRUE,,,HU,1. Bright Wetland,1,BRIC,Bright Wetland,BRIC_04,Pool 1C,Central sampling location in NW corner of Pool 1,41.02113,--83.55567,Pool 1,pool,connects LoIs,connected_during_events,"floodplain
flow-through
lotic influence
precipitation",A,4,,"soil sampling
water level
water sampling",No,,TRUE,,7,,rmarques@kent.edu,02/09/24 12:52 PM,jboehler@heidelberg.edu,03/17/26 11:33 AM,BRIC,
02/22/24,TRUE,,,HU,1. Bright Wetland,1,BRIC,Bright Wetland,BRIC_05,Pool 1D,West edge subpool sampling location in Pool 1,41.02070,--83.55608,Pool 1,pool,connects LoIs,connected_during_events,"floodplain
flow-through
lotic influence
precipitation",A,6,,"soil sampling
water level
water sampling",Yes,,TRUE,,7,,rmarques@kent.edu,02/09/24 12:52 PM,jboehler@heidelberg.edu,03/17/26 11:33 AM,BRIC,
02/22/24,TRUE,,,HU,1. Bright Wetland,1,BRIC,Bright Wetland,BRIC_06,Pool 1E,Sampling location in SW corner of Pool 1,41.02047,--83.55593,Pool 1,pool,connects LoIs,connected_during_events,"floodplain
flow-through
lotic influence
precipitation",A,7,,"soil sampling
water level
water sampling",No,,TRUE,,7,,rmarques@kent.edu,02/09/24 12:52 PM,jboehler@heidelberg.edu,03/17/26 11:33 AM,BRIC,
02/22/24,TRUE,,,HU,1. Bright Wetland,1,BRIC,Bright Wetland,BRIC_07,Pool 1F,Sampling location in SE corner of Pool 1 near the inflow tile. Location has a HOBO water level sensor,41.02033,--83.55542,Pool 1,pool,connects LoIs,connected_during_events,"floodplain
flow-through
lotic influence
precipitation",A,2,,"soil sampling
water level
water sampling",No,,TRUE,,7,,rmarques@kent.edu,02/09/24 12:52 PM,jboehler@heidelberg.edu,03/17/26 11:33 AM,BRIC,
02/22/24,TRUE,,,HU,1. Bright Wetland,1,BRIC,Bright Wetland,BRIC_08,Pool 2 Inflow Tile,"Inflow tile to Pool 2, located in the southeastern corner of Pool 2. Also has HOBO water level sensor",41.01839,--83.55602,Pool 2,tile,inlet,connected_during_events,wetland feature,B,1,,"chronolog
crowdhydrology
soil sampling
staff gauge
water level
water sampling",Yes,,TRUE,,18,,rmarques@kent.edu,02/09/24 12:52 PM,jboehler@heidelberg.edu,03/17/26 11:33 AM,BRIC,
02/22/24,TRUE,,,HU,1. Bright Wetland,1,BRIC,Bright Wetland,BRIC_09,Pool 2A,Northern most sampling location in Pool 1,41.01973,--83.55606,Pool 2,pool,bidirectional,connected_during_events,"floodplain
flow-through
lotic influence
precipitation",BC,4,,"soil sampling
water level
water sampling",No,,TRUE,,7,,rmarques@kent.edu,02/09/24 12:52 PM,jboehler@heidelberg.edu,03/17/26 11:33 AM,BRIC,
02/22/24,TRUE,,,HU,1. Bright Wetland,1,BRIC,Bright Wetland,BRIC_10,Pool 2B,Subpool between Pool 2A and Pool 2C,41.01937,--83.55600,Pool 2,pool,bidirectional,connected_during_events,"floodplain
flow-through
lotic influence
precipitation",BC,3,,"soil sampling
water level
water sampling",No,,TRUE,,7,,rmarques@kent.edu,02/09/24 12:52 PM,jboehler@heidelberg.edu,03/17/26 11:33 AM,BRIC,
02/22/24,TRUE,,,HU,1. Bright Wetland,1,BRIC,Bright Wetland,BRIC_11,Pool 2C,Central subpool sampling location in Pool 2,41.01906,--83.55627,Pool 2,pool,bidirectional,connected_during_events,"depressional
floodplain
lentic influence
lotic influence
precipitation",BC,2,,"soil sampling
water level
water sampling",Yes,,TRUE,,7,,rmarques@kent.edu,02/09/24 12:52 PM,jboehler@heidelberg.edu,03/17/26 11:33 AM,BRIC,
02/22/24,TRUE,,,HU,1. Bright Wetland,1,BRIC,Bright Wetland,BRIC_12,Pool 2D,Subpool in western portion of Pool 2 near Water Control Feature #2,41.01866,--83.55691,Pool 2,pool,bidirectional,connected_during_events,"depressional
floodplain
lentic influence
lotic influence",BC,5,,"soil sampling
water level
water sampling",No,,TRUE,,7,,rmarques@kent.edu,02/09/24 12:52 PM,jboehler@heidelberg.edu,03/17/26 11:33 AM,BRIC,
02/22/24,TRUE,,,HU,1. Bright Wetland,1,BRIC,Bright Wetland,BRIC_13,Pool 2G,Subpool in southern portion of Pool 2,41.01829,--83.55695,Pool 2,pool,bidirectional,connected_during_events,"depressional
floodplain
lentic influence
lotic influence
precipitation",BC,1,,"soil sampling
water level
water sampling",No,,TRUE,,7,,rmarques@kent.edu,02/09/24 12:52 PM,jboehler@heidelberg.edu,03/17/26 11:33 AM,BRIC,
02/22/24,TRUE,,,HU,1. Bright Wetland,1,BRIC,Bright Wetland,BRIC_14,Pool 3 Inlet,Pool 3 inlet from Pool 4 during high water level. At low water level Pool 3 inlets serves as the southern most sampling location for Pool 3,41.01735,--83.55727,Pool 3,swale,inlet,connected_during_events,"depressional
floodplain
precipitation",C,4,,"soil sampling
water level
water sampling",Yes,,TRUE,,12,,rmarques@kent.edu,02/09/24 12:52 PM,jboehler@heidelberg.edu,03/17/26 11:33 AM,BRIC,
02/22/24,TRUE,,,HU,1. Bright Wetland,1,BRIC,Bright Wetland,BRIC_15,Pool 3A,Smaller subpool in northeast corner of Pool 3 during low water levels,41.01791,--83.55669,Pool 3,pool,bidirectional,connected_during_events,"depressional
floodplain",C,6,,"soil sampling
water level
water sampling",Yes,,TRUE,,7,,rmarques@kent.edu,02/09/24 12:52 PM,jboehler@heidelberg.edu,03/17/26 11:33 AM,BRIC,
02/22/24,TRUE,,,HU,1. Bright Wetland,1,BRIC,Bright Wetland,BRIC_16,Pool 3B,Subpool in NW portion of Pool 3,41.01786,--83.55726,Pool 3,pool,bidirectional,connected_during_events,"depressional
floodplain",C,7,,"soil sampling
water level
water sampling",No,,TRUE,,7,,rmarques@kent.edu,02/09/24 12:52 PM,jboehler@heidelberg.edu,03/17/26 11:33 AM,BRIC,
02/22/24,TRUE,,,HU,1. Bright Wetland,1,BRIC,Bright Wetland,BRIC_17,Pool 3C,"Central subpool of Pool 3, has the greatest water depth during ambient water conditions. Also location for HOBO water level sensor",41.01776,--83.55711,Pool 3,pool,bidirectional,connected_during_events,"depressional
floodplain",C,5,,"soil sampling
water level
water sampling",Yes,,TRUE,,7,,rmarques@kent.edu,02/09/24 12:52 PM,jboehler@heidelberg.edu,03/17/26 11:33 AM,BRIC,
02/22/24,TRUE,,,HU,1. Bright Wetland,1,BRIC,Bright Wetland,BRIC_18,Pool 4A,Subpool in northern portion of Pool 4,41.01695,--83.54734,Pool 4,pool,outlet,connected_during_events,"depressional
floodplain",C,3,,"soil sampling
water level
water sampling",No,,TRUE,,7,,rmarques@kent.edu,02/09/24 12:52 PM,jboehler@heidelberg.edu,03/17/26 11:33 AM,BRIC,
02/22/24,TRUE,,,HU,1. Bright Wetland,1,BRIC,Bright Wetland,BRIC_19,Pool 4B,Subpool in SW portion of Pool 4,41.01643,--83.55750,Pool 4,pool,inlet,connected_during_events,"depressional
floodplain",C,1,,"soil sampling
water level
water sampling",No,,TRUE,,7,,rmarques@kent.edu,02/09/24 12:52 PM,jboehler@heidelberg.edu,03/17/26 11:33 AM,BRIC,
02/22/24,TRUE,,,HU,1. Bright Wetland,1,BRIC,Bright Wetland,BRIC_20,Pool 4C,Subpool in SE portion of Pool 4,41.01654,--83.55705,Pool 4,pool,inlet,connected_during_events,"depressional
floodplain",C,2,,"soil sampling
water level
water sampling",No,,TRUE,,7,,rmarques@kent.edu,02/09/24 12:52 PM,jboehler@heidelberg.edu,03/17/26 11:33 AM,BRIC,
02/22/24,TRUE,,,HU,1. Bright Wetland,1,BRIC,Bright Wetland,BRIC_21,Blanchard River,River adjacent to project. River floods wetland during high flow,41.01831,--83.55808,Blanchard River,river,NA,adjacent_waterbody,flow-through,NA,NA,,"water level
water sampling",No,,TRUE,,15,,rmarques@kent.edu,02/09/24 1:03 PM,jboehler@heidelberg.edu,03/17/26 11:37 AM,BRIC,
02/22/24,TRUE,,,HU,1. Bright Wetland,1,BRIC,Bright Wetland,BRIC_22,Existing wetland 1,Exsisting wetland within Pool 1,41.02018,--83.55593,Pool 1,pool,bidirectional,connected_during_events,"depressional
floodplain
lentic influence
lotic influence
precipitation
wetland feature",A,8,,"soil sampling
water level
water sampling",No,,TRUE,,18,,rmarques@kent.edu,02/09/24 1:03 PM,jboehler@heidelberg.edu,03/17/26 11:33 AM,BRIC,
02/22/24,TRUE,,,HU,1. Bright Wetland,1,BRIC,Bright Wetland,BRIC_23,Existing wetland 2,Existing wetland along southern edge of Pool 1,41.02071,--83.55537,Pool 2,pool,bidirectional,connected_during_events,"depressional
floodplain
lentic influence
lotic influence
precipitation
wetland feature",A,10,,"soil sampling
water level
water sampling",No,,TRUE,,18,,rmarques@kent.edu,02/09/24 1:03 PM,jboehler@heidelberg.edu,03/17/26 11:33 AM,BRIC,
02/22/24,TRUE,,,HU,1. Bright Wetland,1,BRIC,Bright Wetland,BRIC_24,Water Control Feature 1,AgriDrain Inline water level control structure serving as an outflow of Pool 1 connecting to the Blanchard River. During high flow the river will back flow through the drain into the pool.,41.02026,--83.55617,Pool 1,wcs,outlet,connected_during_events,wetland feature,A,9,,water sampling,Yes,,TRUE,,23,,rmarques@kent.edu,02/09/24 1:03 PM,jboehler@heidelberg.edu,03/17/26 11:33 AM,BRIC,
02/22/24,TRUE,,,HU,1. Bright Wetland,1,BRIC,Bright Wetland,BRIC_25,Water Control Feature 2,"AgriDrain Inline water level control structure serving as an outflow for Pool 2 connecting to the Blanchard River. Due to a low section of the western berm of Pool 2, water will predominately flow over the berm into the Blanchard River rather than flowing through the water control structure. This is looking to be corrected in 2024-25.",41.01878,--83.55705,Pool 2,wcs,outlet,connected_during_events,wetland feature,BC,6,,water sampling,Yes,,TRUE,,23,,rmarques@kent.edu,02/09/24 1:03 PM,jboehler@heidelberg.edu,03/17/26 11:33 AM,BRIC,
03/20/23,TRUE,,,WS,61. Brooks Park,61,BROP,Brooks Park,BROP_01,Murphys Run Inflow,Main inflow source of the wetland. Water samples and flow measurements taken here routinely,39.89885,--82.51384,NA,stream,inlet,,lotic influence,A,1,,"flow
in situ physicochemistry
water sampling",Hold,,,,18,,rmarques@kent.edu,12/14/22 7:59 AM,cell-link@smartsheet.com,10/13/25 7:56 AM,BROP,
03/20/23,TRUE,,,WS,61. Brooks Park,61,BROP,Brooks Park,BROP_02,Main Pool,Main settling pool in flow path of Murphy's Run. Water and soil samples taken routinely.,39.89915,--82.51424,NA,pool,NA,,lotic influence,A,2,,"soil sampling
staff gauge
water sampling",Hold,,,,9,,rmarques@kent.edu,12/14/22 7:59 AM,cell-link@smartsheet.com,10/13/25 7:56 AM,BROP,
03/20/23,TRUE,,,WS,61. Brooks Park,61,BROP,Brooks Park,BROP_03,Wetland Stream Outflow,Last pool in main flow path before outflowing into Buckeye Lake. Water samples taken routinely.,39.90030,--82.51447,NA,pool,outlet,,"lentic influence
lotic influence",A,7,,"groundwater well
in situ physicochemistry
soil sampling
water level
water sampling",Hold,,,,22,,rmarques@kent.edu,12/14/22 7:59 AM,cell-link@smartsheet.com,10/13/25 7:56 AM,BROP,
03/20/23,TRUE,,,WS,61. Brooks Park,61,BROP,Brooks Park,BROP_04,Buckeye Lake,Outflow source of the wetland. Water samples taken routinely.,39.90082,--82.51473,NA,lake,NA,,lentic influence,A,8,,water sampling,No,,,,12,,rmarques@kent.edu,12/14/22 7:59 AM,cell-link@smartsheet.com,10/13/25 7:56 AM,BROP,
03/20/23,TRUE,,,WS,61. Brooks Park,61,BROP,Brooks Park,BROP_05,West Pool,Isolated wetland pool that receives water from the Main Pool via a pump. Water and soil samples routinely taken.,39.89915,--82.51498,West Pool,pool,NA,,wetland feature,A,3,,water sampling,Hold,,,,9,,rmarques@kent.edu,12/14/22 7:59 AM,cell-link@smartsheet.com,10/13/25 7:56 AM,BROP,
03/20/23,TRUE,,,WS,61. Brooks Park,61,BROP,Brooks Park,BROP_06,Mid-wetland Stream,Pool halfway through the main flow path. Water samples routinely taken.,39.89992,--82.51463,NA,pool,NA,,"lentic influence
lotic influence",A,6,,"soil sampling
water level
water sampling",Hold,,,New site added Jan 2023,18,,rmarques@kent.edu,03/01/23 7:37 AM,cell-link@smartsheet.com,10/13/25 7:56 AM,BROP,
03/11/24,TRUE,,,WS,61. Brooks Park,61,BROP,Brooks Park,BROP_07,Lake West of Castle Island,Outflow source of the wetland further north to avoid capturing wetland outflow in lake sample. Water samples routinely taken.,39.90227,--82.51663,NA,lake,NA,,lentic influence,NA,NA,,water sampling,No,,,New site added March 2023,26,,morgan.grunden@wright.edu,03/11/24 10:20 AM,cell-link@smartsheet.com,10/13/25 7:56 AM,BROP,
10/01/24,TRUE,,,WS,61. Brooks Park,61,BROP,Brooks Park,BROP_08,Settling Pool at Stream,Main settling pool before the beginning of the wetland stream. Soil samples routinely collected.,39.89930,--82.51422,NA,pool,NA,,lotic influence,A,5,,soil sampling,No,,,,23,,morgan.grunden@wright.edu,07/08/24 11:42 AM,cell-link@smartsheet.com,10/13/25 7:56 AM,BROP,
10/01/24,TRUE,,,WS,61. Brooks Park,61,BROP,Brooks Park,BROP_09,Pool at Observation Deck,Pool right in front of the observation deck that only receives water when elevations in wetland stream are high (floodplain pool). Soil samples routinely taken.,39.90014,--82.51470,NA,pool,NA,,wetland feature,NA,NA,,soil sampling,No,,,,24,,morgan.grunden@wright.edu,07/08/24 11:57 AM,cell-link@smartsheet.com,10/13/25 7:56 AM,BROP,
10/01/24,TRUE,,,WS,61. Brooks Park,61,BROP,Brooks Park,BROP_10,East Floodplain Pool,Pool adjacent to BROP_06 that only receives water when elevations in wetland stream are high (floodplain pool). Soil samples routinely taken.,39.89991,--82.51426,NA,pool,NA,,wetland feature,NA,NA,,soil sampling,No,,,,20,,morgan.grunden@wright.edu,07/08/24 11:57 AM,cell-link@smartsheet.com,10/13/25 7:56 AM,BROP,
06/03/25,TRUE,,,WS,61. Brooks Park,61,BROP,Brooks Park,BROP_11,Outside of Main Pool,Not in wetland. Soil sample taken outside of wetland main pool as an annual reference.,39.89895,--82.51408,NA,upland,NA,,NA,NA,NA,,soil sampling,No,,,,20,,morgan.grunden@wright.edu,05/27/25 7:59 AM,cell-link@smartsheet.com,10/13/25 7:56 AM,BROP,
06/03/25,TRUE,,,WS,61. Brooks Park,61,BROP,Brooks Park,BROP_12,Floodplain West of Main Pool,Floodplain adjacent to BROP_08 that only receives water when elevations in wetland are high. Not a pool in floodplain.,39.89932,--82.51446,NA,pool,NA,,wetland feature,NA,NA,,soil sampling,No,,,,28,,morgan.grunden@wright.edu,05/27/25 7:59 AM,cell-link@smartsheet.com,10/13/25 7:56 AM,BROP,
06/03/25,TRUE,,,WS,61. Brooks Park,61,BROP,Brooks Park,BROP_13,Outside of Observation Deck,Not in wetland. Soil sample taken outside of wetland pool at observation deck as an annual soil reference.,39.90007,--82.51482,NA,upland,NA,,NA,NA,NA,,soil sampling,No,,,,27,,morgan.grunden@wright.edu,05/27/25 7:59 AM,cell-link@smartsheet.com,10/13/25 7:56 AM,BROP,
06/03/25,TRUE,,,WS,61. Brooks Park,61,BROP,Brooks Park,BROP_14,West Pool at Culvert,West Pool at culvert before water flows back into the main wetland stream east of the road.,39.89910,--82.51479,West Pool,pool,NA,,wetland feature,A,4,,soil sampling,No,,,,20,,morgan.grunden@wright.edu,05/27/25 7:59 AM,cell-link@smartsheet.com,10/13/25 7:56 AM,BROP,
06/03/25,TRUE,,,WS,61. Brooks Park,61,BROP,Brooks Park,BROP_15,Outside of West Pool,Not in wetland. Soil sample taken outside of wetland West Pool as an annual soil reference.,39.89907,--82.51464,NA,upland,NA,,NA,NA,NA,,soil sampling,No,,,,20,,morgan.grunden@wright.edu,05/27/25 7:59 AM,cell-link@smartsheet.com,10/13/25 7:56 AM,BROP,
03/20/23,TRUE,,,HU,32. Buehler Farms,32,BUEF,Buehler Farms,BUEF_01,Pump Inflow,Pump inflow to the main pool in SE Quadrant,41.44858,--83.06173,Main Pool,wcs,inlet,,"coastal
lentic influence
precipitation",A,1,,"soil sampling
staff gauge
water level
water sampling",No,,,,11,,jaustin1@heidelberg.edu,03/13/23 5:41 AM,cell-link@smartsheet.com,10/13/25 7:56 AM,BUEF,
03/20/23,TRUE,,,HU,32. Buehler Farms,32,BUEF,Buehler Farms,BUEF_02,SE Quadrant,One four quadrants of the main pool,41.44885,--83.06170,Main Pool,pool,NA,,"coastal
lentic influence
precipitation",A,2,,"sensor network
soil sampling
staff gauge
water level
water sampling",No,,,,11,,jaustin1@heidelberg.edu,03/13/23 5:41 AM,cell-link@smartsheet.com,10/13/25 7:56 AM,BUEF,
03/20/23,TRUE,,,HU,32. Buehler Farms,32,BUEF,Buehler Farms,BUEF_03,SW Quadrant,One four quadrants of the main pool,41.44864,--83.06218,Main Pool,pool,NA,,"coastal
lentic influence
precipitation",A,2,,"soil sampling
staff gauge
water level
water sampling",No,,,,11,,jaustin1@heidelberg.edu,03/13/23 5:41 AM,cell-link@smartsheet.com,10/13/25 7:56 AM,BUEF,
03/20/23,TRUE,,,HU,32. Buehler Farms,32,BUEF,Buehler Farms,BUEF_04,NW Quadrant,One four quadrants of the main pool,41.44972,--83.06406,Main Pool,pool,NA,,"coastal
lentic influence
precipitation",A,2,,"soil sampling
staff gauge
water level
water sampling",No,,,,11,,jaustin1@heidelberg.edu,03/13/23 5:41 AM,cell-link@smartsheet.com,10/13/25 7:56 AM,BUEF,
03/20/23,TRUE,,,HU,32. Buehler Farms,32,BUEF,Buehler Farms,BUEF_05,NE Quadrant,One four quadrants of the main pool,41.45055,--83.06361,Main Pool,pool,NA,,"coastal
lentic influence
precipitation",A,2,,"soil sampling
staff gauge
water level
water sampling",No,,,,11,,jaustin1@heidelberg.edu,03/13/23 5:41 AM,cell-link@smartsheet.com,10/13/25 7:56 AM,BUEF,
10/01/24,TRUE,,,HU,32. Buehler Farms,32,BUEF,Buehler Farms,BUEF_06,Outflow Control Structure,Outflow control structure that drains the main pool into Muddy Creek,41.45049,--83.06364,Main Pool,wcs,outlet,,"coastal
lentic influence
precipitation",A,3,,"soil sampling
staff gauge
water level
water sampling",,,,,25,,anainige@heidelberg.edu,07/30/24 7:33 AM,cell-link@smartsheet.com,10/13/25 7:56 AM,BUEF,
03/20/23,TRUE,,,WS,60. Burntwood-Langenkamp,60,BWLK,Burntwood-Langenkamp,BWLK_01,Burntwood Creek,Inflow source of the wetland. Water and soil samples are routinely taken here.,40.49988,--84.59364,NA,creek,inlet,adjacent_waterbody,lotic influence,A,1,,"soil sampling
water sampling",Hold,,TRUE,,15,,rmarques@kent.edu,12/14/22 7:59 AM,haley.hoehn@wright.edu,03/17/26 5:44 AM,BWLK,
03/20/23,TRUE,,,WS,60. Burntwood-Langenkamp,60,BWLK,Burntwood-Langenkamp,BWLK_02,Settling Pool,"Main settling pool in wetland that captures inflow from pump and notch. Water sample represents initial settling of particulates. Water and soil samples, velocity, and depth (HOBO) measurements routinely collected here.",40.49988,--84.59438,NA,pool,NA,"connected_during_baseflow
connected_during_events",flow-through,A,2,,"flow
soil sampling
water level
water sampling",Hold,,TRUE,Previsouly settling pond notch,13,,rmarques@kent.edu,12/14/22 7:59 AM,haley.hoehn@wright.edu,03/17/26 5:44 AM,BWLK,
03/20/23,TRUE,,,WS,60. Burntwood-Langenkamp,60,BWLK,Burntwood-Langenkamp,BWLK_03,Overland Drainage,Flow path on west side of wetland capturing surface flows from surrounding ag land. Water samples collected here when sufficient water is present. Soil samples collected annually,40.50046,--84.59736,NA,vernal,NA,never_connected,precipitation,B,1,,"soil sampling
water sampling",Hold,,TRUE,"Previously called overland flow notch. Changed location in May 2023 to location regularly inundated (previous coordinates 40.50043, -84.59492). ""I don't think we have collected from that location in ~1.5 yrs. There is only enough water present when there are very large rain events. We now sample closer to the AgriDrains bc there is more water present. Water source is the exact same, just a difference in how far upstream we are sampling."" – M. Jutte. Coordinates updated on 5/28/24 by RM.",17,,rmarques@kent.edu,12/14/22 7:59 AM,haley.hoehn@wright.edu,03/17/26 5:44 AM,BWLK,
03/20/23,TRUE,,,WS,60. Burntwood-Langenkamp,60,BWLK,Burntwood-Langenkamp,BWLK_04,1st Flat,Pool close to outflow in the main flow path of the wetland. Water and soil samples routinely collected here.,40.50135,--84.59407,NA,pool,NA,never_connected,flow-through,A,8,,"soil sampling
staff gauge
water sampling",Hold,,TRUE,Previously snake,8,,rmarques@kent.edu,12/14/22 7:59 AM,haley.hoehn@wright.edu,03/17/26 5:44 AM,BWLK,
03/20/23,TRUE,,,WS,60. Burntwood-Langenkamp,60,BWLK,Burntwood-Langenkamp,BWLK_05,Outlfow,Outflow pool before water is released into Coldwater Creek. Gives the outflow concentration for load calculation. Water and soil samples routinely collected here and continuous depth data via HOBO.,40.50341,--84.59437,NA,pool,outlet,never_connected,flow-through,A,10,,"soil sampling
water sampling",Hold,,TRUE,,7,,rmarques@kent.edu,12/14/22 7:59 AM,haley.hoehn@wright.edu,03/17/26 5:44 AM,BWLK,
08/01/23,TRUE,,,WS,60. Burntwood-Langenkamp,60,BWLK,Burntwood-Langenkamp,BWLK_06,Overland Pool A,Pool on west side of wetland capturing surface flow from surrounding ag land. Water and soil samples collected routinely from here.,40.49997,--84.59729,NA,vernal,NA,never_connected,precipitation,B,2,,"soil sampling
water sampling",Hold,,TRUE,,15,,morgan.grunden@wright.edu,07/25/23 8:09 AM,haley.hoehn@wright.edu,03/17/26 5:44 AM,BWLK,
10/01/24,TRUE,,,WS,60. Burntwood-Langenkamp,60,BWLK,Burntwood-Langenkamp,BWLK_07,Pool 3,Pool near the beginning of the main wetland flow path. Annual soil samples collected here.,40.50084,--84.59565,NA,pool,NA,never_connected,flow-through,A,3,,soil sampling,No,,TRUE,,6,,morgan.grunden@wright.edu,07/01/24 11:34 AM,haley.hoehn@wright.edu,03/17/26 11:23 AM,BWLK,
10/01/24,TRUE,,,WS,60. Burntwood-Langenkamp,60,BWLK,Burntwood-Langenkamp,BWLK_08,Pool 4,Pool near the beginning of the main wetland flow path. Soil samples collected here annually.,40.50095,--84.59753,NA,pool,NA,never_connected,flow-through,A,4,,soil sampling,No,,TRUE,,6,,morgan.grunden@wright.edu,07/01/24 11:34 AM,haley.hoehn@wright.edu,03/17/26 11:23 AM,BWLK,
10/01/24,TRUE,,,WS,60. Burntwood-Langenkamp,60,BWLK,Burntwood-Langenkamp,BWLK_09,Flat Between Pools 5 and 6,Flat approximately halfway through main wetland flow path after all overland drainage flow paths. Soil samples collected annually.,40.50143,--84.59844,NA,pool,NA,never_connected,flow-through,A,5,,soil sampling,No,,TRUE,,26,,morgan.grunden@wright.edu,07/01/24 11:34 AM,haley.hoehn@wright.edu,03/17/26 11:23 AM,BWLK,
10/01/24,TRUE,,,WS,60. Burntwood-Langenkamp,60,BWLK,Burntwood-Langenkamp,BWLK_10,Pool 7,Pool approximately halfway through the main wetland flow path. Soil samples collected annually.,40.50218,--84.59706,NA,pool,NA,never_connected,flow-through,A,6,,soil sampling,No,,TRUE,,6,,morgan.grunden@wright.edu,07/01/24 11:34 AM,haley.hoehn@wright.edu,03/17/26 11:23 AM,BWLK,
10/01/24,TRUE,,,WS,60. Burntwood-Langenkamp,60,BWLK,Burntwood-Langenkamp,BWLK_11,Pool 10,Pool approximately halfway through the main wetland flow path. Soil samples collected annually.,40.50201,--84.59546,NA,pool,NA,never_connected,flow-through,A,7,,soil sampling,No,,TRUE,,7,,morgan.grunden@wright.edu,07/01/24 11:34 AM,haley.hoehn@wright.edu,03/17/26 11:23 AM,BWLK,
10/01/24,TRUE,,,WS,60. Burntwood-Langenkamp,60,BWLK,Burntwood-Langenkamp,BWLK_12,Pool 13,Pool near the end of the main wetland flow path. soil samples collected annually.,40.50256,--84.59494,NA,pool,NA,never_connected,flow-through,A,9,,soil sampling,No,,TRUE,,7,,morgan.grunden@wright.edu,07/01/24 11:34 AM,haley.hoehn@wright.edu,03/17/26 11:23 AM,BWLK,
10/01/24,TRUE,,,WS,60. Burntwood-Langenkamp,60,BWLK,Burntwood-Langenkamp,BWLK_13,Coldwater Creek at Outflow,Outflow source located outside of the wetland. Soil samples collected annually.,40.50371,--84.59415,NA,creek,downstream,adjacent_waterbody,lotic influence,NA,NA,,soil sampling,No,,TRUE,,26,,morgan.grunden@wright.edu,07/01/24 11:34 AM,haley.hoehn@wright.edu,03/17/26 11:23 AM,BWLK,
02/15/24,TRUE,,,HU,37. Clary-Boulee-McDonald,37,CBMC,Clary-Boulee-McDonald,CBMC_01,Pool 1 Up,Upstream portion of Pool 1,41.23362,--83.26246,Pool 1,pool,inlet,,"floodplain
flow-through
lotic influence
precipitation",AC,1,,"soil sampling
water level
water sampling",No,,,,9,,rmarques@kent.edu,02/09/24 12:40 PM,cell-link@smartsheet.com,10/13/25 7:56 AM,CBMC,
02/15/24,TRUE,,,HU,37. Clary-Boulee-McDonald,37,CBMC,Clary-Boulee-McDonald,CBMC_02,Pool 1 Down,Downstream portion of Pool 1,41.23431,--83.26187,Pool 1,pool,outlet,,"floodplain
flow-through
lotic influence
precipitation",AC,2,,"soil sampling
water level
water sampling",No,,,,11,,rmarques@kent.edu,02/09/24 12:40 PM,cell-link@smartsheet.com,10/13/25 7:56 AM,CBMC,
02/15/24,TRUE,,,HU,37. Clary-Boulee-McDonald,37,CBMC,Clary-Boulee-McDonald,CBMC_03,Creek Up,Sampling location in Wolf Creek upstream from project,41.23343,--83.26491,River,stream,upstream,,"floodplain
flow-through
lotic influence",A,1,,"in situ physicochemistry
water level
water sampling",Yes,,,,8,,rmarques@kent.edu,02/09/24 12:40 PM,cell-link@smartsheet.com,10/13/25 7:56 AM,CBMC,
02/15/24,TRUE,,,HU,37. Clary-Boulee-McDonald,37,CBMC,Clary-Boulee-McDonald,CBMC_04,Creek Down,Sampling location in Wolf Creek downstream from project,41.23939,--83.26535,River,stream,downstream,,"floodplain
flow-through
lotic influence",A,4,,"in situ physicochemistry
water level
water sampling",Yes,,,,10,,rmarques@kent.edu,02/09/24 12:40 PM,cell-link@smartsheet.com,10/13/25 7:56 AM,CBMC,
02/15/24,TRUE,,,HU,37. Clary-Boulee-McDonald,37,CBMC,Clary-Boulee-McDonald,CBMC_05,Swale Up,Upstream portion of swale,41.23442,--83.26558,Swale,swale,upstream,,"floodplain
flow-through
groundwater
lotic influence
precipitation",AB,1,,"soil sampling
water level
water sampling",No,,,,8,,rmarques@kent.edu,02/09/24 12:40 PM,cell-link@smartsheet.com,10/13/25 7:56 AM,CBMC,
02/15/24,TRUE,,,HU,37. Clary-Boulee-McDonald,37,CBMC,Clary-Boulee-McDonald,CBMC_06,Swale Down,Downstream portion of swale,41.23656,--83.26452,Swale,swale,downstream,,"floodplain
flow-through
groundwater
lotic influence
precipitation",AB,3,,"in situ physicochemistry
sensor network
soil sampling
water level
water sampling",Yes,,,,10,,rmarques@kent.edu,02/09/24 12:40 PM,cell-link@smartsheet.com,10/13/25 7:56 AM,CBMC,
02/15/24,TRUE,,,HU,37. Clary-Boulee-McDonald,37,CBMC,Clary-Boulee-McDonald,CBMC_07,Tile,South of Pool 1 and Wet Meadow,41.23212,--83.26176,Tile,tile,upstream,,"direct tile input
precipitation",D,1,,,No,,,,4,,rmarques@kent.edu,02/09/24 12:40 PM,cell-link@smartsheet.com,10/13/25 7:56 AM,CBMC,
02/15/24,TRUE,,,HU,37. Clary-Boulee-McDonald,37,CBMC,Clary-Boulee-McDonald,CBMC_08,Tile Down,South of Pool 1 and Wet Meadow,41.23320,--83.26328,Tile,tile,downstream,,"direct tile input
precipitation",D,2,,,No,,,,9,,rmarques@kent.edu,02/09/24 12:40 PM,cell-link@smartsheet.com,10/13/25 7:56 AM,CBMC,
02/15/24,TRUE,,,HU,37. Clary-Boulee-McDonald,37,CBMC,Clary-Boulee-McDonald,CBMC_09,Pool 2,NE portion of the project receives flood water from Wolf Creek,41.23701,--83.26236,Pool 2,pool,bidirectional,,"depressional
floodplain
groundwater
lotic influence",AD,23,,"in situ physicochemistry
sensor network
soil sampling
water sampling",No,,,,6,,rmarques@kent.edu,02/09/24 12:40 PM,cell-link@smartsheet.com,10/13/25 7:56 AM,CBMC,
02/15/24,TRUE,,,HU,37. Clary-Boulee-McDonald,37,CBMC,Clary-Boulee-McDonald,CBMC_10,Pool 3,Wetland pool between the Swale and Wolf Creek,41.23504,--83.26441,Pool 3,pool,bidirectional,,floodplain,AB,2,,"in situ physicochemistry
sensor network
soil sampling
water level
water sampling",No,,,,6,,rmarques@kent.edu,02/09/24 12:40 PM,cell-link@smartsheet.com,10/13/25 7:56 AM,CBMC,
02/15/24,TRUE,,,HU,37. Clary-Boulee-McDonald,37,CBMC,Clary-Boulee-McDonald,CBMC_11,Wet Meadow West,Wet Meadow on west portion of project,41.23573,--83.26623,Wet Meadow,upland,NA,,precipitation,NA,NA,,soil sampling,No,,,,15,,rmarques@kent.edu,02/09/24 12:40 PM,cell-link@smartsheet.com,10/13/25 7:56 AM,CBMC,
02/15/24,TRUE,,,HU,37. Clary-Boulee-McDonald,37,CBMC,Clary-Boulee-McDonald,CBMC_12,Wet Meadow NE,Wet Meadow on NE portion of project,41.23681,--83.26049,Wet Meadow,upland,NA,,precipitation,NA,NA,,soil sampling,No,,,,13,,rmarques@kent.edu,02/09/24 12:40 PM,cell-link@smartsheet.com,10/13/25 7:56 AM,CBMC,
02/15/24,TRUE,,,HU,37. Clary-Boulee-McDonald,37,CBMC,Clary-Boulee-McDonald,CBMC_13,Wet Meadow SE,Wet Meadow on SE portion of project,41.23349,--83.26111,Wet Meadow,upland,NA,,precipitation,NA,NA,,soil sampling,No,,,,13,,rmarques@kent.edu,02/09/24 12:40 PM,cell-link@smartsheet.com,10/13/25 7:56 AM,CBMC,
03/20/23,TRUE,,,KS,62. Chippewa Lake,62,CHIL,Chippewa Lake,CHIL_01,Chip Creek Wetland Inlet,Stream main channel inlet into the wetland,41.09481,--81.91857,NA,creek,inlet,,"flow-through
lotic influence",A,2,,"flow
soil sampling
water sampling",No,,,Updated loi_name for clarification on 10/21/24. Updated coordinates on 10/21/24 to reflect new sampling location post-construction. LOI characteristics remain the same.,24,,rmarques@kent.edu,12/14/22 7:59 AM,rmarques@kent.edu,12/17/24 11:25 AM,CHIL,
03/20/23,TRUE,,,KS,62. Chippewa Lake,62,CHIL,Chippewa Lake,CHIL_02,Swale,Shallow channel flowing intermittently from floodplain into main channel,41.09040,--81.91642,NA,swale,inlet,,precipitation,NA,NA,,water sampling,No,,,"May not exist post-construction, will update",5,,rmarques@kent.edu,12/14/22 7:59 AM,rmarques@kent.edu,12/17/24 11:25 AM,CHIL,
03/20/23,TRUE,,,KS,62. Chippewa Lake,62,CHIL,Chippewa Lake,CHIL_03,Chip Creek Wetland Outlet,Stream main channel outlet from the wetland,41.08731,--81.91501,NA,creek,outlet,,"flow-through
lotic influence",A,3,,"flow
soil sampling
water sampling",No,,,Updated loi_name for clarification on 10/21/24. Updated coordinates on 10/21/24 to reflect new sampling location post-construction. LOI characteristics remain the same.,25,,rmarques@kent.edu,12/14/22 7:59 AM,rmarques@kent.edu,01/30/25 3:08 PM,CHIL,
10/21/24,TRUE,,,KS,62. Chippewa Lake,62,CHIL,Chippewa Lake,CHIL_04,Stream Before,Chippewa Creek stream channel before inlet into the wetland. Shows what the flow and nutrient concentrations are in the stream before entering the wetland. The entire stream does not all flow into the wetland.,41.09050,--81.91892,NA,river,upstream,,"flow-through
lotic influence",A,1,,"flow
water sampling",No,,,,13,,cgluck1@kent.edu,10/21/24 6:46 AM,rmarques@kent.edu,12/17/24 11:25 AM,CHIL,
10/21/24,TRUE,,,KS,62. Chippewa Lake,62,CHIL,Chippewa Lake,CHIL_05,Stream After,Chippewa Creek stream channel after the wetland outlets and rejoins the main channel. Shows what the flow and nutrient concentrations are in the stream after the water flows through the wetland. Also includes water that did not flow through the wetland.,41.08677,--81.91538,NA,river,downstream,,"flow-through
lotic influence",A,4,,"flow
water sampling",No,,,,12,,cgluck1@kent.edu,10/21/24 6:46 AM,rmarques@kent.edu,12/17/24 11:25 AM,CHIL,
10/21/24,TRUE,,,KS,62. Chippewa Lake,62,CHIL,Chippewa Lake,CHIL_06,Pool,Pool within the wetland complex. Is not directly connected to the main wetland stream. Provides an example of water retention within the complex.,41.09043,--81.91625,NA,pool,NA,,"depressional
precipitation
wetland feature",NA,NA,,"soil sampling
water sampling",Hold,,,Will install driveway marker for regular depth measurements at a set location.,4,,cgluck1@kent.edu,10/21/24 6:46 AM,rmarques@kent.edu,12/17/24 11:25 AM,CHIL,
03/20/23,TRUE,,,WS,105. Coldwater Wetlands,105,COLW,Coldwater Wetlands,COLW_01,Forest Pond N,Pool that captures surface water runoff from surrounding ag land. Water and soil are routinely collected here.,40.471664,--84.64173,Forest Pond,pool,NA,,precipitation,A,1,,"soil sampling
water sampling",Hold,,,,13,,rmarques@kent.edu,12/14/22 7:59 AM,rmarques@kent.edu,01/17/25 5:51 AM,COLW,
03/20/23,TRUE,,,WS,105. Coldwater Wetlands,105,COLW,Coldwater Wetlands,COLW_02,Forest Pond S,Pool that captures surface water runoff from surrounding ag land. Water and soil are routinely collected here.,40.47108,--84.64121,Forest Pond,pool,NA,,precipitation,B,1,,"soil sampling
water sampling",Hold,,,,13,,rmarques@kent.edu,12/14/22 7:59 AM,rmarques@kent.edu,01/17/25 5:51 AM,COLW,
03/20/23,TRUE,,,WS,105. Coldwater Wetlands,105,COLW,Coldwater Wetlands,COLW_03,Rentention Pond W,Pool that captures surface water runoff from surrounding ag land. Forest Pond N and Forest Pond S flow into this pond via a tile controlled by a WCS. Water sample taken near tile inflow. Water and soil routinely collected here.,40.47129,--84.64074,Retention Pond,pool,NA,,"precipitation
wetland feature",AB,2,,"soil sampling
water sampling",Hold,,,,17,,rmarques@kent.edu,12/14/22 7:59 AM,rmarques@kent.edu,12/17/24 11:25 AM,COLW,
03/20/23,TRUE,,,WS,105. Coldwater Wetlands,105,COLW,Coldwater Wetlands,COLW_04,Rentention Pond E,Pool that captures surface water runoff from surrounding ag land. Forest Pond N and Forest Pond S flow into this pond via a tile controlled by at WCS. Water sample taken on east side of pool. Water and soil routinely collected here.,40.47144,--84.63927,Retention Pond,pool,NA,,"precipitation
wetland feature",AB,3,,"soil sampling
water sampling",Hold,,,,17,,rmarques@kent.edu,12/14/22 7:59 AM,rmarques@kent.edu,12/17/24 11:25 AM,COLW,
03/20/23,TRUE,,,WS,105. Coldwater Wetlands,105,COLW,Coldwater Wetlands,COLW_05,Rentention Pond N,Pool that captures surface water runoff from surrounding ag land and tile inflow from town. Forest Pond N and Forest Pond S flow into this pond via a tile controlled by at WCS. Water sample taken near the outflow WCS on the north side of the pool. Water and soil routinely collected here.,40.47388,--84.63986,Retention Pond,pool,NA,,"precipitation
wetland feature",ABC,442,,"soil sampling
water sampling",Hold,,,,17,,rmarques@kent.edu,12/14/22 7:59 AM,rmarques@kent.edu,03/19/25 10:54 AM,COLW,
10/01/24,TRUE,,,WS,105. Coldwater Wetlands,105,COLW,Coldwater Wetlands,COLW_06,Tile Inflow,Tile inflows into Retention Pond near outflow. Tile drains a portion of farm field adjacent to west and a retirement village to the north. Water samples will be routinely collected.,40.47444,--84.63987,Tile,tile,NA,,direct tile input,C,1,,water sampling,Hold,,,,11,,morgan.grunden@wright.edu,08/14/24 11:00 AM,rmarques@kent.edu,01/17/25 5:51 AM,COLW,
03/20/23,TRUE,,TRUE,WS,97. Cooks Creek,97,COOC,Cooks Creek,COOC_01,Upstream Walnut Creek,,,,,,,,,,,,,No,,,,21,,rmarques@kent.edu,12/14/22 7:59 AM,cell-link@smartsheet.com,10/13/25 7:56 AM,,
03/20/23,TRUE,,TRUE,WS,97. Cooks Creek,97,COOC,Cooks Creek,COOC_02,Downstream Walnut Creek,,,,,,,,,,,,,No,,,,23,,rmarques@kent.edu,12/14/22 7:59 AM,cell-link@smartsheet.com,10/13/25 7:56 AM,,
03/20/23,TRUE,,TRUE,WS,97. Cooks Creek,97,COOC,Cooks Creek,COOC_03,Upstream Scioto River,,,,,,,,,,,,,No,,,,21,,rmarques@kent.edu,12/14/22 7:59 AM,cell-link@smartsheet.com,10/13/25 7:56 AM,,
03/20/23,TRUE,,TRUE,WS,97. Cooks Creek,97,COOC,Cooks Creek,COOC_04,Downstream Scioto River,,,,,,,,,,,,,No,,,,23,,rmarques@kent.edu,12/14/22 7:59 AM,cell-link@smartsheet.com,10/13/25 7:56 AM,,
03/20/23,TRUE,,TRUE,WS,97. Cooks Creek,97,COOC,Cooks Creek,COOC_05,Wetland Pools at SR/WC Confluence,,,,,,,,,,,,,No,,,,33,,rmarques@kent.edu,12/14/22 7:59 AM,cell-link@smartsheet.com,10/13/25 7:56 AM,,
03/20/23,TRUE,,,UT,59. Darby Refuge,59,DARR,Darby Refuge,DARR_01,Creek Outlet,Located in LaCarpe Creek; downstream and close to Lake Erie.,41.53849,--83.00057,LaCarpe Creek,creek,downstream,adjacent_waterbody,"coastal
lotic influence",A,2,,"in situ physicochemistry
water level
water sampling",No,,TRUE,Routine. Intended to assess water quality downstream closest to Lake Erie.,12,,rmarques@kent.edu,12/14/22 7:59 AM,leticia.sandoval@utoledo.edu,03/16/26 12:29 PM,DARR,
03/20/23,TRUE,,,UT,59. Darby Refuge,59,DARR,Darby Refuge,DARR_02,Pool 1 WCS1,Located in Pool 1 directly adjacent to WCS1 that connects Pool 1 and LaCarpe Creek.,41.53388,--83.00576,Pool 1,wcs,bidirectional,connected_during_events,"coastal
lentic influence",NA,NA,,"in situ physicochemistry
soil sampling
water level
water sampling",No,,TRUE,Routine. Designed to hydrologically connect Pool 1 and LaCarpe Creek.,11,,rmarques@kent.edu,12/14/22 7:59 AM,leticia.sandoval@utoledo.edu,03/16/26 12:29 PM,DARR,
03/20/23,TRUE,,,UT,59. Darby Refuge,59,DARR,Darby Refuge,DARR_03,Creek WCS1,Located in LaCarpe Creek directly adjacent to WCS1 that connects Pool 1 and LaCarpe Creek.,41.53387,--83.00618,LaCarpe Creek,wcs,bidirectional,adjacent_waterbody,"coastal
lotic influence",A,1,,"in situ physicochemistry
soil sampling
water level
water sampling",No,,TRUE,Routine. Designed to hydrologically connect Pool 1 and LaCarpe Creek.,10,,rmarques@kent.edu,12/14/22 7:59 AM,leticia.sandoval@utoledo.edu,03/16/26 12:29 PM,DARR,
03/20/23,TRUE,,,UT,59. Darby Refuge,59,DARR,Darby Refuge,DARR_04,Pool 1 Center,"Located near the ""center"" of Pool 1, away from the WCSs; kayak needed to access. Difficult to access due to vegetation. Pool 4 is managed for native/invasive species densities.",41.53330,--82.99929,Pool 1,pool,NA,connected_during_events,"coastal
lentic influence",NA,NA,,"in situ physicochemistry
water level
water sampling",No,,TRUE,Routine. Rarely sampled due to vegetation densities.,13,,rmarques@kent.edu,12/14/22 7:59 AM,leticia.sandoval@utoledo.edu,03/16/26 12:29 PM,DARR,
03/20/23,TRUE,,,UT,59. Darby Refuge,59,DARR,Darby Refuge,DARR_05,Pool 1 WCS2,Located in Pool 1 directly adjacent to WCS2 that connects Pool 1 and LaCarpe Creek.,41.53076,--82.99579,Pool 1,wcs,bidirectional,connected_during_events,"coastal
lentic influence",NA,NA,,"in situ physicochemistry
soil sampling
water level
water sampling",No,,TRUE,Routine. Designed to hydrologically connect Pool 1 and LaCarpe Creek.,11,,rmarques@kent.edu,12/14/22 7:59 AM,leticia.sandoval@utoledo.edu,03/16/26 12:29 PM,DARR,
03/20/23,TRUE,,,UT,59. Darby Refuge,59,DARR,Darby Refuge,DARR_06,Ditch WCS2,"Located in LaCarpe Creek offshoot, also called the ditch. Directly adjacent to the WCS2 that connects Pool 1 and LaCarpe Creek.",41.53046,--82.99576,Ditch,wcs,bidirectional,adjacent_waterbody,"coastal
lotic influence",NA,NA,,"in situ physicochemistry
water level
water sampling",No,,TRUE,Routine. Designed to hydrologically connect Pool 1 and LaCarpe Creek.,10,,rmarques@kent.edu,12/14/22 7:59 AM,leticia.sandoval@utoledo.edu,03/16/26 12:29 PM,DARR,
03/20/23,TRUE,,,UT,59. Darby Refuge,59,DARR,Darby Refuge,DARR_07,Pool 4 WCS3,Located in Pool 4 directly adjacent to WCS3 that connects Pool 4 and the drainage ditch.,41.53050,--82.99192,Pool 4,wcs,bidirectional,connected_during_events,"coastal
lentic influence",NA,NA,,"in situ physicochemistry
soil sampling
staff gauge
water level
water sampling",No,,TRUE,Routine. Designed to hydrologically connect Pool 4 and LaCarpe Creek.,11,,rmarques@kent.edu,12/14/22 7:59 AM,leticia.sandoval@utoledo.edu,03/16/26 12:29 PM,DARR,
03/20/23,TRUE,,,UT,59. Darby Refuge,59,DARR,Darby Refuge,DARR_08,Ditch WCS3,"Located in the LaCarpe Creek offshoot, or ditch, directly adjacent to WCS3 that connects Pool 4 with LaCarpe Creek.",41.53050,--82.99236,Ditch,wcs,bidirectional,adjacent_waterbody,"coastal
lotic influence",NA,NA,,"in situ physicochemistry
water level
water sampling",No,,TRUE,Routine. Designed to hydrologically connect Pool 4 and LaCarpe Creek.,10,,rmarques@kent.edu,12/14/22 7:59 AM,leticia.sandoval@utoledo.edu,03/16/26 12:29 PM,DARR,
03/20/23,TRUE,,,UT,59. Darby Refuge,59,DARR,Darby Refuge,DARR_09,Pool 4 Center,"Located near the ""center"" of Pool 4, away from the WCSs; kayak needed to access. Difficult to access due to vegetation. Pool 4 is managed for native/invasive species densities.",41.52948,--82.98863,Pool 4,pool,NA,connected_during_events,"coastal
lentic influence",NA,NA,,"in situ physicochemistry
water level
water sampling",No,,TRUE,Routine. Rarely sampled due to vegetation densities.,13,,rmarques@kent.edu,12/14/22 7:59 AM,leticia.sandoval@utoledo.edu,03/16/26 12:36 PM,DARR,
03/20/23,TRUE,,TRUE,WS,103. Dry Fork,103,DRYF,Dry Fork,DRYF_01,Upstream of Floodplain,,,,,,,,,,,,,No,,,,22,,rmarques@kent.edu,12/14/22 7:59 AM,cell-link@smartsheet.com,10/13/25 7:56 AM,,
03/20/23,TRUE,,TRUE,WS,103. Dry Fork,103,DRYF,Dry Fork,DRYF_02,Downstream of Floodplain,,,,,,,,,,,,,No,,,,24,,rmarques@kent.edu,12/14/22 7:59 AM,cell-link@smartsheet.com,10/13/25 7:56 AM,,
06/05/23,TRUE,,,UT,36. Duck and Otter,36,DUCO,Duck and Otter,DUCO_01,Duck Upstream,Upstream of construction site on Duck Creek,41.66598,--83.48038,Duck Creek,creek,upstream,,flow-through,A,1,NA,,No,,,From Steve McMurray via email on 5/31/23.,13,,rmarques@kent.edu,06/05/23 8:10 AM,cell-link@smartsheet.com,10/13/25 7:56 AM,DUCO,
06/05/23,TRUE,,,UT,36. Duck and Otter,36,DUCO,Duck and Otter,DUCO_02,Duck Downstream,Immediately downstream of construction site on Duck Creek,41.66934,--83.47759,Duck Creek,creek,downstream,,flow-through,A,2,NA,,No,,,From Steve McMurray via email on 5/31/23.,15,,rmarques@kent.edu,06/05/23 8:10 AM,cell-link@smartsheet.com,10/13/25 7:56 AM,DUCO,
06/05/23,TRUE,,,UT,36. Duck and Otter,36,DUCO,Duck and Otter,DUCO_03,Otter Creek,"Otter Creek, about 2.5 miles from upstream location",41.64725,--83.48722,Otter Creek,creek,upstream,,flow-through,B,1,NA,,No,,,From Steve McMurray via email on 5/31/23.,11,,rmarques@kent.edu,06/05/23 8:10 AM,cell-link@smartsheet.com,10/13/25 7:56 AM,DUCO,
06/23/23,TRUE,,,OS,63. East Fork Lake,63,EFLA,East Fork Lake,EFLA_01,SYSINL,System inlet,39.06547,--84.05460,Wetland,reach,inlet,,,,,,,No,,,System inlet,6,,rmarques@kent.edu,06/21/23 9:18 AM,cell-link@smartsheet.com,11/18/25 8:17 AM,EFLA,
06/23/23,TRUE,,,OS,63. East Fork Lake,63,EFLA,East Fork Lake,EFLA_02,RESINL,Reservoir inlet,39.06539,--84.05409,Reservoir,pool,inlet,,,,,,,No,,,Reservoir inlet,6,,rmarques@kent.edu,06/21/23 9:18 AM,cell-link@smartsheet.com,11/18/25 8:17 AM,EFLA,
06/23/23,TRUE,,,OS,63. East Fork Lake,63,EFLA,East Fork Lake,EFLA_03,WBWBP,Williamsburg wetland bypass,39.06478,--84.05434,Bypass,bypass,,,,,,,,No,,,Williamsburg wetland bypass,5,,rmarques@kent.edu,06/21/23 9:18 AM,cell-link@smartsheet.com,11/18/25 8:17 AM,EFLA,
06/23/23,TRUE,,,OS,63. East Fork Lake,63,EFLA,East Fork Lake,EFLA_04,RESOUT,Reservoir outlet,39.06447,--84.05388,Reservoir,pool,outlet,,,,,,,No,,,Reservoir outlet,6,,rmarques@kent.edu,06/21/23 9:18 AM,cell-link@smartsheet.com,11/18/25 8:17 AM,EFLA,
06/23/23,TRUE,,,OS,63. East Fork Lake,63,EFLA,East Fork Lake,EFLA_05,SYSOUT,System outlet,39.06318,--84.05479,Wetland,reach,outlet,,,,,,,No,,,System outlet,6,,rmarques@kent.edu,06/21/23 9:18 AM,cell-link@smartsheet.com,11/18/25 8:17 AM,EFLA,
03/20/23,TRUE,,,BG,17. Forder Bridge,17,FORB,Forder Bridge,FORB_01,Wetland Complex 1 Pool A,Easternmost pool of Complex 1,41.22116,--84.67024,Complex 1,pool,NA,,"depressional
precipitation",NA,NA,NA,"in situ physicochemistry
soil sampling
water sampling",No,,,,24,,rmarques@kent.edu,12/14/22 7:59 AM,cell-link@smartsheet.com,10/13/25 7:56 AM,FORB,
03/20/23,TRUE,,,BG,17. Forder Bridge,17,FORB,Forder Bridge,FORB_02,Wetland Complex 1 Pool B,Middle pool of Complex 1,41.22119,--84.67066,Complex 1,pool,NA,,"depressional
precipitation",NA,NA,NA,"in situ physicochemistry
soil sampling
water sampling",No,,,,24,,rmarques@kent.edu,12/14/22 7:59 AM,cell-link@smartsheet.com,10/13/25 7:56 AM,FORB,
03/20/23,TRUE,,,BG,17. Forder Bridge,17,FORB,Forder Bridge,FORB_03,Wetland Complex 1 Pool C,Westernmost pool of complex 1,41.22111,--84.67107,Complex 1,pool,NA,,"depressional
precipitation",NA,NA,NA,"in situ physicochemistry
sensor network
soil sampling
water sampling",Yes,,,,24,,rmarques@kent.edu,12/14/22 7:59 AM,cell-link@smartsheet.com,10/13/25 7:56 AM,FORB,
03/20/23,TRUE,,,BG,17. Forder Bridge,17,FORB,Forder Bridge,FORB_04,Wetland Complex 2,Area west of the northern third of Stream 1,41.22117,--84.67321,Complex 2,pool,NA,,"floodplain
precipitation",NA,NA,NA,"sensor network
soil sampling
water sampling",No,,,,17,,rmarques@kent.edu,12/14/22 7:59 AM,cell-link@smartsheet.com,10/13/25 7:56 AM,FORB,
03/20/23,TRUE,,,BG,17. Forder Bridge,17,FORB,Forder Bridge,FORB_05,Wetland Complex 3 Pool A,Northernmost pool of complex 3,41.22035,--84.67282,Complex 3,pool,NA,,"depressional
precipitation",NA,NA,NA,"in situ physicochemistry
soil sampling
water sampling",No,,,,24,,rmarques@kent.edu,12/14/22 7:59 AM,cell-link@smartsheet.com,10/13/25 7:56 AM,FORB,
03/20/23,TRUE,,,BG,17. Forder Bridge,17,FORB,Forder Bridge,FORB_06,Wetland Complex 3 Pool B,South of pool A Complex 3,41.22024,--84.67281,Complex 3,pool,NA,,"depressional
precipitation",NA,NA,NA,"in situ physicochemistry
soil sampling
water sampling",No,,,,24,,rmarques@kent.edu,12/14/22 7:59 AM,cell-link@smartsheet.com,10/13/25 7:56 AM,FORB,
03/20/23,TRUE,,,BG,17. Forder Bridge,17,FORB,Forder Bridge,FORB_07,Wetland Complex 3 Pool C,South of pool B Complex 3,41.22010,--84.67281,Complex 3,pool,NA,,"depressional
precipitation",NA,NA,NA,"in situ physicochemistry
soil sampling
water sampling",No,,,,24,,rmarques@kent.edu,12/14/22 7:59 AM,cell-link@smartsheet.com,10/13/25 7:56 AM,FORB,
03/20/23,TRUE,,,BG,17. Forder Bridge,17,FORB,Forder Bridge,FORB_08,Wetland Complex 3 Pool D,Southernmost pool of Complex 3,41.21987,--84.67274,Complex 3,pool,NA,,"depressional
precipitation",NA,NA,NA,"in situ physicochemistry
sensor network
soil sampling
water sampling",Yes,,,,24,,rmarques@kent.edu,12/14/22 7:59 AM,cell-link@smartsheet.com,10/13/25 7:56 AM,FORB,
03/20/23,TRUE,,,BG,17. Forder Bridge,17,FORB,Forder Bridge,FORB_09,Wetland Complex 4 Pool A,Southernmost pool of Complex 4,41.21725,--84.67235,Complex 4,pool,NA,,"direct tile input
flow-through",A,2,NA,"in situ physicochemistry
sensor network
soil sampling
water sampling",Yes,,,,24,,rmarques@kent.edu,12/14/22 7:59 AM,cell-link@smartsheet.com,10/13/25 7:56 AM,FORB,
03/20/23,TRUE,,,BG,17. Forder Bridge,17,FORB,Forder Bridge,FORB_10,Wetland Complex 4 Pool B,North of pool A Complex 4,41.21755,--84.67281,Complex 4,pool,NA,,flow-through,A,3,NA,"in situ physicochemistry
soil sampling
water sampling",No,,,,24,,rmarques@kent.edu,12/14/22 7:59 AM,cell-link@smartsheet.com,10/13/25 7:56 AM,FORB,
03/20/23,TRUE,,,BG,17. Forder Bridge,17,FORB,Forder Bridge,FORB_11,Wetland Complex 4 Pool C,North of pool B Complex 4,41.21793,--84.67312,Complex 4,pool,NA,,flow-through,A,4,NA,"in situ physicochemistry
soil sampling
water sampling",No,,,,24,,rmarques@kent.edu,12/14/22 7:59 AM,cell-link@smartsheet.com,10/13/25 7:56 AM,FORB,
03/20/23,TRUE,,,BG,17. Forder Bridge,17,FORB,Forder Bridge,FORB_12,Wetland Complex 4 Pool D,Northernmost pool of Complex 4 leading into Stream 1,41.21823,--84.67347,Complex 4,pool,NA,,flow-through,A,5,NA,"in situ physicochemistry
soil sampling
water sampling",No,,,,24,,rmarques@kent.edu,12/14/22 7:59 AM,cell-link@smartsheet.com,10/13/25 7:56 AM,FORB,
03/20/23,TRUE,,,BG,17. Forder Bridge,17,FORB,Forder Bridge,FORB_13,Wetland Complex 4 Pool E,East of Pool D Complex 4,41.21855,--84.67342,Complex 4,pool,NA,,precipitation,NA,NA,NA,"in situ physicochemistry
soil sampling
water sampling",No,,,,24,,rmarques@kent.edu,12/14/22 7:59 AM,cell-link@smartsheet.com,10/13/25 7:56 AM,FORB,
03/20/23,TRUE,,,BG,17. Forder Bridge,17,FORB,Forder Bridge,FORB_14,Wetland Complex 4 Pool F,West of Pool B Complex 4,41.21744,--84.67318,Complex 4,pool,NA,,"depressional
precipitation",NA,NA,NA,"in situ physicochemistry
soil sampling
water sampling",No,,,,24,,rmarques@kent.edu,12/14/22 7:59 AM,cell-link@smartsheet.com,10/13/25 7:56 AM,FORB,
03/20/23,TRUE,,,BG,17. Forder Bridge,17,FORB,Forder Bridge,FORB_15,SW Tile Outlet,Southern edge of site adjacent to CR 424 directly south of Pool A C 4,41.21706,--84.67224,Tile,tile,inlet,,direct tile input,A,1,NA,"flow
in situ physicochemistry
water sampling",No,,,,14,,rmarques@kent.edu,12/14/22 7:59 AM,cell-link@smartsheet.com,10/13/25 7:56 AM,FORB,
03/20/23,TRUE,,,BG,17. Forder Bridge,17,FORB,Forder Bridge,FORB_16,Maumee River,Northern edge of site. Accessible via gravel trail. Underneath c-73 bridge,41.22199,--84.67193,River,river,downstream,,lotic influence,NA,NA,NA,"in situ physicochemistry
soil sampling
water sampling",No,,,,12,,rmarques@kent.edu,12/14/22 7:59 AM,cell-link@smartsheet.com,10/13/25 7:56 AM,FORB,
03/20/23,TRUE,,,BG,17. Forder Bridge,17,FORB,Forder Bridge,FORB_17,Stream 1,Runs south to north from complex 4 to Maumee River.,41.22141,--84.67227,Stream 1,stream,NA,,precipitation,A,6,NA,"flow
in situ physicochemistry
soil sampling
water sampling",No,,,,8,,rmarques@kent.edu,12/14/22 7:59 AM,cell-link@smartsheet.com,10/13/25 7:56 AM,FORB,
03/20/23,TRUE,,,BG,17. Forder Bridge,17,FORB,Forder Bridge,FORB_18,Stream 2,Smaller stream that begins in the east meadow and runs toward Stream 1,41.22061,--84.67204,Stream 2,stream,NA,,precipitation,NA,NA,NA,"in situ physicochemistry
soil sampling
water sampling",No,,,Unsure of connection to flowpath,8,,rmarques@kent.edu,12/14/22 7:59 AM,cell-link@smartsheet.com,10/13/25 7:56 AM,FORB,
10/01/24,TRUE,,,BG,17. Forder Bridge,17,FORB,Forder Bridge,FORB_19,Stream 1 Mouth,Stream 1 near mouth outflow to Maumee River.,41.22152,--84.67185,Stream 1,stream,bidirectional,,"flow-through
wetland feature",A,8,NA,"flow
in situ physicochemistry
soil sampling
water sampling",,,,,14,,gkhunt@bgsu.edu,06/12/24 9:39 AM,cell-link@smartsheet.com,10/13/25 7:56 AM,FORB,
10/01/24,TRUE,,,BG,17. Forder Bridge,17,FORB,Forder Bridge,FORB_20,Stream 1 Headwaters,Stream 1 head near outlet of C4 Pool D.,41.21871,--84.67351,Stream 1,stream,NA,,"flow-through
wetland feature",A,6,NA,"flow
in situ physicochemistry
water sampling",,,,,19,,gkhunt@bgsu.edu,06/12/24 9:39 AM,cell-link@smartsheet.com,10/13/25 7:56 AM,FORB,
10/01/24,TRUE,,,BG,17. Forder Bridge,17,FORB,Forder Bridge,FORB_21,Stream 1 Middle,Stream 1 middle just north of Complex 3.,41.22042,--84.67318,Stream 1,stream,NA,,"flow-through
wetland feature",A,7,NA,"flow
in situ physicochemistry
water sampling",,,,,15,,gkhunt@bgsu.edu,06/12/24 9:39 AM,cell-link@smartsheet.com,10/13/25 7:56 AM,FORB,
10/01/24,TRUE,,,BG,17. Forder Bridge,17,FORB,Forder Bridge,FORB_22,Complex 1_U,Upland area south of C1PC.,41.22096,--84.67094,Complex 1,upland,NA,,NA,NA,NA,NA,soil sampling,,,,upland/soil only comparison,11,,gkhunt@bgsu.edu,06/12/24 9:39 AM,cell-link@smartsheet.com,10/13/25 7:56 AM,FORB,
10/01/24,TRUE,,,BG,17. Forder Bridge,17,FORB,Forder Bridge,FORB_23,C3PA_U,Upland ridge between C3A and C3B.,41.22029,--84.67282,Complex 3,upland,NA,,NA,NA,NA,NA,soil sampling,,,,upland/soil only comparison,6,,gkhunt@bgsu.edu,06/12/24 9:39 AM,cell-link@smartsheet.com,10/13/25 7:56 AM,FORB,
10/01/24,TRUE,,,BG,17. Forder Bridge,17,FORB,Forder Bridge,FORB_24,C3PB_U,Upland ridge between C3B and C3C.,41.22017,--84.67288,Complex 3,upland,NA,,NA,NA,NA,NA,soil sampling,,,,upland/soil only comparison,6,,gkhunt@bgsu.edu,06/12/24 9:39 AM,cell-link@smartsheet.com,10/13/25 7:56 AM,FORB,
10/01/24,TRUE,,,BG,17. Forder Bridge,17,FORB,Forder Bridge,FORB_25,C3PC_U,Upland ridge between C3C and C3D.,41.22002,--84.67276,Complex 3,upland,NA,,NA,NA,NA,NA,soil sampling,,,,upland/soil only comparison,6,,gkhunt@bgsu.edu,06/12/24 9:39 AM,cell-link@smartsheet.com,10/13/25 7:56 AM,FORB,
10/01/24,TRUE,,,BG,17. Forder Bridge,17,FORB,Forder Bridge,FORB_26,C4PA_U,Upland area east of C4 Pool A.,41.21749,--84.67227,Complex 4,upland,NA,,NA,NA,NA,NA,soil sampling,,,,upland/soil only comparison,6,,gkhunt@bgsu.edu,06/12/24 9:39 AM,cell-link@smartsheet.com,10/13/25 7:56 AM,FORB,
10/01/24,TRUE,,,BG,17. Forder Bridge,17,FORB,Forder Bridge,FORB_27,C4PF_U,"Upland area equidistant between C4F, C4B, and C4C. West of treatment train.",41.21769,--84.67331,Complex 4,upland,NA,,NA,NA,NA,NA,soil sampling,,,,upland/soil only comparison,6,,gkhunt@bgsu.edu,06/12/24 9:39 AM,cell-link@smartsheet.com,10/13/25 7:56 AM,FORB,
10/01/24,TRUE,,,BG,17. Forder Bridge,17,FORB,Forder Bridge,FORB_28,C4PC_U,Upland area east of C4 Pool C.,41.21810,--84.67290,Complex 4,upland,NA,,NA,NA,NA,NA,soil sampling,,,,upland/soil only comparison,6,,gkhunt@bgsu.edu,06/12/24 9:39 AM,cell-link@smartsheet.com,10/13/25 7:56 AM,FORB,
10/01/24,TRUE,,,BG,17. Forder Bridge,17,FORB,Forder Bridge,FORB_29,SW Tile_U,Upland area near SW Tile outlet.,41.21705,--84.67219,SW Tile,upland,NA,,NA,NA,NA,NA,soil sampling,,,,upland/soil only comparison,9,,gkhunt@bgsu.edu,06/12/24 9:39 AM,cell-link@smartsheet.com,10/13/25 7:56 AM,FORB,
10/01/24,TRUE,,,BG,17. Forder Bridge,17,FORB,Forder Bridge,FORB_30,Meadow Spoil,Meadow area east of wetlands on the spoil hill.,41.22047,--84.67047,Meadow,upland,NA,,NA,NA,NA,NA,soil sampling,,,,upland/soil only comparison,12,,gkhunt@bgsu.edu,06/12/24 9:39 AM,cell-link@smartsheet.com,10/13/25 7:56 AM,FORB,
10/01/24,TRUE,,,BG,17. Forder Bridge,17,FORB,Forder Bridge,FORB_31,Meadow C3,Meadow area east of Complex 3.,41.21986,--84.67214,Meadow,upland,NA,,NA,NA,NA,NA,soil sampling,,,,upland/soil only comparison,9,,gkhunt@bgsu.edu,06/12/24 9:39 AM,cell-link@smartsheet.com,10/13/25 7:56 AM,FORB,
10/01/24,TRUE,,,BG,17. Forder Bridge,17,FORB,Forder Bridge,FORB_32,Meadow C4,Meadow area east of Complex 4.,41.21858,--84.67184,Meadow,upland,NA,,NA,NA,NA,NA,soil sampling,,,,upland/soil only comparison,9,,gkhunt@bgsu.edu,06/12/24 9:39 AM,cell-link@smartsheet.com,10/13/25 7:56 AM,FORB,
10/01/24,TRUE,,,BG,17. Forder Bridge,17,FORB,Forder Bridge,FORB_33,Maumee River_U,Upland area near Maumee River.,41.22172,--84.67188,Maumee River,upland,NA,,NA,NA,NA,NA,soil sampling,,,,upland/soil only comparison,14,,gkhunt@bgsu.edu,06/12/24 9:39 AM,cell-link@smartsheet.com,10/13/25 7:56 AM,FORB,
04/16/25,TRUE,,,KS,72. Forest Lawn,72,FORL,Forest Lawn,FORL_01,Inlet,Wetland stream inlet,41.04168,--80.65989,,stream,inlet,,"flow-through
lotic influence",A,1,,water sampling,,,,"Culvert inlet from underground stream into daylit reach in the wetland, rocky bottom unlikely to soil sample",5,,cgluck1@kent.edu,04/10/25 6:53 AM,cell-link@smartsheet.com,10/13/25 7:56 AM,FORL,
04/16/25,TRUE,,,KS,72. Forest Lawn,72,FORL,Forest Lawn,FORL_02,Outlet,Wetland stream outlet,41.04295,--80.66014,,stream,outlet,,"flow-through
lotic influence",A,2,,water sampling,,,,"Culvert outlet from daylit wetland stream back underground, rocky stream bed unlikely to get soil samples",6,,cgluck1@kent.edu,04/10/25 6:53 AM,cell-link@smartsheet.com,10/13/25 7:56 AM,FORL,
06/23/25,TRUE,,,KS,72. Forest Lawn,72,FORL,Forest Lawn,FORL_03,Floodplain A,"Upstream floodplain area within the Project area, is inundated during storm events but otherwise dry",41.04219,--80.66042,NA,upland,NA,,floodplain,NA,NA,NA,soil sampling,No,,,,12,,cgluck1@kent.edu,06/20/25 8:49 AM,cell-link@smartsheet.com,10/13/25 7:56 AM,FORL,
06/23/25,TRUE,,,KS,72. Forest Lawn,72,FORL,Forest Lawn,FORL_04,Floodplain B,"Downstream floodplain area within the Project area, is inundated during storm events but otherwise dry",41.04252,--80.65951,NA,upland,NA,,floodplain,NA,NA,NA,soil sampling,No,,,,12,,cgluck1@kent.edu,06/20/25 8:49 AM,cell-link@smartsheet.com,10/13/25 7:56 AM,FORL,
03/20/23,TRUE,,,HU,22. Fruth Wetland,22,FRUW,Fruth Wetland,FRUW_01,Pool 1A,Subpool of Pool 1 in SE corner of project,41.13083,--83.36592,Pool 1,pool,bidirectional,,"depressional
groundwater
lentic influence
precipitation",NA,NA,,"soil sampling
water level
water sampling",No,,,Routine,7,,rmarques@kent.edu,12/14/22 7:59 AM,cell-link@smartsheet.com,10/13/25 7:56 AM,FRUW,
03/20/23,TRUE,,,HU,22. Fruth Wetland,22,FRUW,Fruth Wetland,FRUW_02,Pool 1B,Subpool of Pool 1 in SE corner of project,41.13072,--83.36577,Pool 1,pool,bidirectional,,"depressional
groundwater
lentic influence
precipitation",NA,NA,,"sensor network
soil sampling
water level
water sampling",No,,,Routine,7,,rmarques@kent.edu,12/14/22 7:59 AM,cell-link@smartsheet.com,10/13/25 7:56 AM,FRUW,
03/20/23,TRUE,,,HU,22. Fruth Wetland,22,FRUW,Fruth Wetland,FRUW_03,Pool 1C,Subpool of Pool 1 in SE corner of project,41.13076,--83.36564,Pool 1,pool,bidirectional,,"depressional
groundwater
lentic influence
precipitation",NA,NA,,"soil sampling
water level
water sampling",No,,,Routine,7,,rmarques@kent.edu,12/14/22 7:59 AM,cell-link@smartsheet.com,10/13/25 7:56 AM,FRUW,
03/20/23,TRUE,,,HU,22. Fruth Wetland,22,FRUW,Fruth Wetland,FRUW_04,Pool 1D,Subpool of Pool 1 in SE corner of project,41.13072,--83.36538,Pool 1,pool,bidirectional,,"depressional
groundwater
lentic influence
precipitation",NA,NA,,"soil sampling
water level
water sampling",No,,,Routine,7,,rmarques@kent.edu,12/14/22 7:59 AM,cell-link@smartsheet.com,10/13/25 7:56 AM,FRUW,
03/20/23,TRUE,,,HU,22. Fruth Wetland,22,FRUW,Fruth Wetland,FRUW_05,Pool 2,Pool along southern edge of the project,41.13075,--83.36710,Pool 2,pool,bidirectional,,"depressional
groundwater
lentic influence
precipitation",NA,NA,,"in situ physicochemistry
sensor network
soil sampling
water level
water sampling",No,,,Routine,6,,rmarques@kent.edu,12/14/22 7:59 AM,cell-link@smartsheet.com,10/13/25 7:56 AM,FRUW,
03/20/23,TRUE,,,HU,22. Fruth Wetland,22,FRUW,Fruth Wetland,FRUW_06,Pool 3A,Wetland pool within berm,41.13164,--83.36670,Pool 3,pool,bidirectional,,"depressional
groundwater
lentic influence
precipitation",NA,NA,,"sensor network
soil sampling
water level
water sampling",No,,,Routine,7,,rmarques@kent.edu,12/14/22 7:59 AM,cell-link@smartsheet.com,10/13/25 7:56 AM,FRUW,
03/20/23,TRUE,,,HU,22. Fruth Wetland,22,FRUW,Fruth Wetland,FRUW_07,Pool 3B,Wetland pool within berm,41.13136,--83.36703,Pool 3,pool,bidirectional,,"depressional
groundwater
lentic influence
precipitation",NA,NA,,"sensor network
soil sampling
water level
water sampling",No,,,Routine,7,,rmarques@kent.edu,12/14/22 7:59 AM,cell-link@smartsheet.com,10/13/25 7:56 AM,FRUW,
03/20/23,TRUE,,,HU,22. Fruth Wetland,22,FRUW,Fruth Wetland,FRUW_08,Pool 4,Wetland pool within berm,41.13195,--83.36632,Pool 4,pool,bidirectional,,"depressional
groundwater
lentic influence
precipitation",NA,NA,,"sensor network
soil sampling
staff gauge
water level
water sampling",No,,,Routine,6,,rmarques@kent.edu,12/14/22 7:59 AM,cell-link@smartsheet.com,10/13/25 7:56 AM,FRUW,
03/20/23,TRUE,,,HU,22. Fruth Wetland,22,FRUW,Fruth Wetland,FRUW_09,Vernal Pool 1,woodland ephemeral pools,41.13082,--83.36382,Wooded Lot,vernal,bidirectional,,"depressional
precipitation",A,2,,"soil sampling
water level
water sampling",No,,,Routine,13,,rmarques@kent.edu,12/14/22 7:59 AM,cell-link@smartsheet.com,10/13/25 7:56 AM,FRUW,
03/20/23,TRUE,,,HU,22. Fruth Wetland,22,FRUW,Fruth Wetland,FRUW_10,Wooded Swale Inflow,woodland ephemeral pools,41.13056,--83.36336,Wooded Lot,swale,inlet,,precipitation,A,1,,"soil sampling
water level
water sampling",No,,,Routine,19,,rmarques@kent.edu,12/14/22 7:59 AM,cell-link@smartsheet.com,10/13/25 7:56 AM,FRUW,
03/20/23,TRUE,,,HU,22. Fruth Wetland,22,FRUW,Fruth Wetland,FRUW_11,Wooded Swale Outflow,woodland ephemeral pools,41.13156,--83.36297,Wooded Lot,swale,outlet,,precipitation,A,6,,"soil sampling
water level
water sampling",No,,,Routine,20,,rmarques@kent.edu,12/14/22 7:59 AM,cell-link@smartsheet.com,10/13/25 7:56 AM,FRUW,
10/01/24,TRUE,,,HU,22. Fruth Wetland,22,FRUW,Fruth Wetland,FRUW_12,Pool 1E,Pool 1 located SE portion of project. Pool 1E is NE subpool of Pool 1,41.13071,--83.36525,Pool 1,pool,bidirectional,,"depressional
groundwater
lentic influence
precipitation",NA,NA,,"soil sampling
water level
water sampling",Yes,,,,7,,anainige@heidelberg.edu,07/30/24 7:06 AM,cell-link@smartsheet.com,10/13/25 7:56 AM,FRUW,
10/01/24,TRUE,,,HU,22. Fruth Wetland,22,FRUW,Fruth Wetland,FRUW_13,Vernal Pool 2,woodland ephemeral pools,41.13086,--83.36346,Wooded Lot,vernal,bidirectional,,"depressional
precipitation",A,3,,"soil sampling
water level
water sampling",No,,,,13,,anainige@heidelberg.edu,07/30/24 7:06 AM,cell-link@smartsheet.com,10/13/25 7:56 AM,FRUW,
10/01/24,TRUE,,,HU,22. Fruth Wetland,22,FRUW,Fruth Wetland,FRUW_14,Vernal Pool 3,woodland ephemeral pools,41.13095,--83.36337,Wooded Lot,vernal,bidirectional,,"depressional
precipitation",A,4,,"soil sampling
water level
water sampling",No,,,,13,,anainige@heidelberg.edu,07/30/24 7:06 AM,cell-link@smartsheet.com,10/13/25 7:56 AM,FRUW,
10/01/24,TRUE,,,HU,22. Fruth Wetland,22,FRUW,Fruth Wetland,FRUW_15,Vernal Pool 4,woodland ephemeral pools,41.13099,--83.36302,Wooded Lot,vernal,bidirectional,,"depressional
precipitation",A,5,,"soil sampling
water level
water sampling",No,,,,13,,anainige@heidelberg.edu,07/30/24 7:06 AM,cell-link@smartsheet.com,10/13/25 7:56 AM,FRUW,
03/20/23,TRUE,,,WS,79. Gorman Farm,79,GORF,Gorman Farm,GORF_01,Pool 1 (eastern most),Depressional pool that captures surface water runoff from adjacent pasture and is also sometimes spring fed. Water and soil samples collected.,39.24330,--84.42239,NA,pool,NA,,precipitation,A,1,,"soil sampling
water sampling",Hold,,,,21,,rmarques@kent.edu,12/14/22 7:59 AM,rmarques@kent.edu,12/17/24 11:25 AM,GORF,
03/20/23,TRUE,,,WS,79. Gorman Farm,79,GORF,Gorman Farm,GORF_02,Pool 2 (north western),Depressional pool that captures adjacent pasture/field runoff. Water and soil samples collected.,39.24335,--84.42255,NA,pool,NA,,precipitation,B,1,,"soil sampling
water sampling",Hold,,,,22,,rmarques@kent.edu,12/14/22 7:59 AM,rmarques@kent.edu,12/17/24 11:25 AM,GORF,
03/20/23,TRUE,,,WS,79. Gorman Farm,79,GORF,Gorman Farm,GORF_03,Pool 3 (south western),Depressional pool that receives flows from pools 1 and 2 when at capacity. Water outflows into an adjacent stream. Water and soil samples collected.,39.24321,--84.42254,NA,pool,NA,,precipitation,AB,2,,"soil sampling
staff gauge
water level
water sampling",Hold,,,,22,,rmarques@kent.edu,12/14/22 7:59 AM,rmarques@kent.edu,12/17/24 11:25 AM,GORF,
03/20/23,TRUE,,TRUE,WS,74. Hellbranch Meadows,74,HELB,Hellbranch Meadows,HELB_01,Beginning Top Surface Well,,,,,,,,,,,,,No,,,,26,,rmarques@kent.edu,12/14/22 7:59 AM,cell-link@smartsheet.com,10/13/25 7:56 AM,,
03/20/23,TRUE,,TRUE,WS,74. Hellbranch Meadows,74,HELB,Hellbranch Meadows,HELB_02,Middle Surface Well,,,,,,,,,,,,,No,,,,19,,rmarques@kent.edu,12/14/22 7:59 AM,cell-link@smartsheet.com,10/13/25 7:56 AM,,
03/20/23,TRUE,,TRUE,WS,74. Hellbranch Meadows,74,HELB,Hellbranch Meadows,HELB_03,Ending Surface Well,,,,,,,,,,,,,No,,,,19,,rmarques@kent.edu,12/14/22 7:59 AM,cell-link@smartsheet.com,10/13/25 7:56 AM,,
03/20/23,TRUE,,TRUE,WS,99. Hocking River,99,HOCR,Hocking River,HOCR_01,Sunday Creek Upstream,,,,,,,,,,,,,No,,,,21,,rmarques@kent.edu,12/14/22 7:59 AM,cell-link@smartsheet.com,10/13/25 7:56 AM,,
03/20/23,TRUE,,TRUE,WS,99. Hocking River,99,HOCR,Hocking River,HOCR_02,Sunday Creek Downstream,,,,,,,,,,,,,No,,,,23,,rmarques@kent.edu,12/14/22 7:59 AM,cell-link@smartsheet.com,10/13/25 7:56 AM,,
03/20/23,TRUE,,TRUE,WS,99. Hocking River,99,HOCR,Hocking River,HOCR_03,Hocking River Upstream,,,,,,,,,,,,,No,,,,22,,rmarques@kent.edu,12/14/22 7:59 AM,cell-link@smartsheet.com,10/13/25 7:56 AM,,
03/20/23,TRUE,,TRUE,WS,99. Hocking River,99,HOCR,Hocking River,HOCR_04,Hocking River Downstream,,,,,,,,,,,,,No,,,,24,,rmarques@kent.edu,12/14/22 7:59 AM,cell-link@smartsheet.com,10/13/25 7:56 AM,,
03/20/23,TRUE,,TRUE,WS,99. Hocking River,99,HOCR,Hocking River,HOCR_05,Sunday-Hocking Confluence,,,,,,,,,,,,,No,,,,25,,rmarques@kent.edu,12/14/22 7:59 AM,cell-link@smartsheet.com,10/13/25 7:56 AM,,
03/20/23,TRUE,,,WS,78. Indian Creek,78,INDC,Indian Creek,INDC_01,Upstream,Indian Creek upstream of the wetland inflow notch. Water collected here.,39.45089,--84.77179,NA,creek,upstream,,lotic influence,ABC,"1,1,1",,water sampling,No,,,,8,,rmarques@kent.edu,12/14/22 7:59 AM,cell-link@smartsheet.com,10/13/25 7:56 AM,INDC,
03/20/23,TRUE,08/28/24,TRUE,WS,78. Indian Creek,78,INDC,Indian Creek,INDC_02,Mid Wetland Pool,,,,NA,pool,NA,,,,,,,No,,,,16,,rmarques@kent.edu,12/14/22 7:59 AM,cell-link@smartsheet.com,10/13/25 7:56 AM,,
03/20/23,TRUE,,,WS,78. Indian Creek,78,INDC,Indian Creek,INDC_03,Downstream,Indian Creek downstream of the final outflow notch. Water collected here.,39.44954,--84.76885,NA,creek,downstream,,lotic influence,ABCDE,"6,7,6,4,2",,water sampling,No,,,,10,,rmarques@kent.edu,12/14/22 7:59 AM,cell-link@smartsheet.com,10/13/25 7:56 AM,INDC,
10/01/24,TRUE,,,WS,78. Indian Creek,78,INDC,Indian Creek,INDC_04,Field Tile,Tile draining adjacent ag land that eventually flows into the outlet pool. Water samples collected here.,39.44942,--84.77148,NA,tile,NA,,direct tile input,D,1,,water sampling,Hold,,,,10,,morgan.grunden@wright.edu,08/20/24 10:12 AM,cell-link@smartsheet.com,10/13/25 7:56 AM,INDC,
10/01/24,TRUE,,,WS,78. Indian Creek,78,INDC,Indian Creek,INDC_05,Downstream Tile,Wetland pool downstream of the field tile that also captures adjacent ag field surface runoff. Water and soil samples collected here.,39.44906,--84.77074,NA,pool,NA,,precipitation,D,2,,"soil sampling
water level
water sampling",No,,,,15,,morgan.grunden@wright.edu,08/20/24 10:12 AM,cell-link@smartsheet.com,10/13/25 7:56 AM,INDC,
10/01/24,TRUE,,,WS,78. Indian Creek,78,INDC,Indian Creek,INDC_06,Forest Pool,First wetland pool capturing inflow from Indian Creek. Water and soil samples collected here.,39.45043,--84.77110,NA,pool,NA,,lotic influence,BC,"2,2",,"soil sampling
water level
water sampling",Hold,,,,11,,morgan.grunden@wright.edu,08/20/24 10:12 AM,cell-link@smartsheet.com,10/13/25 7:56 AM,INDC,
10/01/24,TRUE,,,WS,78. Indian Creek,78,INDC,Indian Creek,INDC_07,River Pool,Floodplain wetland pool capturing overflow from Indian Creek. Water samples collected here.,39.45082,--84.77139,NA,pool,NA,,lotic influence,A,2,,"soil sampling
water sampling",Hold,,,,10,,morgan.grunden@wright.edu,08/20/24 10:12 AM,cell-link@smartsheet.com,10/13/25 7:56 AM,INDC,
10/01/24,TRUE,,,WS,78. Indian Creek,78,INDC,Indian Creek,INDC_08,Outlet Pool,Wetland pool where forest and river flow paths meet. Water and soil samples collected here.,39.44953,--84.76970,NA,pool,NA,,wetland feature,AB,"4,5",,"soil sampling
water level
water sampling",Hold,,,,11,,morgan.grunden@wright.edu,08/20/24 10:12 AM,cell-link@smartsheet.com,10/13/25 7:56 AM,INDC,
10/01/24,TRUE,,,WS,78. Indian Creek,78,INDC,Indian Creek,INDC_09,Mystery Tile/Spring,Water source that empties into the flow path of east outflow notch. Not sure if the source is a spring or broken field tile. Water samples collected here.,39.44927,--84.76878,NA,tile,NA,,precipitation,E,1,,water sampling,No,,,,19,,morgan.grunden@wright.edu,08/20/24 10:12 AM,cell-link@smartsheet.com,10/13/25 7:56 AM,INDC,
10/01/24,TRUE,,,WS,78. Indian Creek,78,INDC,Indian Creek,INDC_10,DS of Oxbow & Outlet Pool,Deep portion of flow path before emptying back into Indian Creek Downstream.,39.44953,--84.76923,NA,pool,NA,,wetland feature,AB,"5,6",,water sampling,No,,,,25,,morgan.grunden@wright.edu,09/25/24 12:07 PM,cell-link@smartsheet.com,10/13/25 7:56 AM,INDC,
10/01/24,TRUE,,,WS,78. Indian Creek,78,INDC,Indian Creek,INDC_11,Mid Forest Pool,Third constructed pool in the north forest flow path.,39.44964,--84.77038,NA,pool,NA,,precipitation,B,4,,"soil sampling
water sampling",No,,,,15,,morgan.grunden@wright.edu,09/25/24 12:07 PM,cell-link@smartsheet.com,10/13/25 7:56 AM,INDC,
10/01/24,TRUE,,,WS,78. Indian Creek,78,INDC,Indian Creek,INDC_12,Sycamore Pool,Constructed pool in the south forest flow path.,39.44923,--84.77029,NA,pool,NA,,precipitation,C,4,,water sampling,No,,,,13,,morgan.grunden@wright.edu,09/25/24 12:07 PM,cell-link@smartsheet.com,10/13/25 7:56 AM,INDC,
10/01/24,TRUE,,,WS,78. Indian Creek,78,INDC,Indian Creek,INDC_13,Path Drainage Pool,Vernal pool in forest next to walking path to get to inflow notch on Indian Creek.,39.45041,--84.77180,NA,pool,NA,,precipitation,NA,NA,,water sampling,No,,,,18,,morgan.grunden@wright.edu,09/25/24 12:20 PM,cell-link@smartsheet.com,10/13/25 7:56 AM,INDC,
10/01/24,TRUE,,,WS,78. Indian Creek,78,INDC,Indian Creek,INDC_14,Riverside Pool DS by Berm,Existing pool in riverside flow path. Sand lined and very shallow.,39.45051,--84.76998,NA,pool,NA,,lotic influence,A,3,,"soil sampling
water sampling",No,,,,25,,morgan.grunden@wright.edu,09/25/24 12:20 PM,cell-link@smartsheet.com,10/13/25 7:56 AM,INDC,
05/02/25,TRUE,,,WS,78. Indian Creek,78,INDC,Indian Creek,INDC_15,Inflow Path 2nd Pool,Second wetland pool capturing flow from Indian Creek. Soil samples are taken here,39.44989,--84.77100,NA,pool,NA,,precipitation,BC,"3,3",,soil sampling,,,,,20,,haley.hoehn@wright.edu,05/01/25 5:37 AM,cell-link@smartsheet.com,10/13/25 7:56 AM,INDC,
05/02/25,TRUE,,,WS,78. Indian Creek,78,INDC,Indian Creek,INDC_16,Tile Inflow Pool 2,Second wetland pool in the tile inflow flowpath. Soil samples are collected here,39.44896,--84.76980,NA,pool,NA,,precipitation,CD,"5,3",,soil sampling,,,,,18,,haley.hoehn@wright.edu,05/01/25 5:37 AM,cell-link@smartsheet.com,10/13/25 7:56 AM,INDC,
03/20/23,TRUE,,,UT,15. Little Portage,15,LITP,Little Portage,LITP_01,Little Portage River,In Little Portage River near main distribution pump structure,41.49857,--83.03949,Little Portage River,river,bidirectional,adjacent_waterbody,"coastal
lotic influence",A,6,,"in situ physicochemistry
soil sampling
water level
water sampling",No,,TRUE,"Water may be pumped from river into canal during dry periods, reversing flow path and filling wetland units",20,,rmarques@kent.edu,12/14/22 7:59 AM,leticia.sandoval@utoledo.edu,03/16/26 12:29 PM,LITP,
03/20/23,TRUE,12/05/24,TRUE,UT,15. Little Portage,15,LITP,Little Portage,LITP_02,W Unit Center,Near center of southwest wetland unit,41.49642,--83.03581,,pool,,,,,,,,No,,TRUE,,13,,rmarques@kent.edu,12/14/22 7:59 AM,ojohns16@kent.edu,03/16/26 11:53 AM,,
03/20/23,TRUE,12/05/24,TRUE,UT,15. Little Portage,15,LITP,Little Portage,LITP_03,W Unit South,Southern edge of southwest wetland unit,41.49584,--83.03500,,pool,,,,,,,,No,,TRUE,,12,,rmarques@kent.edu,12/14/22 7:59 AM,ojohns16@kent.edu,03/16/26 11:53 AM,,
03/20/23,TRUE,12/05/24,TRUE,UT,15. Little Portage,15,LITP,Little Portage,LITP_04,N Unit Center,"In southeast wetland unit, centrally located between main distribution canal and dike separating northeast and southeast wetland units",41.49837,--83.03308,,pool,,,,,,,,No,,TRUE,center of north unit before dike removal,13,,rmarques@kent.edu,12/14/22 7:59 AM,ojohns16@kent.edu,03/16/26 11:53 AM,,
03/20/23,TRUE,12/05/24,TRUE,UT,15. Little Portage,15,LITP,Little Portage,LITP_05,N Unit North,Northern edge of southeast wetland unit,41.49895,--83.03335,,pool,,,,,,,,No,,TRUE,north unit before dike removal,12,,rmarques@kent.edu,12/14/22 7:59 AM,ojohns16@kent.edu,03/16/26 11:53 AM,,
03/20/23,TRUE,12/05/24,TRUE,UT,15. Little Portage,15,LITP,Little Portage,LITP_06,N Unit South,Halfway between Darr-Hopfinger Rd and main distribution canal on west edge of southeast wetland unit,41.49662,--83.03456,,pool,,,,,,,,No,,TRUE,southern edge of north unit before dike removal,12,,rmarques@kent.edu,12/14/22 7:59 AM,ojohns16@kent.edu,03/16/26 11:53 AM,,
03/20/23,TRUE,12/05/24,TRUE,UT,15. Little Portage,15,LITP,Little Portage,LITP_07,E Unit North,Halfway between Darr-Hopfinger Rd and main distribution canal on west edge of southeast wetland unit,41.49650,--83.03453,,pool,,,,,,,,No,,TRUE,northern edge of east unit before dike removal,12,,rmarques@kent.edu,12/14/22 7:59 AM,ojohns16@kent.edu,03/16/26 11:53 AM,,
03/20/23,TRUE,,,UT,15. Little Portage,15,LITP,Little Portage,LITP_08,E Unit Center,In southeast wetland unit near Ag Pump,41.49533,--83.03454,Southeast Unit,pool,inlet,connected_during_events,"coastal
lotic influence
wetland feature",A,2,,"in situ physicochemistry
soil sampling
water level
water sampling",No,,TRUE,"in ""east unit"" before dike removal",13,,rmarques@kent.edu,12/14/22 7:59 AM,leticia.sandoval@utoledo.edu,03/16/26 12:34 PM,LITP,
12/11/24,TRUE,,,UT,15. Little Portage,15,LITP,Little Portage,LITP_09,Ag Ditch,"In ditch collecting agricultural runoff, next to agricultural pump",41.49543,--83.03472,Ag Ditch,ditch,inlet,adjacent_waterbody,"coastal
lotic influence",A,1,,water sampling,,,TRUE,"Water may be pumped from river into canal, filling wetland units",8,,leticia.sandoval@utoledo.edu,12/05/24 12:49 PM,leticia.sandoval@utoledo.edu,03/17/26 9:57 AM,LITP,
12/11/24,TRUE,,,UT,15. Little Portage,15,LITP,Little Portage,LITP_10,SE Unit WCS,In southeast wetland unit near WCS connected to distribution canal,41.49867,--83.03457,Southeast Unit,pool,bidirectional,connected_during_events,"coastal
lotic influence
wetland feature",A,3,,water sampling,,,TRUE,"Water may be pumped from river into canal, filling wetland units",11,,leticia.sandoval@utoledo.edu,12/05/24 12:49 PM,leticia.sandoval@utoledo.edu,03/17/26 9:50 AM,LITP,
12/11/24,TRUE,,,UT,15. Little Portage,15,LITP,Little Portage,LITP_11,Canal East,On eastern side of distribution canal near SE unit WCS,41.49888,--83.03468,Distribution Canal,wcs,bidirectional,connected_during_events,"coastal
lotic influence",A,4,,water sampling,,,TRUE,Water may be pumped from river into canal,10,,leticia.sandoval@utoledo.edu,12/05/24 12:49 PM,leticia.sandoval@utoledo.edu,03/17/26 9:50 AM,LITP,
12/11/24,TRUE,,,UT,15. Little Portage,15,LITP,Little Portage,LITP_12,Canal West,On western side of distribution canal near main pump structure,41.49859,--83.03922,Distribution Canal,ditch,bidirectional,connected_during_events,"coastal
lotic influence",A,5,,water sampling,,,TRUE,Water may be pumped from river into canal,10,,leticia.sandoval@utoledo.edu,12/05/24 12:49 PM,leticia.sandoval@utoledo.edu,03/17/26 9:50 AM,LITP,
04/16/25,TRUE,,,KS,48. Litchfield Wetland,48,LITW,Litchfield Wetland,LITW_01,Main Pool,"Large pool at the center of the site created by the ""mega-berm""",41.19443,--82.02174,,pool,,,"precipitation
wetland feature",,,,"chronolog
in situ physicochemistry
soil sampling
staff gauge
water level
water sampling",,,,,9,,cgluck1@kent.edu,04/10/25 6:32 AM,cell-link@smartsheet.com,10/13/25 7:56 AM,LITW,
04/16/25,TRUE,,,KS,48. Litchfield Wetland,48,LITW,Litchfield Wetland,LITW_02,Pool A,Pool created by outlet of Agridrain from Main Pool,41.19450,--82.02202,,pool,,,"precipitation
wetland feature",,,,"soil sampling
water level
water sampling",,,,,6,,cgluck1@kent.edu,04/10/25 6:32 AM,cell-link@smartsheet.com,10/13/25 7:56 AM,LITW,
04/16/25,TRUE,,,KS,48. Litchfield Wetland,48,LITW,Litchfield Wetland,LITW_03,Pool B,Pool created by outlet of Agridrain from Main Pool,41.19570,--82.02167,,pool,,,"precipitation
wetland feature",,,,"soil sampling
water level
water sampling",,,,,6,,cgluck1@kent.edu,04/10/25 6:32 AM,cell-link@smartsheet.com,10/13/25 7:56 AM,LITW,
04/16/25,TRUE,,,KS,48. Litchfield Wetland,48,LITW,Litchfield Wetland,LITW_04,Pool C,Pool created by outlet of Agridrain from Main Pool,41.19596,--82.02070,,pool,,,"precipitation
wetland feature",,,,"soil sampling
water level
water sampling",,,,,6,,cgluck1@kent.edu,04/10/25 6:32 AM,cell-link@smartsheet.com,10/13/25 7:56 AM,LITW,
04/16/25,TRUE,,,KS,48. Litchfield Wetland,48,LITW,Litchfield Wetland,LITW_05,Drainage Ditch,"Drainage ditch for the entire site, feeds into streetside stormwater ditch",41.19620,--82.02311,,ditch,outlet,,precipitation,,,,"soil sampling
water level
water sampling",,,,,14,,cgluck1@kent.edu,04/10/25 6:32 AM,cell-link@smartsheet.com,10/13/25 7:56 AM,LITW,
06/30/25,TRUE,,,KS,48. Litchfield Wetland,48,LITW,Litchfield Wetland,LITW_06,Hummock-Hollow,Upland hummock hollow area of wetland,41.19117,--82.01550,Upland,upland,NA,,precipitation,NA,NA,NA,soil sampling,No,,,Soil samples include two replicate cores each from a hummock and a hollow,14,,cgluck1@kent.edu,06/30/25 7:02 AM,cell-link@smartsheet.com,10/13/25 7:56 AM,LITW,
06/30/25,TRUE,,,KS,48. Litchfield Wetland,48,LITW,Litchfield Wetland,LITW_07,Boardwalk,"Lowland channel-like area of the upland portion of wetland, functions as main potential conduit for overland inflowing water",41.19422,--82.01670,Upland,upland,inlet,,precipitation,NA,NA,NA,soil sampling,No,,,,9,,cgluck1@kent.edu,06/30/25 7:02 AM,cell-link@smartsheet.com,10/13/25 7:56 AM,LITW,
03/20/23,TRUE,,,UT,5. Magee Marsh,5,MAGM,Magee Marsh,MAGM_01,Creek WCS1,Located in Turtle Creek adjacent to a WCS connected to Turtle Wetland. It is designed to divert nutrient-rich water in the wetland for treatment. Upstream of WCS2.,41.60504,--83.15329,Turtle Creek,wcs,bidirectional,,"coastal
lotic influence",A,1,,"in situ physicochemistry
water level
water sampling",No,,,Routine. Designed to hydrologically connect Turtle Creek and Turtle Wetland.,10,,rmarques@kent.edu,12/14/22 7:59 AM,cell-link@smartsheet.com,10/13/25 7:56 AM,MAGM,
03/20/23,TRUE,,,UT,5. Magee Marsh,5,MAGM,Magee Marsh,MAGM_02,Wetland WCS1,Located in Turtle Wetland adjacent to a WCS connected to Creek. It is designed to divert nutrient-rich water into the wetland for treatment.,41.60536,--83.15330,Wetland,wcs,bidirectional,,"coastal
lentic influence",B,1,,"in situ physicochemistry
sensor network
soil sampling
staff gauge
water level
water sampling",No,,,Routine. Designed to hydrologically connect Turtle Creek and Turtle Wetland.,12,,rmarques@kent.edu,12/14/22 7:59 AM,cell-link@smartsheet.com,10/13/25 7:56 AM,MAGM,
03/20/23,TRUE,,,UT,5. Magee Marsh,5,MAGM,Magee Marsh,MAGM_03,Creek Half,Located in Turtle Creek halfway between WCS1 and WCS2.,41.60763,--83.13912,Turtle Creek,creek,NA,,"coastal
lotic influence",A,2,,"in situ physicochemistry
water level
water sampling",No,,,Routine,10,,rmarques@kent.edu,12/14/22 7:59 AM,cell-link@smartsheet.com,10/13/25 7:56 AM,MAGM,
03/20/23,TRUE,,,UT,5. Magee Marsh,5,MAGM,Magee Marsh,MAGM_04,Wetland Half,Located in Turtle Wetland halfway between WCS1 and WCS2.,41.60802,--83.13910,Wetland,pool,NA,,"coastal
lentic influence",B,2,,"in situ physicochemistry
water level
water sampling",No,,,Routine,12,,rmarques@kent.edu,12/14/22 7:59 AM,cell-link@smartsheet.com,10/13/25 7:56 AM,MAGM,
03/20/23,TRUE,,,UT,5. Magee Marsh,5,MAGM,Magee Marsh,MAGM_05,Wetland Center,Pelagic location near the middle of the wetland. Difficult to access due to vegetation. Kayak needed.,41.60973,--83.13859,Wetland,pool,NA,,"coastal
lentic influence",B,2,,"in situ physicochemistry
water level
water sampling",No,,,Routine. Rarely sampled due to vegetation densities.,14,,rmarques@kent.edu,12/14/22 7:59 AM,cell-link@smartsheet.com,10/13/25 7:56 AM,MAGM,
03/20/23,TRUE,,,UT,5. Magee Marsh,5,MAGM,Magee Marsh,MAGM_06,Creek WCS2,"Located in Turtle Creek adjacent to a WCS connected to Turtle Wetland. Designed to release ""clean"" wetland water into Turtle Creek. Downstream of WCS1.",41.61140,--83.12911,Turtle Creek,wcs,bidirectional,,"coastal
lotic influence",A,3,,"in situ physicochemistry
water level
water sampling",No,,,Routine. Designed to hydrologically connect Turtle Creek and Turtle Wetland.,10,,rmarques@kent.edu,12/14/22 7:59 AM,cell-link@smartsheet.com,10/13/25 7:56 AM,MAGM,
03/20/23,TRUE,,,UT,5. Magee Marsh,5,MAGM,Magee Marsh,MAGM_07,Wetland WCS2,"Located in Turtle Wetland adjacent to a WCS connected to Turtle Creek. Designed to release ""clean"" wetland water into Turtle Creek. Downstream of WCS1.",41.61142,--83.12975,Wetland,wcs,bidirectional,,"coastal
lentic influence",B,3,,"in situ physicochemistry
sensor network
soil sampling
water level
water sampling",No,,,Routine. Designed to hydrologically connect Turtle Creek and Turtle Wetland.,12,,rmarques@kent.edu,12/14/22 7:59 AM,cell-link@smartsheet.com,10/13/25 7:56 AM,MAGM,
03/20/23,TRUE,,,UT,5. Magee Marsh,5,MAGM,Magee Marsh,MAGM_08,Wetland Pump,Located in Turtle Wetland; connects to ditch in the Magee Marsh complex that is not Turtle Creek.,41.60671,--83.15274,Wetland,wcs,inlet,,"coastal
lentic influence",B,1,,"in situ physicochemistry
water level
water sampling",No,,,Routine. Pump rarely used.,12,,rmarques@kent.edu,12/14/22 7:59 AM,cell-link@smartsheet.com,10/13/25 7:56 AM,MAGM,
06/23/23,TRUE,,,KS,40. Martin's Run,40,MARR,Martin's Run,MARR_01,Stream Inflow,Stream main channel inlet,41.41732,--82.16544,NA,stream,inlet,,"flow-through
lotic influence",A,1,,"staff gauge
water sampling",Yes,,,"Staff gauge installed and first sample taken on 7/26/24, Plan to add sensors, difficult to install with rocky stream bottom.",13,,mback@kent.edu,06/14/23 12:49 PM,cell-link@smartsheet.com,10/13/25 7:56 AM,MARR,
06/23/23,TRUE,,,KS,40. Martin's Run,40,MARR,Martin's Run,MARR_02,N Floodplain Inflow,Inflow from stream channel into floodplain wetland area,41.41756,--82.16582,NA,ditch,connects LoIs,,"lotic influence
precipitation",B,1,,water sampling,No,,,"Flow into the floodplain is irregular, there is a rocky ditch to direct excess water during high flow events only",19,,mback@kent.edu,06/14/23 12:49 PM,cell-link@smartsheet.com,10/13/25 7:56 AM,MARR,
06/23/23,TRUE,,,KS,40. Martin's Run,40,MARR,Martin's Run,MARR_03,S Floodplain Inflow,Inflow from stream channel into south floodplain wetland,41.41707,--82.16610,NA,ditch,connects LoIs,,"lotic influence
precipitation",C,1,,water sampling,No,,,"Flow into the floodplain is irregular, there is a rocky ditch to direct excess water during high flow events only",19,,mback@kent.edu,06/14/23 12:49 PM,cell-link@smartsheet.com,10/13/25 7:56 AM,MARR,
06/23/23,TRUE,,,KS,40. Martin's Run,40,MARR,Martin's Run,MARR_04,Pipe,Pipe from southern agricultural fields into the south floodplain,41.41642,--82.16665,NA,culvert,inlet,,precipitation,NA,NA,,water sampling,No,,,,4,,mback@kent.edu,06/14/23 12:49 PM,cell-link@smartsheet.com,10/13/25 7:56 AM,MARR,
06/23/23,TRUE,,,KS,40. Martin's Run,40,MARR,Martin's Run,MARR_05,S Floodplain Outflow,Outflow from south floodplain into main stream channel,41.41738,--82.16787,NA,culvert,connects LoIs,,"lotic influence
precipitation",C,3,,water sampling,No,,,"Flow from floodplain into the stream is irregular, pools only flow into the culvert during high water levels",20,,mback@kent.edu,06/14/23 12:49 PM,cell-link@smartsheet.com,10/13/25 7:56 AM,MARR,
06/23/23,TRUE,,,KS,40. Martin's Run,40,MARR,Martin's Run,MARR_06,N Floodplain Outflow,Outflow from north floodplain into main stream channel,41.41767,--82.16757,NA,culvert,connects LoIs,,"lotic influence
precipitation",B,3,,water sampling,No,,,"Flow from floodplain into the stream is irregular, pools only flow into the culvert during high water levels",20,,mback@kent.edu,06/14/23 12:49 PM,cell-link@smartsheet.com,10/13/25 7:56 AM,MARR,
06/23/23,TRUE,,,KS,40. Martin's Run,40,MARR,Martin's Run,MARR_07,Stream Outflow,stream main channel outflow,41.41805,--82.16811,NA,stream,outlet,,"flow-through
lotic influence",A,2,,water sampling,No,,,,14,,mback@kent.edu,06/14/23 12:49 PM,cell-link@smartsheet.com,10/13/25 7:56 AM,MARR,
10/01/24,TRUE,,,KS,40. Martin's Run,40,MARR,Martin's Run,MARR_08,North Pool,Pool in floodplain on the north side of the channel. Pool fills during high flow events. Outflow to floodplain consist of a single storm water type fixed elevation drain which outflows back into the main stream channel.,41.41774,--82.16741,NA,pool,NA,,"floodplain
precipitation",B,2,,"sensor network
soil sampling
staff gauge
water sampling",Yes,,,Staff gauge installed and first sample taken on 7/26/24 (no water to sample),10,,cgluck1@kent.edu,07/29/24 11:26 AM,cell-link@smartsheet.com,10/13/25 7:56 AM,MARR,
10/01/24,TRUE,,,KS,40. Martin's Run,40,MARR,Martin's Run,MARR_09,South Pool,Pool in floodplain on the south side of the channel. Pool fills during high flow events. Outflow to floodplain consist of a single storm water type fixed elevation drain which outflows back into the main stream channel.,41.41730,--82.16800,NA,pool,NA,,"floodplain
precipitation",C,2,,"sensor network
soil sampling
staff gauge
water sampling",Yes,,,Staff gauge installed and first sample taken on 7/26/24,10,,cgluck1@kent.edu,07/29/24 11:34 AM,cell-link@smartsheet.com,10/13/25 7:56 AM,MARR,
03/20/23,TRUE,,,UT,3. Maumee Bay State Park,3,MAUB,Maumee Bay State Park,MAUB_01,Creek 1,"In ditch draining into Maumee Bay, upstream of a WCS",41.67810,--83.35181,Ditch,ditch,upstream,,"coastal
lotic influence",A,1,,water sampling,No,,,,7,,rmarques@kent.edu,12/14/22 7:59 AM,cell-link@smartsheet.com,10/13/25 7:56 AM,MAUB,
03/20/23,TRUE,,,UT,3. Maumee Bay State Park,3,MAUB,Maumee Bay State Park,MAUB_02,Creek 2 (WCS),"In ditch draining into Maumee Bay, adjacent to a WCS",41.68167,--83.35121,Ditch,wcs,inlet,,"coastal
lotic influence",A,2,,water sampling,No,,,,13,,rmarques@kent.edu,12/14/22 7:59 AM,cell-link@smartsheet.com,10/13/25 7:56 AM,MAUB,
03/20/23,TRUE,,,UT,3. Maumee Bay State Park,3,MAUB,Maumee Bay State Park,MAUB_03,Creek 3,"In ditch, adjacent to Maumee Bay",41.68665,--83.35185,Ditch,ditch,NA,,"coastal
lotic influence",A,NA,,water sampling,No,,,,7,,rmarques@kent.edu,12/14/22 7:59 AM,cell-link@smartsheet.com,10/13/25 7:56 AM,MAUB,
03/20/23,TRUE,,,UT,3. Maumee Bay State Park,3,MAUB,Maumee Bay State Park,MAUB_04,WCS1,In wetland pool adjacent to a WCS,41.68202,--83.35206,Middle pool,pool,inlet,,"coastal
lotic influence
wetland feature",A,3,,water sampling,No,,,,4,,rmarques@kent.edu,12/14/22 7:59 AM,cell-link@smartsheet.com,10/13/25 7:56 AM,MAUB,
03/20/23,TRUE,,,UT,3. Maumee Bay State Park,3,MAUB,Maumee Bay State Park,MAUB_05,Pool Shore,Eastern edge of wetland pool in the Northeast corner of Maumee Bay State Park,41.68641,--83.35205,Northeast pool,pool,NA,,"coastal
wetland feature",A,4,,water sampling,No,,,,10,,rmarques@kent.edu,12/14/22 7:59 AM,cell-link@smartsheet.com,10/13/25 7:56 AM,MAUB,
03/20/23,TRUE,,,UT,3. Maumee Bay State Park,3,MAUB,Maumee Bay State Park,MAUB_06,Pool Center,Center of pool in the Northeast corner of Maumee Bay State Park,41.68650,--83.35257,Northeast pool,pool,NA,,"coastal
wetland feature",A,4,,water sampling,No,,,,11,,rmarques@kent.edu,12/14/22 7:59 AM,cell-link@smartsheet.com,10/13/25 7:56 AM,MAUB,
03/20/23,TRUE,,,BG,31. Maumee River Floodplain,31,MAUR,Maumee River Floodplain,MAUR_01,Northwest Pool Shallow,Shallow (west) end of NW Pool,41.41409,--84.03189,Northwest pool,pool,NA,,"depressional
floodplain",NA,NA,NA,"in situ physicochemistry
soil sampling
water sampling",No,,,,22,,midden@bgsu.edu,03/07/23 12:17 PM,cell-link@smartsheet.com,10/13/25 7:56 AM,MAUR,
03/20/23,TRUE,,,BG,31. Maumee River Floodplain,31,MAUR,Maumee River Floodplain,MAUR_02,Northwest Pool Deeper,Deep (east) end of NW pool,41.41415,--84.03108,Northwest pool,pool,NA,,"depressional
floodplain",NA,NA,NA,"in situ physicochemistry
soil sampling
staff gauge
water sampling",Yes,,,,21,,midden@bgsu.edu,03/07/23 12:26 PM,cell-link@smartsheet.com,10/13/25 7:56 AM,MAUR,
03/20/23,TRUE,,,BG,31. Maumee River Floodplain,31,MAUR,Maumee River Floodplain,MAUR_03,Central Pool,Large pool in center of the site,41.41263,--84.02608,Central pool,pool,NA,,floodplain,NA,NA,NA,"in situ physicochemistry
soil sampling
water sampling",No,,,,12,,midden@bgsu.edu,03/07/23 12:26 PM,cell-link@smartsheet.com,10/13/25 7:56 AM,MAUR,
03/20/23,TRUE,,,BG,31. Maumee River Floodplain,31,MAUR,Maumee River Floodplain,MAUR_04,Hollows,Large area of hummock and hollows South of the NW pools,41.41317,--84.03059,Hollows,pool,NA,,depressional,NA,NA,NA,"in situ physicochemistry
soil sampling
water sampling",No,,,,7,,midden@bgsu.edu,03/07/23 12:26 PM,cell-link@smartsheet.com,10/13/25 7:56 AM,MAUR,
03/20/23,TRUE,,,BG,31. Maumee River Floodplain,31,MAUR,Maumee River Floodplain,MAUR_05,Central-Oxbow Connection West,Western-most connection between central pool and the oxbow (existing) wetland,41.41315,--84.02605,Central-Oxbow Connection,reach,connects LoIs,,wetland feature,NA,NA,NA,"in situ physicochemistry
soil sampling
water sampling",No,,,"Originally named ""Central to Oxbow Connection West"", changed on 8/12/14 by G. Hunt.",29,,midden@bgsu.edu,03/07/23 12:26 PM,cell-link@smartsheet.com,10/13/25 7:56 AM,MAUR,
03/20/23,TRUE,,,BG,31. Maumee River Floodplain,31,MAUR,Maumee River Floodplain,MAUR_06,Central-Oxbow Connection East,Eastern-most connection between central pool and the oxbow (existing) wetland,41.41321,--84.02480,Central-Oxbow Connection,reach,connects LoIs,,wetland feature,NA,NA,NA,"in situ physicochemistry
soil sampling
water sampling",No,,,"Originally named ""Central to Oxbow Connection East"", changed on 8/12/14 by G. Hunt.",29,,midden@bgsu.edu,03/07/23 12:26 PM,cell-link@smartsheet.com,10/13/25 7:56 AM,MAUR,
03/20/23,TRUE,,,BG,31. Maumee River Floodplain,31,MAUR,Maumee River Floodplain,MAUR_07,Existing Oxbow Wetland,Strip of woodland at the north edge of the site running east-west,41.41357,--84.02525,Existing Oxbow,pool,NA,,"depressional
floodplain",NA,NA,NA,"in situ physicochemistry
soil sampling
water sampling",No,,,,22,,midden@bgsu.edu,03/07/23 12:26 PM,cell-link@smartsheet.com,10/13/25 7:56 AM,MAUR,
10/01/24,TRUE,,,BG,31. Maumee River Floodplain,31,MAUR,Maumee River Floodplain,MAUR_08,Northwest Pool_U,Upland area near NW Pool Deeper,41.41422,--84.03115,Northwest pool,upland,NA,,NA,NA,NA,NA,soil sampling,No,,,,16,,gkhunt@bgsu.edu,06/12/24 9:24 AM,cell-link@smartsheet.com,10/13/25 7:56 AM,MAUR,
10/01/24,TRUE,,,BG,31. Maumee River Floodplain,31,MAUR,Maumee River Floodplain,MAUR_09,Central Pool 1_U,Upland area south of Central Pool.,41.41240,--84.02643,Central pool,upland,NA,,NA,NA,NA,NA,soil sampling,No,,,,16,,gkhunt@bgsu.edu,06/12/24 9:24 AM,cell-link@smartsheet.com,10/13/25 7:56 AM,MAUR,
10/01/24,TRUE,,,BG,31. Maumee River Floodplain,31,MAUR,Maumee River Floodplain,MAUR_10,Oxbow Connection West_U,Upland area near West Oxbow Connection.,41.41305,--84.02609,Central-Oxbow Connection,upland,NA,,NA,NA,NA,NA,soil sampling,No,,,,23,,gkhunt@bgsu.edu,06/12/24 9:24 AM,cell-link@smartsheet.com,10/13/25 7:56 AM,MAUR,
10/01/24,TRUE,,,BG,31. Maumee River Floodplain,31,MAUR,Maumee River Floodplain,MAUR_11,Oxbow Connection East_U,Upland area near East Oxbow Connection.,41.41309,--84.02494,Central-Oxbow Connection,upland,NA,,NA,NA,NA,NA,soil sampling,No,,,,23,,gkhunt@bgsu.edu,06/12/24 9:24 AM,cell-link@smartsheet.com,10/13/25 7:56 AM,MAUR,
10/01/24,TRUE,,,BG,31. Maumee River Floodplain,31,MAUR,Maumee River Floodplain,MAUR_12,Wetland 2,Shallow pool just south of Northwest pool Deep,41.41374,--84.03069,Wetland 2,pool,NA,,"depressional
floodplain",NA,NA,NA,"soil sampling
water sampling",No,,,,9,,gkhunt@bgsu.edu,07/08/24 7:43 AM,cell-link@smartsheet.com,10/13/25 7:56 AM,MAUR,
10/01/24,TRUE,,,BG,31. Maumee River Floodplain,31,MAUR,Maumee River Floodplain,MAUR_13,Wetland 2_U,Upland area near Wetland 2,41.41360,--84.03062,Wetland 2,upland,NA,,NA,NA,NA,NA,soil sampling,No,,,,11,,gkhunt@bgsu.edu,07/08/24 7:43 AM,cell-link@smartsheet.com,10/13/25 7:56 AM,MAUR,
03/20/23,TRUE,,,WS,67. Mercer Wetland,67,MERW,Mercer Wetland,MERW_01,Lake Inflow Phase 1,Channel of Grand Lake St. Marys where the wetland inflow pump is located. Water samples collected here.,40.50207,--84.56057,Phase 1,lake,NA,,flow-through,A,1,,water sampling,No,,,,19,,rmarques@kent.edu,12/14/22 7:59 AM,rmarques@kent.edu,12/17/24 11:25 AM,MERW,
03/20/23,TRUE,,,WS,67. Mercer Wetland,67,MERW,Mercer Wetland,MERW_02,Post Field Phase 1,AgriDrain controlling tile flows entering Pool 2. Water samples collected here.,40.49898,--84.56256,Phase 1,wcs,NA,,flow-through,A,2,,water sampling,No,,,,18,,rmarques@kent.edu,12/14/22 7:59 AM,rmarques@kent.edu,12/17/24 11:25 AM,MERW,
03/20/23,TRUE,,,WS,67. Mercer Wetland,67,MERW,Mercer Wetland,MERW_03,Pool 1 Outflow,AgriDrain controlling outflow from Pool 1 entering Pool 2. Water samples and soil samples collected here.,40.49763,--84.56146,Phase 1,wcs,NA,,flow-through,A,4,,"soil sampling
water sampling",Hold,,,changed the sampling site name,14,,rmarques@kent.edu,12/14/22 7:59 AM,rmarques@kent.edu,12/17/24 11:25 AM,MERW,
03/20/23,TRUE,,,WS,67. Mercer Wetland,67,MERW,Mercer Wetland,MERW_04,Pool 2 Outflow,AgriDrain controlling outflow from Pool 2 entering Pool 3. Water and soil samples collected here.,40.49948,--84.56107,Phase 1,wcs,NA,,flow-through,A,5,,"soil sampling
water sampling",Hold,,,,14,,morgan.grunden@wright.edu,03/13/23 9:01 AM,rmarques@kent.edu,12/17/24 11:25 AM,MERW,
03/20/23,TRUE,,,WS,67. Mercer Wetland,67,MERW,Mercer Wetland,MERW_05,Pool 3 Outflow,AgriDrain controlling outflow from Pool 3 entering back into Grand Lake St. Marys. Water and soil samples collected here.,40.50126,--84.56127,Phase 1,wcs,NA,,flow-through,A,6,,"soil sampling
water sampling",Hold,,,,14,,morgan.grunden@wright.edu,03/13/23 9:01 AM,rmarques@kent.edu,12/17/24 11:25 AM,MERW,
03/20/23,TRUE,,,WS,67. Mercer Wetland,67,MERW,Mercer Wetland,MERW_06,Lake Inflow Phase 2,Channel of Grand Lake St. Marys where the wetland inflow pump is located. Water samples collected here.,40.50207,--84.56057,Phase 2,lake,NA,,flow-through,B,1,,water sampling,No,,,"Lake Inflow Phase 2 was originally assigned MERW_04 but never used. With the addition of new locations, it became MERW_06.",19,,rmarques@kent.edu,12/14/22 7:59 AM,rmarques@kent.edu,12/17/24 11:25 AM,MERW,
03/20/23,TRUE,,,WS,67. Mercer Wetland,67,MERW,Mercer Wetland,MERW_07,Pool 1 Outflow Phase 2,AgriDrain controlling outflow from Pool 1 entering Pool 2. Water and soil samples collected here.,40.50092,--84.56811,Phase 2,wcs,NA,,flow-through,B,2,,"soil sampling
water sampling",Hold,,,"Mid Wetland (non-forested) Phase 2 was originally assigned MERW_05 but never used. With the addition of new locations, it became MERW_07.",22,,rmarques@kent.edu,12/14/22 7:59 AM,rmarques@kent.edu,12/17/24 11:25 AM,MERW,
03/20/23,TRUE,,,WS,67. Mercer Wetland,67,MERW,Mercer Wetland,MERW_08,Pool 3 (forest) Outflow Phase 2,AgriDrain controlling outflow from Pool 3 entering Grand Lake St. Marys. Water and soil samples collected here.,40.50094,--84.57116,Phase 2,wcs,NA,,flow-through,B,4,,"soil sampling
water sampling",Hold,,,"End of Wetland (forested) Phase 2 was originally assigned MERW_06 but never used. With the addition of new locations, it became MERW_08.",31,,rmarques@kent.edu,12/14/22 7:59 AM,rmarques@kent.edu,12/17/24 11:25 AM,MERW,
10/27/23,TRUE,,,WS,67. Mercer Wetland,67,MERW,Mercer Wetland,MERW_09,Pool 2 Outflow Phase 2,AgriDrain controlling outflow from Pool 2 entering Pool 3. Water and soil samples collected here.,40.50096,--84.56976,Phase 2,wcs,NA,,flow-through,B,3,,"soil sampling
water sampling",Hold,,,,22,,morgan.grunden@wright.edu,10/27/23 7:16 AM,rmarques@kent.edu,12/17/24 11:25 AM,MERW,
10/01/24,TRUE,,,WS,67. Mercer Wetland,67,MERW,Mercer Wetland,MERW_10,Post Field Pool 1 Phase 1,AgriDrain controlling tile flows entering Pool 1. Water samples collected here.,40.49613,--84.56253,Phase 1,wcs,NA,,flow-through,A,3,,water sampling,,,,,25,,morgan.grunden@wright.edu,08/26/24 7:53 AM,rmarques@kent.edu,12/17/24 11:25 AM,MERW,
05/02/25,TRUE,,,WS,67. Mercer Wetland,67,MERW,Mercer Wetland,MERW_11,Monroe Creek (Inflow),Monroe Creek near the inflow pump. Water samples collected here,40.50028,--84.57205,Phase 3,creek,inlet,,lotic influence,C,1,,water sampling,,,,,21,,haley.hoehn@wright.edu,04/29/25 5:47 AM,automation@smartsheet.com,05/02/25 11:02 AM,MERW,
05/02/25,TRUE,,,WS,67. Mercer Wetland,67,MERW,Mercer Wetland,MERW_12,Settling Pool Phase 3,Main settling pool that captures inflow from Monroe Creek via pump. Water and soil samples collected here,40.50186,--84.57210,Phase 3,pool,NA,,flow-through,C,2,,"soil sampling
water sampling",,,,,21,,haley.hoehn@wright.edu,04/29/25 5:47 AM,automation@smartsheet.com,05/02/25 11:02 AM,MERW,
05/02/25,TRUE,,,WS,67. Mercer Wetland,67,MERW,Mercer Wetland,MERW_13,Outflow Phase 3,Outflow pool in which water is released into Grand Lake St. Marys. Water and soil samples are collected here,40.50443,--84.57354,Phase 3,wcs,NA,,flow-through,C,3,,"soil sampling
water sampling",,,,,15,,haley.hoehn@wright.edu,04/29/25 5:47 AM,automation@smartsheet.com,05/02/25 11:02 AM,MERW,
05/02/25,TRUE,,,WS,67. Mercer Wetland,67,MERW,Mercer Wetland,MERW_14,Mid Wetland Phase 3,Flat located in the middle of the wetland adjacent to the settling pool.. Water and soil samples collected here,40.50385,--84.57279,Phase 3,pool,NA,,"flow-through
wetland feature",C,4,,soil sampling,,,,,19,,haley.hoehn@wright.edu,04/29/25 5:47 AM,automation@smartsheet.com,05/02/25 11:02 AM,MERW,
05/02/25,TRUE,,,WS,67. Mercer Wetland,67,MERW,Mercer Wetland,MERW_15,Inflow Ditch,Ditch that collects surface runoff. Inflows into the wetland. Water and soil samples collected here,40.54566,--84.50759,Phase 4,ditch,NA,,"flow-through
precipitation",D,1,,"soil sampling
water sampling",,,,,12,,haley.hoehn@wright.edu,04/29/25 5:47 AM,automation@smartsheet.com,05/02/25 11:02 AM,MERW,
05/02/25,TRUE,,,WS,67. Mercer Wetland,67,MERW,Mercer Wetland,MERW_16,Settling Pool Phase 4,Main settling pool that is tile fed from the inflow ditch. Water and soil samples are collected here,40.54475,--84.50639,Phase 4,pool,NA,,"flow-through
precipitation",D,2,,"soil sampling
water sampling",,,,,21,,haley.hoehn@wright.edu,04/29/25 5:47 AM,automation@smartsheet.com,05/02/25 11:02 AM,MERW,
05/02/25,TRUE,,,WS,67. Mercer Wetland,67,MERW,Mercer Wetland,MERW_17,Surface Runoff Pool Phase 4,Eastern most pool that collects surface runoff from an adjacent field. Water and soil samples are collected here.,40.54447,--84.50532,Phase 4,pool,NA,,"flow-through
precipitation",E,1,,"soil sampling
water sampling",,,,,27,,haley.hoehn@wright.edu,04/29/25 5:47 AM,automation@smartsheet.com,05/02/25 11:02 AM,MERW,
05/02/25,TRUE,,,WS,67. Mercer Wetland,67,MERW,Mercer Wetland,MERW_18,Outflow Phase 4,Outflow pool in which water is released into Grand Lake St. Marys. Water and soil samples are collected here,40.54436,--84.50621,Phase 4,pool,NA,,"flow-through
precipitation",DE,"3,2",,"soil sampling
water sampling",,,,,15,,haley.hoehn@wright.edu,04/29/25 5:47 AM,automation@smartsheet.com,05/02/25 11:02 AM,MERW,
05/02/25,TRUE,,,WS,67. Mercer Wetland,67,MERW,Mercer Wetland,MERW_19,Field Reference,Field adjacent to the wetland on the northeast side. Soil samples collected here,40.54530,--84.50548,Phase 4,upland,NA,,precipitation,NA,NA,,soil sampling,,,,,15,,haley.hoehn@wright.edu,04/29/25 5:47 AM,automation@smartsheet.com,05/02/25 11:02 AM,MERW,
06/11/25,TRUE,,,WS,67. Mercer Wetland,67,MERW,Mercer Wetland,MERW_20,Existing South Pool Phase 2,Wetland Pool that was already present before construction. Is not connected to constructed pools in any way. Soil only.,40.49975,--84.56722,Phase 2,pool,NA,,groundwater,NA,NA,,soil sampling,,,,,27,,morgan.grunden@wright.edu,06/06/25 6:54 AM,automation@smartsheet.com,06/11/25 10:51 AM,MERW,
06/11/25,TRUE,,,WS,67. Mercer Wetland,67,MERW,Mercer Wetland,MERW_21,Inflow N Pool Phase 2,Inflow pool to the north in which water from Grand Lake St. Marys is pumped. Only soils samples are collected here.,40.50200,--84.56700,Phase 2,pool,,,flow-through,B,1,,soil sampling,,,,,21,,morgan.grunden@wright.edu,06/06/25 6:54 AM,automation@smartsheet.com,06/11/25 10:51 AM,MERW,
03/20/23,TRUE,,,BG,6. Montpelier Wetland,6,MONW,Montpelier Wetland,MONW_01,North Wetland A,Largest deepest pool of the North Wetland nearest SR 107,41.58592,--84.62688,North Wetland,pool,NA,,"depressional
direct tile input",NA,NA,NA,soil sampling,No,,,1 on map,15,,rmarques@kent.edu,12/14/22 7:59 AM,cell-link@smartsheet.com,10/13/25 7:56 AM,MONW,
03/20/23,TRUE,,,BG,6. Montpelier Wetland,6,MONW,Montpelier Wetland,MONW_02,North Wetland B,Middle size and middle location pool of the North Wetland. SW of Pool A,41.58489,--84.62792,North Wetland,pool,NA,,depressional,NA,NA,NA,soil sampling,No,,,4 on map,15,,rmarques@kent.edu,12/14/22 7:59 AM,cell-link@smartsheet.com,10/13/25 7:56 AM,MONW,
03/20/23,TRUE,,,BG,6. Montpelier Wetland,6,MONW,Montpelier Wetland,MONW_03,North Wetland C,Smallest pool of the North Wetland. West and slightly north of Pool B,41.58509,--84.62874,North Wetland,pool,NA,,depressional,NA,NA,NA,soil sampling,No,,,11 on map,15,,rmarques@kent.edu,12/14/22 7:59 AM,cell-link@smartsheet.com,10/13/25 7:56 AM,MONW,
03/20/23,TRUE,,,BG,6. Montpelier Wetland,6,MONW,Montpelier Wetland,MONW_04,North Wetland Tile Outlet,Tile outlet expected to contribute water to Pool A of the North Wetland.,,,North Wetland,,,,,,,NA,,No,,,"Not yet identified in field visits. Going to search for specific location at next visit. Originally named ""North Wetland Field Tile Outlet"", changed on 8/12/14 by G. Hunt.",25,,rmarques@kent.edu,12/14/22 7:59 AM,cell-link@smartsheet.com,10/13/25 7:56 AM,MONW,
03/20/23,TRUE,,,BG,6. Montpelier Wetland,6,MONW,Montpelier Wetland,MONW_05,South Wetland Middle,Middle of the South Wetland.,41.58174,--84.63097,South Wetland,pool,NA,,"depressional
flow-through",A,3,NA,soil sampling,No,,,7 on map,20,,rmarques@kent.edu,12/14/22 7:59 AM,cell-link@smartsheet.com,10/13/25 7:56 AM,MONW,
03/20/23,TRUE,,,BG,6. Montpelier Wetland,6,MONW,Montpelier Wetland,MONW_06,South Wetland Tiled Pool,Deepest pool at the NE edge of the South Wetland.,41.58231,--84.62965,South Wetland,pool,NA,,"direct tile input
flow-through",A,1,NA,soil sampling,No,,,"5 on map. Originally named ""South Wetland Field Tile Outlet"", changed on 8/12/14 by G. Hunt.",24,,rmarques@kent.edu,12/14/22 7:59 AM,cell-link@smartsheet.com,10/13/25 7:56 AM,MONW,
03/20/23,TRUE,,,BG,6. Montpelier Wetland,6,MONW,Montpelier Wetland,MONW_07,South Wetland Northern Upland,Upland area north of the swale of the South Wetland.,41.58265,--84.63080,South Wetland,upland,NA,,NA,NA,NA,NA,soil sampling,No,,,"10 on map. Originally named ""South Wetland Swale"", changed on 8/20/24 by G. Hunt",29,,rmarques@kent.edu,12/14/22 7:59 AM,cell-link@smartsheet.com,10/13/25 7:56 AM,MONW,
03/20/23,TRUE,,,BG,6. Montpelier Wetland,6,MONW,Montpelier Wetland,MONW_08,South Wetland Outlet,"Tail end of the South Wetland, furthest west.",41.58175,--84.63189,South Wetland,pool,outlet,,"depressional
flow-through",A,4,NA,soil sampling,No,,,8 on map.,20,,rmarques@kent.edu,12/14/22 7:59 AM,cell-link@smartsheet.com,10/13/25 7:56 AM,MONW,
03/20/23,TRUE,,,BG,6. Montpelier Wetland,6,MONW,Montpelier Wetland,MONW_09,P filter inlet,"Near the road, west of area 8",,,P Filter,,,,,,,,,No,,,"Unlikely to sample, but we may take over water monitoring at this point later.",14,,rmarques@kent.edu,12/14/22 7:59 AM,cell-link@smartsheet.com,10/13/25 7:56 AM,MONW,
03/20/23,TRUE,,,BG,6. Montpelier Wetland,6,MONW,Montpelier Wetland,MONW_10,P filter outlet,"Near the road, west of area 8",,,P Filter,,,,,,,,,No,,,"Unlikely to sample, but we may take over water monitoring at this point later.",15,,rmarques@kent.edu,12/14/22 7:59 AM,cell-link@smartsheet.com,10/13/25 7:56 AM,MONW,
10/01/24,TRUE,,,BG,6. Montpelier Wetland,6,MONW,Montpelier Wetland,MONW_11,North Wetland Eastern upland,Upland area bordering east between pool A and B,41.58520,--84.62744,North Wetland,upland,NA,,NA,NA,NA,NA,soil sampling,No,,,2 on map,28,,gkhunt@bgsu.edu,08/27/24 7:41 AM,cell-link@smartsheet.com,10/13/25 7:56 AM,MONW,
10/01/24,TRUE,,,BG,6. Montpelier Wetland,6,MONW,Montpelier Wetland,MONW_12,North Wetland Western upland,Upland area bordering west between A and B,41.58549,--84.62736,North Wetland,upland,NA,,NA,NA,NA,NA,soil sampling,No,,,3 on map,28,,gkhunt@bgsu.edu,08/27/24 7:41 AM,cell-link@smartsheet.com,10/13/25 7:56 AM,MONW,
10/01/24,TRUE,,,BG,6. Montpelier Wetland,6,MONW,Montpelier Wetland,MONW_13,South Wetland Inlet,Eastern end of the South Wetland near the inlet and connection with the Tile Outlet pool.,41.58197,--84.63020,South Wetland,pool,inlet,,"depressional
flow-through",A,2,NA,soil sampling,No,,,6 on map,19,,gkhunt@bgsu.edu,08/27/24 7:29 AM,cell-link@smartsheet.com,10/13/25 7:56 AM,MONW,
10/01/24,TRUE,,,BG,6. Montpelier Wetland,6,MONW,Montpelier Wetland,MONW_14,South Wetland southern upland,Upland area to the south of the South Wetland.,41.58121,--84.63106,South Wetland,upland,NA,,NA,NA,NA,NA,soil sampling,No,,,9 on map.,29,,gkhunt@bgsu.edu,08/27/24 7:29 AM,cell-link@smartsheet.com,10/13/25 7:56 AM,MONW,
03/20/23,TRUE,,,UT,89. Moxley Wildlife Area,89,MOXW,Moxley Wildlife Area,MOXW_01,WCS East,"In marsh, east of the WCS in the northwest corner of the marsh",41.46309,--82.80024,Marsh,wcs,,,,,,,,No,,,,8,,rmarques@kent.edu,12/14/22 7:59 AM,rmarques@kent.edu,01/17/25 5:58 AM,MOXW,
03/20/23,TRUE,,,UT,89. Moxley Wildlife Area,89,MOXW,Moxley Wildlife Area,MOXW_02,WCS West,"In supply channel, west of the WCS in the northwest corner of the marsh",41.46311,--82.80028,Supply Channel,wcs,,,,,,,,No,,,,8,,rmarques@kent.edu,12/14/22 7:59 AM,rmarques@kent.edu,01/17/25 5:58 AM,MOXW,
03/20/23,TRUE,,,UT,89. Moxley Wildlife Area,89,MOXW,Moxley Wildlife Area,MOXW_03,W Dike Road,"In marsh along the western edge, halfway between the WCS and southwest corner of marsh",41.46005,--82.79995,W Dike,pool,,,,,,,,No,,,,11,,rmarques@kent.edu,12/14/22 7:59 AM,rmarques@kent.edu,01/17/25 5:58 AM,MOXW,
03/20/23,TRUE,,,UT,89. Moxley Wildlife Area,89,MOXW,Moxley Wildlife Area,MOXW_04,W Dike Corner,In marsh at the southwest corner of the marsh,41.45667,--82.79941,W Dike,pool,,,,,,,,No,,,,13,,rmarques@kent.edu,12/14/22 7:59 AM,rmarques@kent.edu,01/17/25 5:58 AM,MOXW,
03/20/23,TRUE,,,UT,89. Moxley Wildlife Area,89,MOXW,Moxley Wildlife Area,MOXW_05,S Dike Road,"In marsh along southern edge, halfway between southwest and southeast corners of marsh",41.45744,--82.79646,S Dike,pool,,,,,,,,No,,,,11,,rmarques@kent.edu,12/14/22 7:59 AM,rmarques@kent.edu,01/17/25 5:58 AM,MOXW,
03/20/23,TRUE,,,UT,89. Moxley Wildlife Area,89,MOXW,Moxley Wildlife Area,MOXW_06,E Dike Corner,In marsh at the southeast corner of the unit,41.45835,--82.79350,E Dike,pool,,,,,,,,No,,,,13,,rmarques@kent.edu,12/14/22 7:59 AM,rmarques@kent.edu,01/17/25 5:58 AM,MOXW,
03/20/23,TRUE,,,UT,89. Moxley Wildlife Area,89,MOXW,Moxley Wildlife Area,MOXW_07,Pool Center,,,,Pool,pool,,,,,,,,No,,,,11,,rmarques@kent.edu,12/14/22 7:59 AM,rmarques@kent.edu,01/17/25 5:58 AM,MOXW,
03/20/23,TRUE,,,UT,14. North Ridge,14,NORR,North Ridge,NORR_01,Ditch Pump,Located in the Center Pool and is immediately adjacent to the pump that pumps water from the drainage ditch.,41.58030,--83.18465,Center Pool,pool,inlet,connected_during_events,"direct tile input
flow-through
lentic influence",A,3,,"in situ physicochemistry
soil sampling
water level
water sampling",No,,TRUE,"Routine. Treated as an inlet—this is how nutrient-rich water from the ditch is pumped into the wetland complex to be ""treated"".",10,,rmarques@kent.edu,12/14/22 7:59 AM,leticia.sandoval@utoledo.edu,03/16/26 12:34 PM,NORR,
03/20/23,TRUE,,,UT,14. North Ridge,14,NORR,North Ridge,NORR_02,WCS,Located in the Center Pool and is directly adjacent to the WCS that connects to Packer Creek.,41.58035,--83.18746,Center Pool,wcs,bidirectional,connected_during_events,"flow-through
lentic influence",A,4,,"in situ physicochemistry
soil sampling
water level
water sampling",No,,TRUE,Routine. Often treated as an outlet—water is usually drained out of the wetland complex and into Packer Creek after biogeochemical processes have taken place within the wetland complex. Water can flow from Packer Creek into the wetland complex if needed.,3,,rmarques@kent.edu,12/14/22 7:59 AM,leticia.sandoval@utoledo.edu,03/16/26 12:34 PM,NORR,
03/20/23,TRUE,,,UT,14. North Ridge,14,NORR,North Ridge,NORR_03,Packer Creek,Located in Packer Creek and is directly adjacent to the WCS that connects to the Center Pool.,41.58018,--83.18750,Packer Creek,wcs,bidirectional,adjacent_waterbody,"flow-through
lotic influence",A,5,,"in situ physicochemistry
water level
water sampling",No,,TRUE,Routine. Often treated as an outlet—water is usually drained out of the wetland complex and into Packer Creek after biogeochemical processes have taken place within the wetland complex. Water can flow from Packer Creek into the wetland complex if needed.,12,,rmarques@kent.edu,12/14/22 7:59 AM,leticia.sandoval@utoledo.edu,03/16/26 12:34 PM,NORR,
03/20/23,TRUE,,,UT,14. North Ridge,14,NORR,North Ridge,NORR_04,West Pool,A location representative of an isolated pool that rarely merges with Center Pool when there is above-average precipitation.,41.58088,--83.19015,West Pool,pool,NA,connected_during_events,"depressional
lentic influence
precipitation",NA,NA,,"in situ physicochemistry
soil sampling
water level
water sampling",No,,TRUE,"Routine. Hydrologically isolated from the Center Pool (and thus the nutrient-rich ditch), but can connect with Center Pool when there is excessive precipitation.",9,,rmarques@kent.edu,12/14/22 7:59 AM,leticia.sandoval@utoledo.edu,03/16/26 12:34 PM,NORR,
03/20/23,TRUE,,,UT,14. North Ridge,14,NORR,North Ridge,NORR_05,North Dike,Located in Center Pool near the northern dike road.,41.58141,--83.18744,Center Pool,pool,NA,connected_during_events,"flow-through
lentic influence",A,4,,"in situ physicochemistry
soil sampling
water level
water sampling",No,,TRUE,Routine,10,,rmarques@kent.edu,12/14/22 7:59 AM,leticia.sandoval@utoledo.edu,03/16/26 12:34 PM,NORR,
03/20/23,TRUE,,,UT,14. North Ridge,14,NORR,North Ridge,NORR_06,East Pool,Vernal wetland pool on the eastern part of the site. It is rarely sampled because inundation is rare.,41.58130,--83.18482,East Pool,vernal,NA,connected_during_events,"depressional
lentic influence
precipitation",NA,NA,,"in situ physicochemistry
water level
water sampling",No,,TRUE,Routine. Rarely sampled due to insufficient water.,9,,rmarques@kent.edu,12/14/22 7:59 AM,leticia.sandoval@utoledo.edu,03/16/26 12:34 PM,NORR,
03/20/23,TRUE,,,UT,14. North Ridge,14,NORR,North Ridge,NORR_07,North Ditch,Located in the ditch that collects tile drainage from the adjacent agricultural field. It is closer to the tile drain compared to East Ditch.,41.58176,--83.18488,Ditch,tile,inlet,adjacent_waterbody,"direct tile input
flow-through
lentic influence",A,1,,"in situ physicochemistry
water level
water sampling",No,,TRUE,Routine. Nutrient-rich tile drainage.,11,,rmarques@kent.edu,12/14/22 7:59 AM,leticia.sandoval@utoledo.edu,03/16/26 12:34 PM,NORR,
03/20/23,TRUE,,,UT,14. North Ridge,14,NORR,North Ridge,NORR_08,East Ditch,"Located in the ditch that collects tile drainage from the adjacent agricultural field. It is farther from the tile drain than North Ditch, and is closer to the Ditch Pump.",41.58043,--83.18437,Ditch,tile,inlet,adjacent_waterbody,"direct tile input
flow-through
lentic influence",A,2,,"in situ physicochemistry
water level
water sampling",No,,TRUE,Routine. Nutrient-rich tile drainage.,10,,rmarques@kent.edu,12/14/22 7:59 AM,leticia.sandoval@utoledo.edu,03/16/26 12:34 PM,NORR,
03/20/23,TRUE,,,UT,14. North Ridge,14,NORR,North Ridge,NORR_09,Center,"""Pelagic"", relatively deep (~100cm) location in the center of Center Pool. Rarely overflows to West Pool during extreme precipitation.",41.58098,--83.18969,Center Pool,pool,NA,connected_during_events,"flow-through
lentic influence",A,4,,"in situ physicochemistry
soil sampling
water level
water sampling",No,,TRUE,Routine,6,,rmarques@kent.edu,12/14/22 7:59 AM,leticia.sandoval@utoledo.edu,03/16/26 12:34 PM,NORR,
03/20/23,TRUE,,,BG,21. Oakwoods East,21,OAKE,Oakwoods East,OAKE_01,Wetland Pool 20,Shallow pool in SW corner,41.02377,--83.68804,NA,pool,NA,,depressional,NA,NA,NA,"in situ physicochemistry
soil sampling
water sampling",Yes,,,,15,,rmarques@kent.edu,12/14/22 7:59 AM,cell-link@smartsheet.com,10/13/25 7:56 AM,OAKE,
03/20/23,TRUE,,,BG,21. Oakwoods East,21,OAKE,Oakwoods East,OAKE_02,Wetland Pool 21,Along southern border,41.02378,--83.68683,NA,pool,NA,,depressional,NA,NA,NA,"in situ physicochemistry
soil sampling
water sampling",Yes,,,,15,,rmarques@kent.edu,12/14/22 7:59 AM,cell-link@smartsheet.com,10/13/25 7:56 AM,OAKE,
03/20/23,TRUE,,,BG,21. Oakwoods East,21,OAKE,Oakwoods East,OAKE_03,Wetland Pool 22,North of P39,41.02491,--83.68749,NA,pool,NA,,depressional,NA,NA,NA,"in situ physicochemistry
soil sampling
water sampling",Yes,,,,15,,rmarques@kent.edu,12/14/22 7:59 AM,cell-link@smartsheet.com,10/13/25 7:56 AM,OAKE,
03/20/23,TRUE,,,BG,21. Oakwoods East,21,OAKE,Oakwoods East,OAKE_04,Wetland Pool 23,Shallow pool just west of P40. Very rarely has water.,41.02474,--83.68644,NA,pool,NA,,depressional,NA,NA,NA,"in situ physicochemistry
soil sampling
water sampling",Yes,,,,15,,rmarques@kent.edu,12/14/22 7:59 AM,cell-link@smartsheet.com,10/13/25 7:56 AM,OAKE,
03/20/23,TRUE,,,BG,21. Oakwoods East,21,OAKE,Oakwoods East,OAKE_05,Wetland Pool 24,Directly south of P40,41.02405,--83.68572,NA,pool,NA,,depressional,NA,NA,NA,"in situ physicochemistry
soil sampling
water sampling",Yes,,,,15,,rmarques@kent.edu,12/14/22 7:59 AM,cell-link@smartsheet.com,10/13/25 7:56 AM,OAKE,
03/20/23,TRUE,,,BG,21. Oakwoods East,21,OAKE,Oakwoods East,OAKE_06,Wetland Pool 25,SE corner of site,41.02380,--83.68478,NA,pool,NA,,depressional,NA,NA,NA,"in situ physicochemistry
soil sampling
water sampling",Yes,,,,15,,rmarques@kent.edu,12/14/22 7:59 AM,cell-link@smartsheet.com,10/13/25 7:56 AM,OAKE,
03/20/23,TRUE,,,BG,21. Oakwoods East,21,OAKE,Oakwoods East,OAKE_07,Wetland Pool 26,Directly east of P40,41.02442,--83.68482,NA,pool,NA,,depressional,NA,NA,NA,"in situ physicochemistry
soil sampling
water sampling",Yes,,,,15,,rmarques@kent.edu,12/14/22 7:59 AM,cell-link@smartsheet.com,10/13/25 7:56 AM,OAKE,
03/20/23,TRUE,,,BG,21. Oakwoods East,21,OAKE,Oakwoods East,OAKE_08,Wetland Pool 27,NE of P40,41.02505,--83.68470,NA,pool,NA,,depressional,NA,NA,NA,"in situ physicochemistry
soil sampling
water sampling",Yes,,,,15,,rmarques@kent.edu,12/14/22 7:59 AM,cell-link@smartsheet.com,10/13/25 7:56 AM,OAKE,
03/20/23,TRUE,,,BG,21. Oakwoods East,21,OAKE,Oakwoods East,OAKE_09,Wetland Pool 28,NW corner of site,41.02583,--83.68744,NA,pool,NA,,depressional,NA,NA,NA,"in situ physicochemistry
soil sampling
water sampling",Yes,,,,15,,rmarques@kent.edu,12/14/22 7:59 AM,cell-link@smartsheet.com,10/13/25 7:56 AM,OAKE,
03/20/23,TRUE,,,BG,21. Oakwoods East,21,OAKE,Oakwoods East,OAKE_10,Wetland Pool 29,SE of P28,41.02555,--83.68687,NA,pool,NA,,depressional,NA,NA,NA,"in situ physicochemistry
soil sampling
water sampling",Yes,,,,15,,rmarques@kent.edu,12/14/22 7:59 AM,cell-link@smartsheet.com,10/13/25 7:56 AM,OAKE,
03/20/23,TRUE,,,BG,21. Oakwoods East,21,OAKE,Oakwoods East,OAKE_11,Wetland Pool 30,East of P29,41.02571,--83.68620,NA,pool,NA,,"depressional
direct tile input",NA,NA,NA,"in situ physicochemistry
sensor network
soil sampling
water sampling",Yes,,,,15,,rmarques@kent.edu,12/14/22 7:59 AM,cell-link@smartsheet.com,10/13/25 7:56 AM,OAKE,
03/20/23,TRUE,,,BG,21. Oakwoods East,21,OAKE,Oakwoods East,OAKE_12,Wetland Pool 31,East of P30,41.02575,--83.68524,NA,pool,NA,,"depressional
direct tile input",NA,NA,NA,"in situ physicochemistry
sensor network
soil sampling
water sampling",Yes,,,,15,,rmarques@kent.edu,12/14/22 7:59 AM,cell-link@smartsheet.com,10/13/25 7:56 AM,OAKE,
03/20/23,TRUE,,,BG,21. Oakwoods East,21,OAKE,Oakwoods East,OAKE_13,Wetland Pool 32,East of P42 just north of the tip of the woodland area,41.02588,--83.68392,NA,pool,NA,,depressional,NA,NA,NA,"in situ physicochemistry
soil sampling
water sampling",Yes,,,,15,,rmarques@kent.edu,12/14/22 7:59 AM,cell-link@smartsheet.com,10/13/25 7:56 AM,OAKE,
03/20/23,TRUE,,,BG,21. Oakwoods East,21,OAKE,Oakwoods East,OAKE_14,Wetland Pool 33,Southernmost pool in the far eastern corner of the site. East of woodland area,41.02540,--83.68251,NA,pool,NA,,depressional,NA,NA,NA,"in situ physicochemistry
soil sampling
water sampling",Yes,,,,15,,rmarques@kent.edu,12/14/22 7:59 AM,cell-link@smartsheet.com,10/13/25 7:56 AM,OAKE,
03/20/23,TRUE,,,BG,21. Oakwoods East,21,OAKE,Oakwoods East,OAKE_15,Wetland Pool 34,Just north of P33,41.02582,--83.68254,NA,pool,NA,,depressional,NA,NA,NA,"in situ physicochemistry
soil sampling
water sampling",Yes,,,,15,,rmarques@kent.edu,12/14/22 7:59 AM,cell-link@smartsheet.com,10/13/25 7:56 AM,OAKE,
03/20/23,TRUE,,,BG,21. Oakwoods East,21,OAKE,Oakwoods East,OAKE_16,Wetland Pool 35,SE of P 36,41.02644,--83.68296,NA,pool,NA,,depressional,NA,NA,NA,"in situ physicochemistry
soil sampling
water sampling",Yes,,,,15,,rmarques@kent.edu,12/14/22 7:59 AM,cell-link@smartsheet.com,10/13/25 7:56 AM,OAKE,
03/20/23,TRUE,,,BG,21. Oakwoods East,21,OAKE,Oakwoods East,OAKE_17,Wetland Pool 36,North of P 42 and 32,41.02658,--83.68411,NA,pool,NA,,"depressional
direct tile input",NA,NA,NA,"in situ physicochemistry
sensor network
soil sampling
water sampling",Yes,,,,15,,rmarques@kent.edu,12/14/22 7:59 AM,cell-link@smartsheet.com,10/13/25 7:56 AM,OAKE,
03/20/23,TRUE,,,BG,21. Oakwoods East,21,OAKE,Oakwoods East,OAKE_18,Wetland Pool 37,Extreme NE corner of project,41.02703,--83.68189,NA,pool,NA,,depressional,NA,NA,NA,"in situ physicochemistry
soil sampling
water sampling",Yes,,,,15,,rmarques@kent.edu,12/14/22 7:59 AM,cell-link@smartsheet.com,10/13/25 7:56 AM,OAKE,
03/20/23,TRUE,,,BG,21. Oakwoods East,21,OAKE,Oakwoods East,OAKE_19,Wetland Pool 38,SE of P37,41.02661,--83.68167,NA,pool,NA,,depressional,NA,NA,NA,"in situ physicochemistry
soil sampling
water sampling",Yes,,,,15,,rmarques@kent.edu,12/14/22 7:59 AM,cell-link@smartsheet.com,10/13/25 7:56 AM,OAKE,
03/20/23,TRUE,,,BG,21. Oakwoods East,21,OAKE,Oakwoods East,OAKE_20,Wetland Pool 39,"One of the larger pools of the site. West of P 40, 23, and 21",41.02417,--83.68748,NA,pool,NA,,depressional,NA,NA,NA,"in situ physicochemistry
sensor network
soil sampling
water sampling",Yes,,,,15,,rmarques@kent.edu,12/14/22 7:59 AM,cell-link@smartsheet.com,10/13/25 7:56 AM,OAKE,
03/20/23,TRUE,,,BG,21. Oakwoods East,21,OAKE,Oakwoods East,OAKE_21,Wetland Pool 40,Largest pool. Central to the southern half of the site,41.02457,--83.68569,NA,pool,NA,,depressional,NA,NA,NA,"in situ physicochemistry
sensor network
soil sampling
water sampling",Yes,,,,15,,rmarques@kent.edu,12/14/22 7:59 AM,cell-link@smartsheet.com,10/13/25 7:56 AM,OAKE,
03/20/23,TRUE,,,BG,21. Oakwoods East,21,OAKE,Oakwoods East,OAKE_22,Wetland Pool 41,North of P 40,41.02528,--83.68578,NA,pool,NA,,depressional,NA,NA,NA,"in situ physicochemistry
soil sampling
water sampling",Yes,,,,15,,rmarques@kent.edu,12/14/22 7:59 AM,cell-link@smartsheet.com,10/13/25 7:56 AM,OAKE,
03/20/23,TRUE,,,BG,21. Oakwoods East,21,OAKE,Oakwoods East,OAKE_23,Wetland Pool 42,Between P 31 and 43. South of P 36.,41.02606,--83.68465,NA,pool,NA,,"depressional
direct tile input",NA,NA,NA,"in situ physicochemistry
sensor network
soil sampling
water sampling",Yes,,,,15,,rmarques@kent.edu,12/14/22 7:59 AM,cell-link@smartsheet.com,10/13/25 7:56 AM,OAKE,
03/20/23,TRUE,,,BG,21. Oakwoods East,21,OAKE,Oakwoods East,OAKE_24,Wetland Pool 43,Small pool SW of P 35.,41.02607,--83.68343,NA,pool,NA,,depressional,NA,NA,NA,"in situ physicochemistry
soil sampling
water sampling",Yes,,,,15,,rmarques@kent.edu,12/14/22 7:59 AM,cell-link@smartsheet.com,10/13/25 7:56 AM,OAKE,
10/01/24,TRUE,,,BG,21. Oakwoods East,21,OAKE,Oakwoods East,OAKE_25,Pool25_U,Upland area SE of Pool 25.,41.02377,--83.68435,Pool 25,upland,NA,,NA,NA,NA,NA,soil sampling,No,,,,8,,gkhunt@bgsu.edu,06/12/24 9:45 AM,cell-link@smartsheet.com,10/13/25 7:56 AM,OAKE,
10/01/24,TRUE,,,BG,21. Oakwoods East,21,OAKE,Oakwoods East,OAKE_26,Pool20_U,Upland area north of Pool 20.,41.02418,--83.68818,Pool 20,upland,NA,,NA,NA,NA,NA,soil sampling,No,,,,8,,gkhunt@bgsu.edu,06/12/24 9:45 AM,cell-link@smartsheet.com,10/13/25 7:56 AM,OAKE,
10/01/24,TRUE,,,BG,21. Oakwoods East,21,OAKE,Oakwoods East,OAKE_27,Pool22_U,"Upland area equidistant between Pools 22, 23, 29, 30, and 41.",41.02516,--83.68685,Pool22_Pool29_Pool30,upland,NA,,NA,NA,NA,NA,soil sampling,No,,,,8,,gkhunt@bgsu.edu,06/12/24 9:45 AM,cell-link@smartsheet.com,10/13/25 7:56 AM,OAKE,
10/01/24,TRUE,,,BG,21. Oakwoods East,21,OAKE,Oakwoods East,OAKE_28,Pool27_U,"Upland area equidistant between Pools 27, 31, 42, and 32.",41.02551,--83.68459,Pool27_Pool32_Pool31,upland,NA,,NA,NA,NA,NA,soil sampling,No,,,,8,,gkhunt@bgsu.edu,06/12/24 9:45 AM,cell-link@smartsheet.com,10/13/25 7:56 AM,OAKE,
10/01/24,TRUE,,,BG,21. Oakwoods East,21,OAKE,Oakwoods East,OAKE_29,Pool35_U,Upland area between 37 and 35.,41.02679,--83.68241,Pool37_Pool35,upland,NA,,NA,NA,NA,NA,soil sampling,No,,,,8,,gkhunt@bgsu.edu,06/12/24 9:45 AM,cell-link@smartsheet.com,10/13/25 7:56 AM,OAKE,
10/01/24,TRUE,,,BG,21. Oakwoods East,21,OAKE,Oakwoods East,OAKE_30,Pool33_U,Upland ridge between 33 and 34.,41.02570,--83.68251,Pool33_Pool34,upland,NA,,NA,NA,NA,NA,soil sampling,No,,,,8,,gkhunt@bgsu.edu,06/12/24 9:45 AM,cell-link@smartsheet.com,10/13/25 7:56 AM,OAKE,
03/20/23,TRUE,,,BG,20. Oakwoods West,20,OAKW,Oakwoods West,OAKW_01,Wetland Pool 1,Floodplain pool with connection to Aurand run at western end of site,41.02419,--83.69627,NA,pool,bidirectional,connected_during_events,"depressional
direct tile input
floodplain",NA,NA,NA,"flow
in situ physicochemistry
sensor network
soil sampling
staff gauge
water sampling",Yes,,TRUE,,14,,rmarques@kent.edu,12/14/22 7:59 AM,gkhunt@bgsu.edu,03/17/26 7:27 AM,OAKW,
03/20/23,TRUE,,,BG,20. Oakwoods West,20,OAKW,Oakwoods West,OAKW_02,Wetland Pool 2,East of P 1,41.02402,--83.69473,NA,pool,NA,never_connected,depressional,NA,NA,NA,"in situ physicochemistry
soil sampling
water sampling",Yes,,TRUE,,14,,rmarques@kent.edu,12/14/22 7:59 AM,gkhunt@bgsu.edu,03/17/26 7:27 AM,OAKW,
03/20/23,TRUE,,,BG,20. Oakwoods West,20,OAKW,Oakwoods West,OAKW_03,Wetland Pool 3,Shallow pool south of P 2,41.02325,--83.69491,NA,pool,NA,never_connected,depressional,NA,NA,NA,"in situ physicochemistry
soil sampling
water sampling",Yes,,TRUE,,14,,rmarques@kent.edu,12/14/22 7:59 AM,gkhunt@bgsu.edu,03/17/26 7:27 AM,OAKW,
03/20/23,TRUE,,,BG,20. Oakwoods West,20,OAKW,Oakwoods West,OAKW_04,Wetland Pool 4,East of P 3. Almost always has water,41.02352,--83.69394,NA,pool,NA,never_connected,depressional,NA,NA,NA,"in situ physicochemistry
sensor network
soil sampling
water sampling",Yes,,TRUE,,14,,rmarques@kent.edu,12/14/22 7:59 AM,gkhunt@bgsu.edu,03/17/26 7:27 AM,OAKW,
03/20/23,TRUE,,,BG,20. Oakwoods West,20,OAKW,Oakwoods West,OAKW_05,Wetland Pool 5,SE of P 4. Small and shallow,41.02315,--83.69336,NA,pool,NA,never_connected,depressional,NA,NA,NA,"in situ physicochemistry
soil sampling
water sampling",Yes,,TRUE,,14,,rmarques@kent.edu,12/14/22 7:59 AM,gkhunt@bgsu.edu,03/17/26 7:27 AM,OAKW,
03/20/23,TRUE,,,BG,20. Oakwoods West,20,OAKW,Oakwoods West,OAKW_06,Wetland Pool 6,East of P 2,41.02408,--83.69334,NA,pool,NA,never_connected,depressional,NA,NA,NA,"in situ physicochemistry
soil sampling
water sampling",Yes,,TRUE,,14,,rmarques@kent.edu,12/14/22 7:59 AM,gkhunt@bgsu.edu,03/17/26 7:27 AM,OAKW,
03/20/23,TRUE,,,BG,20. Oakwoods West,20,OAKW,Oakwoods West,OAKW_07,Wetland Pool 7,East of P 6,41.02410,--83.69271,NA,pool,NA,never_connected,depressional,NA,NA,NA,"in situ physicochemistry
soil sampling
water sampling",Yes,,TRUE,,14,,rmarques@kent.edu,12/14/22 7:59 AM,gkhunt@bgsu.edu,03/17/26 7:27 AM,OAKW,
03/20/23,TRUE,,,BG,20. Oakwoods West,20,OAKW,Oakwoods West,OAKW_08,Wetland Pool 8,South of P 7,41.02371,--83.69276,NA,pool,NA,never_connected,depressional,NA,NA,NA,"in situ physicochemistry
soil sampling
water sampling",Yes,,TRUE,,14,,rmarques@kent.edu,12/14/22 7:59 AM,gkhunt@bgsu.edu,03/17/26 7:27 AM,OAKW,
03/20/23,TRUE,,,BG,20. Oakwoods West,20,OAKW,Oakwoods West,OAKW_09,Wetland Pool 9,South of P 8. Almost always has water,41.02319,--83.69251,NA,pool,NA,never_connected,depressional,NA,NA,NA,"in situ physicochemistry
sensor network
soil sampling
water sampling",Yes,,TRUE,,14,,rmarques@kent.edu,12/14/22 7:59 AM,gkhunt@bgsu.edu,03/17/26 7:27 AM,OAKW,
03/20/23,TRUE,,,BG,20. Oakwoods West,20,OAKW,Oakwoods West,OAKW_10,Wetland Pool 10,Small shallow pool south of P 11,41.02303,--83.69171,NA,pool,NA,never_connected,depressional,NA,NA,NA,"in situ physicochemistry
soil sampling
water sampling",Yes,,TRUE,,15,,rmarques@kent.edu,12/14/22 7:59 AM,gkhunt@bgsu.edu,03/17/26 7:27 AM,OAKW,
03/20/23,TRUE,,,BG,20. Oakwoods West,20,OAKW,Oakwoods West,OAKW_11,Wetland Pool 11,North of P 10 and south of P 12,41.02345,--83.69195,NA,pool,NA,never_connected,depressional,NA,NA,NA,"in situ physicochemistry
soil sampling
water sampling",Yes,,TRUE,,15,,rmarques@kent.edu,12/14/22 7:59 AM,gkhunt@bgsu.edu,03/17/26 7:27 AM,OAKW,
03/20/23,TRUE,,,BG,20. Oakwoods West,20,OAKW,Oakwoods West,OAKW_12,Wetland Pool 12,East of P 7 and north of P 11,41.02408,--83.69200,NA,pool,NA,never_connected,depressional,NA,NA,NA,"in situ physicochemistry
soil sampling
water sampling",Yes,,TRUE,,15,,rmarques@kent.edu,12/14/22 7:59 AM,gkhunt@bgsu.edu,03/17/26 7:27 AM,OAKW,
03/20/23,TRUE,,,BG,20. Oakwoods West,20,OAKW,Oakwoods West,OAKW_13,Wetland Pool 13,East of P 12 and north of P 15,41.02408,--83.69122,NA,pool,NA,never_connected,depressional,NA,NA,NA,"in situ physicochemistry
soil sampling
water sampling",Yes,,TRUE,,15,,rmarques@kent.edu,12/14/22 7:59 AM,gkhunt@bgsu.edu,03/17/26 7:27 AM,OAKW,
03/20/23,TRUE,,,BG,20. Oakwoods West,20,OAKW,Oakwoods West,OAKW_14,Wetland Pool 14,East of P 13,41.02400,--83.69066,NA,pool,NA,never_connected,depressional,NA,NA,NA,"in situ physicochemistry
soil sampling
water sampling",Yes,,TRUE,,15,,rmarques@kent.edu,12/14/22 7:59 AM,gkhunt@bgsu.edu,03/17/26 7:27 AM,OAKW,
03/20/23,TRUE,,,BG,20. Oakwoods West,20,OAKW,Oakwoods West,OAKW_15,Wetland Pool 15,"Long, thin pool central to the eastern portion of the site",41.02338,--83.69116,NA,pool,NA,never_connected,depressional,NA,NA,NA,"in situ physicochemistry
soil sampling
water sampling",Yes,,TRUE,,15,,rmarques@kent.edu,12/14/22 7:59 AM,gkhunt@bgsu.edu,03/17/26 7:27 AM,OAKW,
03/20/23,TRUE,,,BG,20. Oakwoods West,20,OAKW,Oakwoods West,OAKW_16,Wetland Pool 16,SE corner of site. South of P 17 and SW of P 19,41.02300,--83.69060,NA,pool,NA,never_connected,depressional,NA,NA,NA,"in situ physicochemistry
soil sampling
water sampling",Yes,,TRUE,,15,,rmarques@kent.edu,12/14/22 7:59 AM,gkhunt@bgsu.edu,03/17/26 7:27 AM,OAKW,
03/20/23,TRUE,,,BG,20. Oakwoods West,20,OAKW,Oakwoods West,OAKW_17,Wetland Pool 17,East of P 15. North of P 16,41.02348,--83.69040,NA,pool,NA,never_connected,depressional,NA,NA,NA,"in situ physicochemistry
soil sampling
water sampling",Yes,,TRUE,,15,,rmarques@kent.edu,12/14/22 7:59 AM,gkhunt@bgsu.edu,03/17/26 7:27 AM,OAKW,
03/20/23,TRUE,,,BG,20. Oakwoods West,20,OAKW,Oakwoods West,OAKW_18,Wetland Pool 18,NE corner of the site. Always has water.,41.02391,--83.68988,NA,pool,NA,never_connected,depressional,NA,NA,NA,"in situ physicochemistry
sensor network
soil sampling
water sampling",Yes,,TRUE,,15,,rmarques@kent.edu,12/14/22 7:59 AM,gkhunt@bgsu.edu,03/17/26 7:27 AM,OAKW,
03/20/23,TRUE,,,BG,20. Oakwoods West,20,OAKW,Oakwoods West,OAKW_19,Wetland Pool 19,SE corner of the site. East of P 16 and 17,41.02319,--83.69003,NA,pool,NA,never_connected,depressional,NA,NA,NA,"in situ physicochemistry
soil sampling
water sampling",Yes,,TRUE,,15,,rmarques@kent.edu,12/14/22 7:59 AM,gkhunt@bgsu.edu,03/17/26 7:27 AM,OAKW,
03/20/23,TRUE,,,BG,20. Oakwoods West,20,OAKW,Oakwoods West,OAKW_20,Aurand Run downstream,Just east of the bridge on County Road 9 along western border of the site.,41.02373,--83.69754,Aurand Run,creek,downstream,adjacent_waterbody,lotic influence,NA,NA,NA,"in situ physicochemistry
soil sampling
water sampling",No,,TRUE,,21,,rmarques@kent.edu,12/14/22 7:59 AM,gkhunt@bgsu.edu,03/17/26 7:27 AM,OAKW,
03/20/23,TRUE,,,BG,20. Oakwoods West,20,OAKW,Oakwoods West,OAKW_21,Aurand Run connection to P1,Large gravel area and WCS near SE end of P 1,41.02351,--83.69633,NA,wcs,bidirectional,adjacent_waterbody,floodplain,NA,NA,NA,"in situ physicochemistry
soil sampling
water sampling",No,,TRUE,,27,,rmarques@kent.edu,12/14/22 7:59 AM,gkhunt@bgsu.edu,03/17/26 7:28 AM,OAKW,
03/20/23,TRUE,,,BG,20. Oakwoods West,20,OAKW,Oakwoods West,OAKW_22,Aurand Run upstream,Just north of the railroad tracks that run south of the project. South of Shank Lake,41.02254,--83.69463,Aurand Run,creek,upstream,adjacent_waterbody,lotic influence,NA,NA,NA,"in situ physicochemistry
soil sampling
water sampling",No,,TRUE,,19,,rmarques@kent.edu,12/14/22 7:59 AM,gkhunt@bgsu.edu,03/17/26 7:27 AM,OAKW,
10/01/24,TRUE,,,BG,20. Oakwoods West,20,OAKW,Oakwoods West,OAKW_23,Pool1_U,Upland area between P 1 and P 2.,41.02377,--83.69525,Pool 1_Pool2,upland,NA,never_connected,NA,NA,NA,NA,soil sampling,No,,TRUE,,7,,gkhunt@bgsu.edu,06/12/24 9:50 AM,gkhunt@bgsu.edu,03/17/26 7:27 AM,OAKW,
10/01/24,TRUE,,,BG,20. Oakwoods West,20,OAKW,Oakwoods West,OAKW_24,Pool3_U,"Upland area between P 3, 4, and 5.",41.02309,--83.69414,Pool 3_Pool 4_Pool 5,upland,NA,never_connected,NA,NA,NA,NA,soil sampling,No,,TRUE,,7,,gkhunt@bgsu.edu,06/12/24 9:50 AM,gkhunt@bgsu.edu,03/17/26 7:27 AM,OAKW,
10/01/24,TRUE,,,BG,20. Oakwoods West,20,OAKW,Oakwoods West,OAKW_25,Pool4_U,"Upland area between P 4, 6, 7, and 8.",41.02379,--83.69301,Pool 6_Pool 7_Pool 8,upland,NA,never_connected,NA,NA,NA,NA,soil sampling,No,,TRUE,,7,,gkhunt@bgsu.edu,06/12/24 9:50 AM,gkhunt@bgsu.edu,03/17/26 7:27 AM,OAKW,
10/01/24,TRUE,,,BG,20. Oakwoods West,20,OAKW,Oakwoods West,OAKW_26,Pool7_U,"Upland area between P 7, 8, 11, 12.",41.02361,--83.69236,Pool 8_Pool 11_Pool 12,upland,NA,never_connected,NA,NA,NA,NA,soil sampling,No,,TRUE,,7,,gkhunt@bgsu.edu,06/12/24 9:50 AM,gkhunt@bgsu.edu,03/17/26 7:27 AM,OAKW,
10/01/24,TRUE,,,BG,20. Oakwoods West,20,OAKW,Oakwoods West,OAKW_27,Pool11_U,"Upland area between P 11, 12, 13, 15.",41.02382,--83.69165,Pool 12_Pool 13_Pool 15,upland,NA,never_connected,NA,NA,NA,NA,soil sampling,No,,TRUE,,8,,gkhunt@bgsu.edu,06/12/24 9:50 AM,gkhunt@bgsu.edu,03/17/26 7:27 AM,OAKW,
10/01/24,TRUE,,,BG,20. Oakwoods West,20,OAKW,Oakwoods West,OAKW_28,Pool13_U,"Upland area between P 13, 14, 15.",41.02380,--83.69096,Pool 13_Pool 14_Pool 15,upland,NA,never_connected,NA,NA,NA,NA,soil sampling,No,,TRUE,,8,,gkhunt@bgsu.edu,06/12/24 9:50 AM,gkhunt@bgsu.edu,03/17/26 7:27 AM,OAKW,
10/01/24,TRUE,,,BG,20. Oakwoods West,20,OAKW,Oakwoods West,OAKW_29,Pool17_U,"Upland area between P 17, 18, 19.",41.02354,--83.69019,Pool 17_Pool 18_Pool 19,upland,NA,never_connected,NA,NA,NA,NA,soil sampling,No,,TRUE,,8,,gkhunt@bgsu.edu,06/12/24 9:50 AM,gkhunt@bgsu.edu,03/17/26 7:27 AM,OAKW,
10/01/24,TRUE,,,BG,20. Oakwoods West,20,OAKW,Oakwoods West,OAKW_30,Pool10_U,"Upland area between P 10, 15, 16.",41.02301,--83.69094,Pool 10_Pool 15_Pool 16,upland,NA,never_connected,NA,NA,NA,NA,soil sampling,No,,TRUE,,8,,gkhunt@bgsu.edu,06/12/24 9:50 AM,gkhunt@bgsu.edu,03/17/26 7:27 AM,OAKW,
10/01/24,TRUE,,,BG,20. Oakwoods West,20,OAKW,Oakwoods West,OAKW_31,AurandDownstream_U,Upland of Aurand Run Downstream.,41.02394,--83.69820,Aurand Run Downstream,upland,NA,never_connected,NA,NA,NA,NA,soil sampling,No,,TRUE,,18,,gkhunt@bgsu.edu,06/12/24 9:50 AM,gkhunt@bgsu.edu,03/17/26 7:27 AM,OAKW,
10/01/24,TRUE,,,BG,20. Oakwoods West,20,OAKW,Oakwoods West,OAKW_32,AurandUpstream_U,Upland of Aurand Run Upstream.,41.01949,--83.68818,Aurand Run Upstream,upland,NA,never_connected,NA,NA,NA,NA,soil sampling,No,,TRUE,,16,,gkhunt@bgsu.edu,06/12/24 9:50 AM,gkhunt@bgsu.edu,03/17/26 7:27 AM,OAKW,
03/20/23,TRUE,,,WS,66. O'Donnell Wetland,66,ODOW,O'Donnell Wetland,ODOW_01,Lake,Delaware Lake at a pulloff on Panhandle Rd. Water from the lake is pumped into the wetland. Water collected here.,,,NA,lake,inlet,,flow-through,A,1,,water sampling,No,,,,4,,rmarques@kent.edu,12/14/22 7:59 AM,rmarques@kent.edu,12/17/24 11:25 AM,ODOW,
03/20/23,TRUE,,,WS,66. O'Donnell Wetland,66,ODOW,O'Donnell Wetland,ODOW_02,Pool 1,Pool to the east of Delaware Lake in which lake water is pumped into. Water and soil collected here.,40.36656,--83.04727,NA,pool,NA,,flow-through,A,2,,"soil sampling
water sampling",Hold,,,,6,,rmarques@kent.edu,12/14/22 7:59 AM,rmarques@kent.edu,12/17/24 11:25 AM,ODOW,
03/20/23,TRUE,,,WS,66. O'Donnell Wetland,66,ODOW,O'Donnell Wetland,ODOW_03,Pool 2,Pool to the east of Pool 1 in which water from Pool 1 can flow into via a tile. Water and soil collected here.,40.36606,--83.03686,NA,pool,NA,,flow-through,A,3,,"soil sampling
water sampling",Hold,,,,6,,rmarques@kent.edu,12/14/22 7:59 AM,rmarques@kent.edu,12/17/24 11:25 AM,ODOW,
03/20/23,TRUE,,,WS,66. O'Donnell Wetland,66,ODOW,O'Donnell Wetland,ODOW_04,Pool 3,Pool to the north of Pool 2 in which water from Pool 2 can flow into via a tile. Water and soil collected here.,40.37443,--83.03668,NA,pool,NA,,flow-through,A,4,,"soil sampling
water sampling",Hold,,,,6,,rmarques@kent.edu,12/14/22 7:59 AM,rmarques@kent.edu,12/17/24 11:25 AM,ODOW,
03/20/23,TRUE,,,WS,66. O'Donnell Wetland,66,ODOW,O'Donnell Wetland,ODOW_05,Pool 4 (outflow to lake),Pool to the north of Pool 3 in which water from Pool 3 can flow into via tile and back into the lake via a tile. Water and soil collected here.,40.38155,--83.03713,NA,pool,outlet,,flow-through,A,5,,"soil sampling
water sampling",Hold,,,,24,,rmarques@kent.edu,12/14/22 7:59 AM,rmarques@kent.edu,12/17/24 11:25 AM,ODOW,
04/16/25,TRUE,,,KS,2. Old Station Road,2,OLDS,Old Station Road,OLDS_01,Low East Pool,Final pool created by cascading berms on the H2Ohio east portion of the site,41.31918,--81.59400,,pool,,,"flow-through
precipitation
wetland feature",,,,"soil sampling
water level
water sampling",,,,,13,,cgluck1@kent.edu,04/10/25 6:32 AM,cell-link@smartsheet.com,10/13/25 7:56 AM,OLDS,
04/16/25,TRUE,,,KS,2. Old Station Road,2,OLDS,Old Station Road,OLDS_02,Upper East Pool,First pool created by cascading berms on the H2Ohio east portion of the site,41.31942,--81.59400,,pool,,,"flow-through
precipitation
wetland feature",,,,"in situ physicochemistry
soil sampling
water level
water sampling",,,,,15,,cgluck1@kent.edu,04/10/25 6:32 AM,cell-link@smartsheet.com,10/13/25 7:56 AM,OLDS,
04/16/25,TRUE,,,KS,2. Old Station Road,2,OLDS,Old Station Road,OLDS_03,West Pool,Pool within mitigation wetland,41.31950,--81.59487,,pool,,,"flow-through
precipitation
wetland feature",,,,"in situ physicochemistry
soil sampling
water level
water sampling",,,,,9,,cgluck1@kent.edu,04/10/25 6:32 AM,cell-link@smartsheet.com,10/13/25 7:56 AM,OLDS,
04/16/25,TRUE,,,KS,2. Old Station Road,2,OLDS,Old Station Road,OLDS_04,Inlet,"Inlet of two separate storm sewer culverts, at the base of the rocky drop-off of the H2Ohio constructed culvert",41.32117,--81.59294,,culvert,inlet,,flow-through,,,,"soil sampling
water level
water sampling",,,,,5,,cgluck1@kent.edu,04/10/25 6:32 AM,cell-link@smartsheet.com,10/13/25 7:56 AM,OLDS,
04/16/25,TRUE,,,KS,2. Old Station Road,2,OLDS,Old Station Road,OLDS_05,Outlet Swale,"Bio-swale draining the entire site, both H2Ohio and mitigation portions",41.31868,--81.59279,,swale,outlet,,"flow-through
precipitation",,,,water sampling,,,,,12,,cgluck1@kent.edu,04/10/25 6:32 AM,cell-link@smartsheet.com,10/13/25 7:56 AM,OLDS,
04/16/25,TRUE,,,KS,2. Old Station Road,2,OLDS,Old Station Road,OLDS_06,Divergence,"Point of the inlet stream that splits feeding into the east and west pools, follows several step pools within the stream",41.31987,--81.59437,,stream,,,flow-through,,,,"soil sampling
water sampling",,,,,10,,cgluck1@kent.edu,04/10/25 6:32 AM,cell-link@smartsheet.com,10/13/25 7:56 AM,OLDS,
03/20/23,TRUE,,,BG,13. Oak Openings Preserve,13,OOPR,Oak Openings Preserve,OOPR_01,Wetland Pool 1,SW corner of the site near road and tree line.,41.57869,--83.87249,NA,pool,NA,,depressional,NA,NA,NA,"in situ physicochemistry
soil sampling
water sampling",No,,,,14,,rmarques@kent.edu,12/14/22 7:59 AM,cell-link@smartsheet.com,10/13/25 7:56 AM,OOPR,
03/20/23,TRUE,,,BG,13. Oak Openings Preserve,13,OOPR,Oak Openings Preserve,OOPR_02,Wetland Pool 2,SE edge of the western side of the site. South of P 3,41.57878,--83.87139,NA,pool,NA,,depressional,NA,NA,NA,"in situ physicochemistry
soil sampling
water sampling",No,,,,14,,rmarques@kent.edu,12/14/22 7:59 AM,cell-link@smartsheet.com,10/13/25 7:56 AM,OOPR,
03/20/23,TRUE,,,BG,13. Oak Openings Preserve,13,OOPR,Oak Openings Preserve,OOPR_03,Wetland Pool 3,Between P 4 and P 2.,41.57924,--83.87148,NA,pool,NA,,depressional,NA,NA,NA,"in situ physicochemistry
sensor network
soil sampling
water sampling",No,,,,14,,rmarques@kent.edu,12/14/22 7:59 AM,cell-link@smartsheet.com,10/13/25 7:56 AM,OOPR,
03/20/23,TRUE,,,BG,13. Oak Openings Preserve,13,OOPR,Oak Openings Preserve,OOPR_04,Wetland Pool 4,Between P 5 and P 3.,41.57948,--83.87156,NA,pool,NA,,depressional,NA,NA,NA,"in situ physicochemistry
soil sampling
water sampling",No,,,,14,,rmarques@kent.edu,12/14/22 7:59 AM,cell-link@smartsheet.com,10/13/25 7:56 AM,OOPR,
03/20/23,TRUE,,,BG,13. Oak Openings Preserve,13,OOPR,Oak Openings Preserve,OOPR_05,Wetland Pool 5,Small shallow pool directly NW of the northern tip of the woodland area that partially bisects the site.,41.57966,--83.87139,NA,pool,NA,,depressional,NA,NA,NA,"in situ physicochemistry
soil sampling
water sampling",No,,,,14,,rmarques@kent.edu,12/14/22 7:59 AM,cell-link@smartsheet.com,10/13/25 7:56 AM,OOPR,
03/20/23,TRUE,,,BG,13. Oak Openings Preserve,13,OOPR,Oak Openings Preserve,OOPR_06,Wetland Pool 6,"Central to the westernmost portion of the site. Between P 1, 2, 7, and 3.",41.57894,--83.87221,NA,pool,NA,,depressional,NA,NA,NA,"in situ physicochemistry
soil sampling
water sampling",No,,,,14,,rmarques@kent.edu,12/14/22 7:59 AM,cell-link@smartsheet.com,10/13/25 7:56 AM,OOPR,
03/20/23,TRUE,,,BG,13. Oak Openings Preserve,13,OOPR,Oak Openings Preserve,OOPR_07,Wetland Pool 7,NW edge of the site. Indistinct and broad area.,41.57985,--83.87248,NA,pool,NA,,depressional,NA,NA,NA,"in situ physicochemistry
sensor network
soil sampling
water sampling",No,,,,14,,rmarques@kent.edu,12/14/22 7:59 AM,cell-link@smartsheet.com,10/13/25 7:56 AM,OOPR,
03/20/23,TRUE,,,BG,13. Oak Openings Preserve,13,OOPR,Oak Openings Preserve,OOPR_08,Wetland Pool 8,Large pool east of P 7.,41.58038,--83.87148,NA,pool,NA,,depressional,NA,NA,NA,"in situ physicochemistry
sensor network
soil sampling
water sampling",No,,,,14,,rmarques@kent.edu,12/14/22 7:59 AM,cell-link@smartsheet.com,10/13/25 7:56 AM,OOPR,
03/20/23,TRUE,,,BG,13. Oak Openings Preserve,13,OOPR,Oak Openings Preserve,OOPR_09,Wetland Pool 9,South of Pools 10 and 8. Sits in the cradle between the two woodland areas to the east and west.,41.57971,--83.87032,NA,pool,NA,,depressional,NA,NA,NA,"in situ physicochemistry
soil sampling
water sampling",No,,,,14,,rmarques@kent.edu,12/14/22 7:59 AM,cell-link@smartsheet.com,10/13/25 7:56 AM,OOPR,
03/20/23,TRUE,,,BG,13. Oak Openings Preserve,13,OOPR,Oak Openings Preserve,OOPR_10,Wetland Pool 10,North of P 9.,41.58016,--83.86981,NA,pool,NA,,depressional,NA,NA,NA,"in situ physicochemistry
soil sampling
water sampling",No,,,,15,,rmarques@kent.edu,12/14/22 7:59 AM,cell-link@smartsheet.com,10/13/25 7:56 AM,OOPR,
03/20/23,TRUE,,,BG,13. Oak Openings Preserve,13,OOPR,Oak Openings Preserve,OOPR_11,Wetland Pool 11,Small shallow area at the northern tip of the woods that bisect the east and west halves of the site. Rarely holds water.,41.58026,--83.86909,NA,pool,NA,,depressional,NA,NA,NA,"in situ physicochemistry
soil sampling
water sampling",No,,,,15,,rmarques@kent.edu,12/14/22 7:59 AM,cell-link@smartsheet.com,10/13/25 7:56 AM,OOPR,
03/20/23,TRUE,,,BG,13. Oak Openings Preserve,13,OOPR,Oak Openings Preserve,OOPR_12,Wetland Pool 12,Southernmost pool of the treatment train. South of 13.,41.57916,--83.86853,NA,pool,NA,,"depressional
wetland feature",A,4,NA,"in situ physicochemistry
sensor network
soil sampling
staff gauge
water level
water sampling",Yes,,,,15,,rmarques@kent.edu,12/14/22 7:59 AM,cell-link@smartsheet.com,10/13/25 7:56 AM,OOPR,
03/20/23,TRUE,,,BG,13. Oak Openings Preserve,13,OOPR,Oak Openings Preserve,OOPR_13,Wetland Pool 13,Third pool of the treatment train. South of P 14.,41.57959,--83.86819,NA,pool,NA,,"depressional
wetland feature",A,3,NA,"in situ physicochemistry
soil sampling
water sampling",No,,,,15,,rmarques@kent.edu,12/14/22 7:59 AM,cell-link@smartsheet.com,10/13/25 7:56 AM,OOPR,
03/20/23,TRUE,,,BG,13. Oak Openings Preserve,13,OOPR,Oak Openings Preserve,OOPR_14,Wetland Pool 14,Second pool of the treatment train. South of P 15.,41.58027,--83.86789,NA,pool,NA,,"depressional
wetland feature",A,2,NA,"in situ physicochemistry
soil sampling
water sampling",No,,,,15,,rmarques@kent.edu,12/14/22 7:59 AM,cell-link@smartsheet.com,10/13/25 7:56 AM,OOPR,
03/20/23,TRUE,,,BG,13. Oak Openings Preserve,13,OOPR,Oak Openings Preserve,OOPR_15,Wetland Pool 15,Northernmost pool of the treatment train wetlands on the east side of the site,41.58086,--83.86740,NA,pool,NA,,depressional,A,1,NA,"in situ physicochemistry
soil sampling
water sampling",No,,,,15,,rmarques@kent.edu,12/14/22 7:59 AM,cell-link@smartsheet.com,10/13/25 7:56 AM,OOPR,
10/01/24,TRUE,,,BG,13. Oak Openings Preserve,13,OOPR,Oak Openings Preserve,OOPR_16,Pool15_U,Upland area west of Pool 15.,41.58077,--83.86843,Pool 15,upland,NA,,NA,NA,NA,NA,soil sampling,,,,,8,,gkhunt@bgsu.edu,06/12/24 9:09 AM,cell-link@smartsheet.com,10/13/25 7:56 AM,OOPR,
10/01/24,TRUE,,,BG,13. Oak Openings Preserve,13,OOPR,Oak Openings Preserve,OOPR_17,Pool13_U,Upland area west of and equidistant between Pools 14 and 13.,41.57993,--83.86869,Pool 13,upland,NA,,NA,NA,NA,NA,soil sampling,,,,,8,,gkhunt@bgsu.edu,06/12/24 9:09 AM,cell-link@smartsheet.com,10/13/25 7:56 AM,OOPR,
10/01/24,TRUE,,,BG,13. Oak Openings Preserve,13,OOPR,Oak Openings Preserve,OOPR_18,Pool8_U,"Upland area between Pools 8, 9, 10.",41.58023,--83.87035,Pool 8,upland,NA,,NA,NA,NA,NA,soil sampling,,,,,7,,gkhunt@bgsu.edu,06/12/24 9:09 AM,cell-link@smartsheet.com,10/13/25 7:56 AM,OOPR,
10/01/24,TRUE,,,BG,13. Oak Openings Preserve,13,OOPR,Oak Openings Preserve,OOPR_19,Pool5_U,"Upland area between Pools 5, 6, 7, 8.",41.57998,--83.87193,Pool 5,upland,NA,,NA,NA,NA,NA,soil sampling,,,,,7,,gkhunt@bgsu.edu,06/12/24 9:10 AM,cell-link@smartsheet.com,10/13/25 7:56 AM,OOPR,
10/01/24,TRUE,,,BG,13. Oak Openings Preserve,13,OOPR,Oak Openings Preserve,OOPR_20,Pool 1_U,Upland area near road between Pool 1 and Pool 7.,41.57926,--83.87276,Pool 1,upland,NA,,NA,NA,NA,NA,soil sampling,,,,,8,,gkhunt@bgsu.edu,06/12/24 9:10 AM,cell-link@smartsheet.com,10/13/25 7:56 AM,OOPR,
07/17/23,TRUE,,,BG,50. Otsego Schools,50,OTSS,Otsego Schools,OTSS_01,Emergent Wetland West,Western half of the emergent wetland just south of Tontogany Creek.,41.42548,--83.74113,Emergent Wetland West,pool,NA,,"depressional
floodplain",NA,NA,NA,"in situ physicochemistry
soil sampling
water sampling",No,,,,21,,gkhunt@bgsu.edu,06/29/23 10:51 AM,cell-link@smartsheet.com,10/13/25 7:56 AM,OTSS,
07/17/23,TRUE,,,BG,50. Otsego Schools,50,OTSS,Otsego Schools,OTSS_02,Tontogany Creek,Small creek that runs SE to NW at the northern edge of the site.,41.42575,--83.74048,Tontogany Creek,creek,NA,,"direct tile input
precipitation",NA,NA,NA,"in situ physicochemistry
soil sampling
water sampling",No,,,,15,,gkhunt@bgsu.edu,06/29/23 11:11 AM,cell-link@smartsheet.com,10/13/25 7:56 AM,OTSS,
07/17/23,TRUE,,,BG,50. Otsego Schools,50,OTSS,Otsego Schools,OTSS_03,Emergent Wetland East,Eastern half of the emergent wetland just south of Tontogany Creek.,41.42538,--83.74053,Emergent Wetland East,pool,NA,,"depressional
floodplain",NA,NA,NA,"in situ physicochemistry
soil sampling
water sampling",No,,,,21,,gkhunt@bgsu.edu,06/29/23 11:11 AM,cell-link@smartsheet.com,10/13/25 7:56 AM,OTSS,
07/17/23,TRUE,,,BG,50. Otsego Schools,50,OTSS,Otsego Schools,OTSS_04,Root Wad Hollow,Cluster of hummock hollows on the eastern border of the site near the 'root wad' and bushes.,41.42441,--83.73952,Root Wad Hollow,pool,NA,,depressional,NA,NA,NA,"in situ physicochemistry
soil sampling
water sampling",No,,,East edge of the site,15,,gkhunt@bgsu.edu,06/29/23 11:11 AM,cell-link@smartsheet.com,10/13/25 7:56 AM,OTSS,
07/17/23,TRUE,,,BG,50. Otsego Schools,50,OTSS,Otsego Schools,OTSS_05,SE Hollow,Large hollow at the extreme SE corner of the site,41.42343,--83.73964,SE Hollow,pool,NA,,depressional,NA,NA,NA,"in situ physicochemistry
soil sampling
water sampling",No,,,"On the extreme SE corner of the site, probably the largest hollow",9,,gkhunt@bgsu.edu,06/29/23 11:11 AM,cell-link@smartsheet.com,10/13/25 7:56 AM,OTSS,
07/17/23,TRUE,,,BG,50. Otsego Schools,50,OTSS,Otsego Schools,OTSS_06,Vernal Pool,Another hollow at the extreme SW corner of the site.,41.42325,--83.74170,Vernal Pool,pool,NA,,depressional,NA,NA,NA,"in situ physicochemistry
soil sampling
water sampling",No,,,"Extreme SW corner of the site, 3' deep constructed pool",11,,gkhunt@bgsu.edu,06/29/23 11:11 AM,cell-link@smartsheet.com,10/13/25 7:56 AM,OTSS,
07/17/23,TRUE,,,BG,50. Otsego Schools,50,OTSS,Otsego Schools,OTSS_07,Deadwood Hollow,Another hollow near the center of the site closer to the ag field (SW corner). Near a large standing deadwood tree.,41.42435,--83.74129,Deadwood Hollow,pool,NA,,depressional,NA,NA,NA,"in situ physicochemistry
soil sampling
water sampling",No,,,"On the SW side of the ag field, one of the hollows that rests at the base of a large, distinctive standing piece of deadwood.",15,,gkhunt@bgsu.edu,06/29/23 11:11 AM,cell-link@smartsheet.com,10/13/25 7:56 AM,OTSS,
08/01/23,TRUE,,TRUE,BG,50. Otsego Schools,50,OTSS,Otsego Schools,OTSS_08,West Tributary,,41.42579,--83.74197,,,,,,,,,,No,,,"Obsolete 8/19/24 In the woods on the west side, connects to Tontogany Creek",14,,midden@bgsu.edu,07/25/23 12:20 PM,cell-link@smartsheet.com,10/13/25 7:56 AM,,
08/08/23,TRUE,,,BG,50. Otsego Schools,50,OTSS,Otsego Schools,OTSS_09,Meadow,"Eastern edge of the site, east of the Ag Field and west of the project boundary.",41.42442,--83.73995,Meadow,upland,NA,,NA,NA,NA,NA,"in situ physicochemistry
soil sampling
water sampling",No,,,"Extends from northeast of the ag field, along the east side of the ag field and extends south of the ag field. Exactly which parts are meadow will probably evolve with time.",6,,midden@bgsu.edu,08/08/23 12:43 PM,cell-link@smartsheet.com,10/13/25 7:56 AM,OTSS,
08/08/23,TRUE,,,BG,50. Otsego Schools,50,OTSS,Otsego Schools,OTSS_10,Food Forest,Just north of the northern edge of the Ag Field.,41.42517,--83.74069,Food Forest,upland,NA,,NA,NA,NA,NA,soil sampling,No,,,This is planned to be between the Emergent Wetland and the ag field but I am not certain this will actually be developed.,11,,midden@bgsu.edu,08/08/23 12:43 PM,cell-link@smartsheet.com,10/13/25 7:56 AM,OTSS,
08/08/23,TRUE,,,BG,50. Otsego Schools,50,OTSS,Otsego Schools,OTSS_11,Agricultural Field,Large rectangular field in the center of the site.,41.42443,--83.74068,Agricultural Field,upland,NA,,NA,NA,NA,NA,soil sampling,No,,,"In the center of this project, intended to be used by FFA students",18,,midden@bgsu.edu,08/08/23 12:43 PM,cell-link@smartsheet.com,10/13/25 7:56 AM,OTSS,
08/08/23,TRUE,,,BG,50. Otsego Schools,50,OTSS,Otsego Schools,OTSS_12,Center Hollow,On the south side of the Ag Field in about the center of the hummock hollow construction.,41.42356,--83.74075,Center Hollow,pool,NA,,depressional,NA,NA,NA,"in situ physicochemistry
soil sampling
water sampling",No,,,Hummock & hollow on south side of ag field in the center east-to-west,13,,midden@bgsu.edu,08/08/23 12:54 PM,cell-link@smartsheet.com,10/13/25 7:56 AM,OTSS,
08/08/23,TRUE,,,BG,50. Otsego Schools,50,OTSS,Otsego Schools,OTSS_13,Wet Meadow,Near SW edge of the Ag Field.,41.42428,--83.74142,Wet Meadow,upland,NA,,NA,NA,NA,NA,"in situ physicochemistry
soil sampling
water sampling",No,,,"Design plans indicate wet meadow on west side but it's uncertain whether this will actually develop. However, we've collected soil samples here so want to have a location to associate with those samples.",10,,midden@bgsu.edu,08/08/23 12:58 PM,cell-link@smartsheet.com,10/13/25 7:56 AM,OTSS,
08/08/23,TRUE,,,BG,50. Otsego Schools,50,OTSS,Otsego Schools,OTSS_14,West Hollow,Hollow in the center-west of the site. Scrub-shrub wetland area.,41.42379,--83.74172,West Hollow,pool,NA,,depressional,NA,NA,,"in situ physicochemistry
soil sampling
water sampling",No,,,Design shows this to be scrub-shrub wetland and is most likely hummock & hollow on the west side. Soil samples have been and will be collected here.,11,,midden@bgsu.edu,08/08/23 1:06 PM,cell-link@smartsheet.com,10/13/25 7:56 AM,OTSS,
10/01/24,TRUE,,,BG,50. Otsego Schools,50,OTSS,Otsego Schools,OTSS_15,TontCreek_U,Upland area near Tontogany Creek.,41.42563,--83.74048,Tontogany Creek,upland,NA,,NA,NA,NA,NA,soil sampling,,,,,11,,gkhunt@bgsu.edu,06/12/24 9:06 AM,cell-link@smartsheet.com,10/13/25 7:56 AM,OTSS,
10/01/24,TRUE,,,BG,50. Otsego Schools,50,OTSS,Otsego Schools,OTSS_16,EmergentWest_U,Upland area south of Emergent Wetland West.,41.42538,--83.74115,Emergent Wetland West,upland,NA,,NA,NA,NA,NA,soil sampling,,,,,14,,gkhunt@bgsu.edu,06/12/24 9:06 AM,cell-link@smartsheet.com,10/13/25 7:56 AM,OTSS,
10/01/24,TRUE,,,BG,50. Otsego Schools,50,OTSS,Otsego Schools,OTSS_17,EmergentEast_U,Upland area south of Emergent Wetland East.,41.42518,--83.74051,Emergent Wetland East,upland,NA,,NA,NA,NA,NA,soil sampling,,,,,14,,gkhunt@bgsu.edu,06/12/24 9:06 AM,cell-link@smartsheet.com,10/13/25 7:56 AM,OTSS,
10/01/24,TRUE,,,BG,50. Otsego Schools,50,OTSS,Otsego Schools,OTSS_18,Root Wad Hollow_U,Upland area near Root Wad Hollow.,41.42423,--83.73961,Root Wad Hollow,upland,NA,,NA,NA,NA,NA,soil sampling,,,,,17,,gkhunt@bgsu.edu,06/12/24 9:06 AM,cell-link@smartsheet.com,10/13/25 7:56 AM,OTSS,
10/01/24,TRUE,,,BG,50. Otsego Schools,50,OTSS,Otsego Schools,OTSS_19,SoutheastHollow_U,Upland area near SE Hollow.,41.42340,--83.73974,SE Hollow,upland,NA,,NA,NA,NA,NA,soil sampling,,,,,17,,gkhunt@bgsu.edu,06/12/24 9:06 AM,cell-link@smartsheet.com,10/13/25 7:56 AM,OTSS,
10/01/24,TRUE,,,BG,50. Otsego Schools,50,OTSS,Otsego Schools,OTSS_20,Vernal Pool_U,Upland area near Vernal Pool.,41.42326,--83.74168,Vernal Pool,upland,NA,,NA,NA,NA,NA,soil sampling,,,,,13,,gkhunt@bgsu.edu,06/12/24 9:06 AM,cell-link@smartsheet.com,10/13/25 7:56 AM,OTSS,
10/01/24,TRUE,,,BG,50. Otsego Schools,50,OTSS,Otsego Schools,OTSS_21,Deadwood Hollow_U,Upland area near Deadwood Hollow.,41.42429,--83.74126,Deadwood Hollow,upland,NA,,NA,NA,NA,NA,soil sampling,,,,,17,,gkhunt@bgsu.edu,06/12/24 9:06 AM,cell-link@smartsheet.com,10/13/25 7:56 AM,OTSS,
03/20/23,TRUE,,,UT,4. Ottawa NWR,4,OTTN,Ottawa NWR,OTTN_01,Pool 3 Center,"Located in the ""pelagic"" zone in Pool 3; kayak needed. Difficult to access due to vegetation. Pool 3 is managed for ecosystem integrity and native/invasive species densities.",41.63408,--83.21945,Pool 3,pool,NA,,"coastal
lentic influence",NA,NA,,"in situ physicochemistry
water level
water sampling",No,,,Routine. Unmarked.,13,,rmarques@kent.edu,12/14/22 7:59 AM,cell-link@smartsheet.com,10/13/25 7:56 AM,OTTN,
03/20/23,TRUE,,,UT,4. Ottawa NWR,4,OTTN,Ottawa NWR,OTTN_02,Pool 3 Veler Ditch,Located in Veler Ditch directly adjacent to the WCS connecting Pool 3 and Veler Ditch. Veler Ditch receives agricultural runoff.,41.63154,--83.21962,Veler Ditch,wcs,bidirectional,,"coastal
lotic influence",A,1,,"in situ physicochemistry
soil sampling
water level
water sampling",No,,,Routine. Unmarked. Some redundancy between OTTN_02 and OTTN_05 due to proximity. Soil sampling is dangerous. Intended to hydrologically connect Pool 3 and Veler Ditch.,18,,rmarques@kent.edu,12/14/22 7:59 AM,cell-link@smartsheet.com,10/13/25 7:56 AM,OTTN,
03/20/23,TRUE,,,UT,4. Ottawa NWR,4,OTTN,Ottawa NWR,OTTN_03,Pool 3 WCS,Located in Pool 3 directly adjacent to the WCS connecting Pool 3 and Veler Ditch. Pool 3 is managed for ecosystem integrity and native/invasive species densities.,41.63190,--83.21961,Pool 3,wcs,bidirectional,,"coastal
lentic influence",NA,NA,,"in situ physicochemistry
soil sampling
water level
water sampling",No,,,Routine. Ummarked. Intended to hydrologically connect Pool 3 and Veler Ditch.,10,,rmarques@kent.edu,12/14/22 7:59 AM,cell-link@smartsheet.com,10/13/25 7:56 AM,OTTN,
03/20/23,TRUE,,,UT,4. Ottawa NWR,4,OTTN,Ottawa NWR,OTTN_04,MS5 Center,"Located in the ""pelagic"" zone in MS5; kayak needed. Almost impossible to reach due to Typha densities. MS5 is managed for ecosystem integrity and native/invasive species densities.",41.62805,--83.21911,MS5,pool,NA,,"coastal
lentic influence",NA,NA,,"in situ physicochemistry
water level
water sampling",No,,,Routine. Unmarked.,10,,rmarques@kent.edu,12/14/22 7:59 AM,cell-link@smartsheet.com,10/13/25 7:56 AM,OTTN,
03/20/23,TRUE,03/20/25,TRUE,UT,4. Ottawa NWR,4,OTTN,Ottawa NWR,OTTN_05,MS5 Veler Ditch,Located in Veler Ditch directly adjacent to the WCS connecting MS5 and Veler Ditch. Veler Ditch receives agricultural runoff.,41.63153,--83.21862,Veler Ditch,wcs,bidirectional,,"coastal
lotic influence",A,1,,"in situ physicochemistry
soil sampling
water level
water sampling",No,,,Routine. Unmarked. Some redundancy between OTTN_02 and OTTN_05 due to proximity. Soil sampling is dangerous. Intended to hydrologically connect MS5 and Veler Ditch.,15,,rmarques@kent.edu,12/14/22 7:59 AM,cell-link@smartsheet.com,10/13/25 7:56 AM,,
03/20/23,TRUE,,,UT,4. Ottawa NWR,4,OTTN,Ottawa NWR,OTTN_06,MS5 WCS,Located in MS5 directly adjacent to the WCS connecting MS5 and Veler Ditch. MS5 is managed for ecosystem integrity and native/invasive species densities.,41.63113,--83.21857,MS5,wcs,bidirectional,,"coastal
lentic influence",NA,NA,,"in situ physicochemistry
soil sampling
water level
water sampling",No,,,Routine. Unmarked.  Intended to hydrologically connect MS5 and Veler Ditch.,7,,rmarques@kent.edu,12/14/22 7:59 AM,cell-link@smartsheet.com,10/13/25 7:56 AM,OTTN,
03/20/23,TRUE,,,UT,4. Ottawa NWR,4,OTTN,Ottawa NWR,OTTN_07,Crane Creek,"Representative of Crane Creek, an ""estuary"" that connects Veler Ditch and Lake Erie. To access, the technician needs a kayak.",41.63148,--83.21176,Crane Creek,creek,downstream,,"coastal
lotic influence",B,1,,"in situ physicochemistry
water level
water sampling",No,,,Routine. Unmarked. Rarely sampled due to vegetation and eagles.,11,,rmarques@kent.edu,12/14/22 7:59 AM,cell-link@smartsheet.com,10/13/25 7:56 AM,OTTN,
03/19/25,TRUE,,,UT,4. Ottawa NWR,4,OTTN,Ottawa NWR,OTTN_08,Upstream Veler Ditch,Located in Veler Ditch upstream of WCSs connecting wetland units and Veler Ditch. Veler Ditch receives agricultural runoff.,41.63150,--83.22830,Veler Ditch,ditch,upstream,,"coastal
lotic influence",A,,,"in situ physicochemistry
water level
water sampling",No,,,Captures upstream conditions of water flowing into wetlands without influence from Crane Creek or water flowing out of wetlands.,20,,leticia.sandoval@utoledo.edu,03/19/25 10:36 AM,cell-link@smartsheet.com,10/13/25 7:56 AM,OTTN,
03/20/23,TRUE,,,WS,96. Perfect Creek,96,PERC,Perfect Creek,PERC_01,Perfect Creek Upstream,Perfect Creek upstream of the inflow to Perfect Creek wetland,40.26344,--82.81516,Perfect Creek,creek,upstream,,,,,,,No,,,,22,,rmarques@kent.edu,12/14/22 7:59 AM,cell-link@smartsheet.com,10/13/25 7:56 AM,PERC,
03/20/23,TRUE,,,WS,96. Perfect Creek,96,PERC,Perfect Creek,PERC_02,Perfect Creek Downstream,Perfect Creek just downstream of the outflow of the Spring Creek Wetland,40.26149,--82.81848,Perfect Creek,creek,downstream,,,,,,,No,,,,24,,rmarques@kent.edu,12/14/22 7:59 AM,cell-link@smartsheet.com,10/13/25 7:56 AM,PERC,
03/20/23,TRUE,,,WS,96. Perfect Creek,96,PERC,Perfect Creek,PERC_03,Perfect Creek Wetland,Shallow pool that is closest to wetland outflow,,,Wetland,pool,NA,,,,,,,No,,,,21,,rmarques@kent.edu,12/14/22 7:59 AM,cell-link@smartsheet.com,10/13/25 7:56 AM,PERC,
03/20/23,TRUE,,,WS,96. Perfect Creek,96,PERC,Perfect Creek,PERC_04,Dry Run Upstream,Dry Run just upstream of the inflow into Dry Run Wetland,40.26112,--82.81701,Dry Run,creek,upstream,,,,,,,No,,,,16,,rmarques@kent.edu,12/14/22 7:59 AM,cell-link@smartsheet.com,10/13/25 7:56 AM,PERC,
07/17/23,TRUE,,,WS,96. Perfect Creek,96,PERC,Perfect Creek,PERC_05,Dry Run Downstream,Dry Run just downstream of the outflow of Dry Run Wetland,40.26124,--82.81826,Dry Run,creek,downstream,,,,,,,No,,,,18,,morgan.grunden@wright.edu,07/10/23 10:21 AM,cell-link@smartsheet.com,10/13/25 7:56 AM,PERC,
07/17/23,TRUE,,,WS,96. Perfect Creek,96,PERC,Perfect Creek,PERC_06,Dry Run Wetland,Shallow pool closest to confluence of perfect creek and dry run,,,Wetland,pool,NA,,,,,,,No,,,,15,,morgan.grunden@wright.edu,07/10/23 10:21 AM,cell-link@smartsheet.com,10/13/25 7:56 AM,PERC,
10/01/24,TRUE,,,KS,9. Pickerel Creek,9,PICC,Pickerel Creek,PICC_01,Pickerel Creek Upstream,,,,Pickerel Creek,creek,upstream,,,,,,,,,,,23,,rmarques@kent.edu,07/15/24 9:04 AM,cell-link@smartsheet.com,10/13/25 7:56 AM,PICC,
10/01/24,TRUE,,,KS,9. Pickerel Creek,9,PICC,Pickerel Creek,PICC_02,Pickerel Creek Downstream,,,,Pickerel Creek,creek,downstream,,,,,,,,,,,25,,rmarques@kent.edu,07/15/24 9:04 AM,cell-link@smartsheet.com,10/13/25 7:56 AM,PICC,
10/01/24,TRUE,,,KS,152. Pickerel East,152,PICE,Pickerel East,PICE_01,Pickerel Creek East,,,,,,,,,,,,,,,,,19,,rmarques@kent.edu,07/15/24 8:59 AM,cell-link@smartsheet.com,10/13/25 7:56 AM,PICE,
10/01/24,TRUE,,,KS,152. Pickerel East,152,PICE,Pickerel East,PICE_02,Sandusky Bay,Offshore site,,,,,,,,,,,,,,,,12,,rmarques@kent.edu,07/15/24 9:08 AM,cell-link@smartsheet.com,10/13/25 7:56 AM,PICE,
10/01/24,TRUE,,,UT,153. Pickerel West,153,PICW,Pickerel West,PICW_01,Pickerel Creek West,,,,,,,,,,,,,,,,,19,,rmarques@kent.edu,07/15/24 9:04 AM,cell-link@smartsheet.com,10/13/25 7:56 AM,PICW,
10/01/24,TRUE,,,UT,153. Pickerel West,153,PICW,Pickerel West,PICW_02,Dices Ditch,,,,,,,,,,,,,,,,,11,,rmarques@kent.edu,07/15/24 9:04 AM,cell-link@smartsheet.com,10/13/25 7:56 AM,PICW,
10/01/24,TRUE,,,UT,153. Pickerel West,153,PICW,Pickerel West,PICW_03,Sandusky Bay,Offshore site,,,,,,,,,,,,,,,,12,,rmarques@kent.edu,07/15/24 9:08 AM,cell-link@smartsheet.com,10/13/25 7:56 AM,PICW,
10/01/24,TRUE,,,,7. Racoon Creek,#NO MATCH,#NO MATCH,#NO MATCH,RACC_01,Racoon Creek,,,,,,,,,,,,,,,,,12,,rmarques@kent.edu,07/15/24 9:08 AM,rmarques@kent.edu,12/17/24 11:25 AM,#NO MATCH,
10/01/24,TRUE,,,,7. Racoon Creek,#NO MATCH,#NO MATCH,#NO MATCH,RACC_02,Sandusky Bay,Offshore site,,,,,,,,,,,,,,,,12,,rmarques@kent.edu,07/15/24 9:08 AM,rmarques@kent.edu,12/17/24 11:25 AM,#NO MATCH,
03/20/23,TRUE,,TRUE,WS,104. Rainbow Run,104,RAIR,Rainbow Run,RAIR_01,Rainbow Run (Inflow),,,,,,,,,,,,,No,,,,20,,rmarques@kent.edu,12/14/22 7:59 AM,cell-link@smartsheet.com,10/13/25 7:56 AM,,
03/20/23,TRUE,,TRUE,WS,104. Rainbow Run,104,RAIR,Rainbow Run,RAIR_02,Mid Wetland,,,,,,,,,,,,,No,,,,11,,rmarques@kent.edu,12/14/22 7:59 AM,cell-link@smartsheet.com,10/13/25 7:56 AM,,
03/20/23,TRUE,,TRUE,WS,104. Rainbow Run,104,RAIR,Rainbow Run,RAIR_03,Late Wetland (outflow/downstream),,,,,,,,,,,,,No,,,,33,,rmarques@kent.edu,12/14/22 7:59 AM,cell-link@smartsheet.com,10/13/25 7:56 AM,,
03/20/23,TRUE,,,HU,16. Redhorse Bend,16,REDB,Redhorse Bend,REDB_01,Pool 1A,Northern portion of Pool 1. This pool is connected to Ditch 2 and the Sandusky River during high flow,41.36929,--83.10063,Pool 1,pool,bidirectional,connected_during_events,"floodplain
lotic influence
precipitation",A,3,,"sensor network
soil sampling
water level
water sampling",No,,TRUE,Routine,7,,rmarques@kent.edu,12/14/22 7:59 AM,jboehler@heidelberg.edu,03/17/26 11:33 AM,REDB,
03/20/23,TRUE,,,HU,16. Redhorse Bend,16,REDB,Redhorse Bend,REDB_02,Pool 1B,Southern portion of Pool 1. This pools receives inflow from Ditch 2 and a natural spring,41.36863,--83.10084,Pool 1,pool,bidirectional,connected_during_events,"floodplain
lotic influence
precipitation",A,2,,"soil sampling
water level
water sampling",No,,TRUE,Routine,7,,rmarques@kent.edu,12/14/22 7:59 AM,jboehler@heidelberg.edu,03/17/26 11:33 AM,REDB,
03/20/23,TRUE,,,HU,16. Redhorse Bend,16,REDB,Redhorse Bend,REDB_03,Pool 2,Pool to the west of Pool 1. During high flow Pool 2 connects to Pool 1 and 3.,41.36850,--83.10152,Pool 2,pool,bidirectional,connected_during_events,"floodplain
lotic influence
precipitation",A,4,,"sensor network
soil sampling
water level
water sampling",No,,TRUE,Routine,6,,rmarques@kent.edu,12/14/22 7:59 AM,jboehler@heidelberg.edu,03/17/26 11:33 AM,REDB,
03/20/23,TRUE,,,HU,16. Redhorse Bend,16,REDB,Redhorse Bend,REDB_04,Pool 3A,Pool to the west of Pool 2. During high flow Pool 3A connects to Pool 2,41.36828,--83.10206,Pool 3,pool,bidirectional,connected_during_events,"floodplain
lotic influence
precipitation",A,5,,"sensor network
soil sampling
water level
water sampling",No,,TRUE,Routine,7,,rmarques@kent.edu,12/14/22 7:59 AM,jboehler@heidelberg.edu,03/17/26 11:33 AM,REDB,
03/20/23,TRUE,,,HU,16. Redhorse Bend,16,REDB,Redhorse Bend,REDB_05,Pool 3B,Pool to the west of Pool 2 and east of Pool 4.  During high flow pools are connected,41.36824,--83.10263,Pool 3,pool,bidirectional,connected_during_events,"floodplain
lotic influence
precipitation",A,6,,"sensor network
soil sampling
water level
water sampling",No,,TRUE,Routine,7,,rmarques@kent.edu,12/14/22 7:59 AM,jboehler@heidelberg.edu,03/17/26 11:33 AM,REDB,
03/20/23,TRUE,,,HU,16. Redhorse Bend,16,REDB,Redhorse Bend,REDB_06,Pool 4,Pool to the west of Pool 3,41.36800,--83.10323,Pool 4,pool,bidirectional,connected_during_events,"floodplain
lotic influence
precipitation",A,7,,"sensor network
soil sampling
water level
water sampling",No,,TRUE,Routine,6,,rmarques@kent.edu,12/14/22 7:59 AM,jboehler@heidelberg.edu,03/17/26 11:33 AM,REDB,
03/20/23,TRUE,,,HU,16. Redhorse Bend,16,REDB,Redhorse Bend,REDB_07,Pool 5,Pool to the west of Pool 4,41.36749,--83.10390,Pool 5,pool,bidirectional,connected_during_events,"floodplain
lotic influence
precipitation",A,8,,"sensor network
soil sampling
water level
water sampling",No,,TRUE,Routine,6,,rmarques@kent.edu,12/14/22 7:59 AM,jboehler@heidelberg.edu,03/17/26 11:33 AM,REDB,
03/20/23,TRUE,,,HU,16. Redhorse Bend,16,REDB,Redhorse Bend,REDB_08,Pool 6,Isolated pool in the southern portion of the project. Pool receives run off from the surrounding wet meadow and from adjacent freeway.,41.36628,--83.10539,Pool 6,pool,bidirectional,never_connected,"floodplain
lotic influence
precipitation",A,9,,"soil sampling
water level
water sampling",No,,TRUE,Routine,6,,rmarques@kent.edu,12/14/22 7:59 AM,jboehler@heidelberg.edu,03/17/26 11:33 AM,REDB,
03/20/23,TRUE,,,HU,16. Redhorse Bend,16,REDB,Redhorse Bend,REDB_09,Sandusky River,During high flow the Sandusky River enters the project through Ditch 2 and floods Pools 1-5 and the ABC pools,41.36681,--83.10645,River,river,NA,adjacent_waterbody,lotic influence,A,1,,"water level
water sampling",No,,TRUE,Routine,14,,rmarques@kent.edu,12/14/22 7:59 AM,jboehler@heidelberg.edu,03/17/26 11:37 AM,REDB,
03/20/23,TRUE,,,HU,16. Redhorse Bend,16,REDB,Redhorse Bend,REDB_10,Ditch 2 S,Inflow into the project from the Sandusky River,41.36869,--83.10049,Ditch,ditch,bidirectional,connected_during_events,lotic influence,A,3,,"soil sampling
water level
water sampling",No,,TRUE,Routine,9,,rmarques@kent.edu,12/14/22 7:59 AM,jboehler@heidelberg.edu,03/17/26 11:33 AM,REDB,
03/20/23,TRUE,,,HU,16. Redhorse Bend,16,REDB,Redhorse Bend,REDB_11,Ditch 2 N,Inflow into the project from the Sandusky River,41.36950,--83.10038,Ditch,ditch,bidirectional,connected_during_events,lotic influence,A,2,,"sensor network
soil sampling
staff gauge
water level
water sampling",No,,TRUE,Routine,9,,rmarques@kent.edu,12/14/22 7:59 AM,jboehler@heidelberg.edu,03/17/26 11:33 AM,REDB,
03/20/23,TRUE,,,HU,16. Redhorse Bend,16,REDB,Redhorse Bend,REDB_12,Spring,Natural flowing into Pool 1B from the southern edge,41.36847,--83.10070,Pool 1,spring,inlet,connected_during_events,"groundwater
wetland feature",C,1,,water sampling,No,,TRUE,Routine,6,,rmarques@kent.edu,12/14/22 7:59 AM,jboehler@heidelberg.edu,03/17/26 11:33 AM,REDB,
03/20/23,TRUE,,,HU,16. Redhorse Bend,16,REDB,Redhorse Bend,REDB_13,Pond A,"ABC pools adjacent to the Sandusky River. ""A"" connects to Pools 1 and 2 during high flow",41.36928,--83.10115,ABC pools,pool,bidirectional,connected_during_events,"floodplain
lotic influence
precipitation",AB,1,,"sensor network
soil sampling
water level
water sampling",No,,TRUE,Routine,6,,rmarques@kent.edu,12/14/22 7:59 AM,jboehler@heidelberg.edu,03/17/26 11:33 AM,REDB,
03/20/23,TRUE,,,HU,16. Redhorse Bend,16,REDB,Redhorse Bend,REDB_14,Pond B,"ABC pools adjacent to the Sandusky River. ""B"" connects to Pools 2 and ""A"" during high flow",41.36926,--83.10153,ABC pools,pool,bidirectional,connected_during_events,"floodplain
lotic influence
precipitation",AB,2,,"sensor network
soil sampling
water level
water sampling",No,,TRUE,Routine,6,,rmarques@kent.edu,12/14/22 7:59 AM,jboehler@heidelberg.edu,03/17/26 11:33 AM,REDB,
03/20/23,TRUE,,,HU,16. Redhorse Bend,16,REDB,Redhorse Bend,REDB_15,Pond C,"ABC pools adjacent to the Sandusky River. ""C"" connects to ""B"" during high flow",41.36934,--83.10184,ABC pools,pool,bidirectional,connected_during_events,"floodplain
lotic influence
precipitation",AB,3,,"soil sampling
water level
water sampling",No,,TRUE,Routine,6,,rmarques@kent.edu,12/14/22 7:59 AM,jboehler@heidelberg.edu,03/17/26 11:33 AM,REDB,
03/20/23,TRUE,,,HU,16. Redhorse Bend,16,REDB,Redhorse Bend,REDB_16,Pond D,"ABC pools adjacent to the Sandusky River. Remains dry for majority of the year, receives water from precipitation",41.36926,--83.10232,ABC pools,pool,bidirectional,connected_during_events,"floodplain
lotic influence
precipitation",AB,4,,"soil sampling
water level
water sampling",No,,TRUE,Routine,6,,rmarques@kent.edu,12/14/22 7:59 AM,jboehler@heidelberg.edu,03/17/26 11:33 AM,REDB,
03/20/23,TRUE,,,HU,16. Redhorse Bend,16,REDB,Redhorse Bend,REDB_17,Pond E,"ABC pools adjacent to the Sandusky River. ""A"" connects to Pools 1 and 2 during high flow",41.36916,--83.10303,ABC pools,pool,bidirectional,connected_during_events,"floodplain
lotic influence
precipitation",AB,5,,"soil sampling
water level
water sampling",No,,TRUE,Routine,6,,rmarques@kent.edu,12/14/22 7:59 AM,jboehler@heidelberg.edu,03/17/26 11:33 AM,REDB,
03/20/23,TRUE,,,HU,16. Redhorse Bend,16,REDB,Redhorse Bend,REDB_18,Pond F,"ABC pools adjacent to the Sandusky River. ""A"" connects to Pools 1 and 2 during high flow",41.36893,--83.10408,ABC pools,pool,bidirectional,connected_during_events,"floodplain
lotic influence
precipitation",AB,6,,"soil sampling
water level
water sampling",No,,TRUE,Routine,6,,rmarques@kent.edu,12/14/22 7:59 AM,jboehler@heidelberg.edu,03/17/26 11:33 AM,REDB,
03/20/23,TRUE,,,HU,16. Redhorse Bend,16,REDB,Redhorse Bend,REDB_19,Pond G,"ABC pools adjacent to the Sandusky River. ""A"" connects to Pools 1 and 2 during high flow",41.36860,--83.10471,ABC pools,pool,bidirectional,connected_during_events,"floodplain
lotic influence
precipitation",AB,7,,"soil sampling
water level
water sampling",No,,TRUE,Routine,6,,rmarques@kent.edu,12/14/22 7:59 AM,jboehler@heidelberg.edu,03/17/26 11:33 AM,REDB,
03/20/23,TRUE,,,BG,10. St. Joe's Confluence,10,SJCO,St. Joe's Confluence,SJCO_01,Wetland Pool 1,North and slightly east of gravel parking area at NW CRP field,41.64969,--84.57132,Pool 1,pool,NA,,"depressional
floodplain",NA,NA,NA,"in situ physicochemistry
sensor network
soil sampling
water sampling",No,,,,14,,rmarques@kent.edu,12/14/22 7:59 AM,cell-link@smartsheet.com,10/13/25 7:56 AM,SJCO,
03/20/23,TRUE,,,BG,10. St. Joe's Confluence,10,SJCO,St. Joe's Confluence,SJCO_02,Wetland Pool 2,"Central to the NW CRP field, indistinct boundaries",41.64894,--84.57012,Pool 2,pool,NA,,"depressional
floodplain",NA,NA,NA,"in situ physicochemistry
soil sampling
water sampling",No,,,,14,,rmarques@kent.edu,12/14/22 7:59 AM,cell-link@smartsheet.com,10/13/25 7:56 AM,SJCO,
03/20/23,TRUE,,,BG,10. St. Joe's Confluence,10,SJCO,St. Joe's Confluence,SJCO_03,Wetland Pool 3,Eastern end of WN CRP field,41.64833,--84.56896,Pool 3,pool,NA,,"depressional
floodplain",NA,NA,NA,"in situ physicochemistry
soil sampling
water sampling",No,,,,14,,rmarques@kent.edu,12/14/22 7:59 AM,cell-link@smartsheet.com,10/13/25 7:56 AM,SJCO,
03/20/23,TRUE,,,BG,10. St. Joe's Confluence,10,SJCO,St. Joe's Confluence,SJCO_04,Oxbow Wetland,Runs along western edge of Pool 1. Stretches from northern edge of the restoration area southward in a C-curve towards the parking lot,41.64996,--84.57169,Oxbow Wetland,pool,NA,,"depressional
floodplain",NA,NA,NA,"in situ physicochemistry
soil sampling
water sampling",No,,,,13,,rmarques@kent.edu,12/14/22 7:59 AM,cell-link@smartsheet.com,10/13/25 7:56 AM,SJCO,
03/20/23,TRUE,,,BG,10. St. Joe's Confluence,10,SJCO,St. Joe's Confluence,SJCO_05,St. Joe River West Branch,Sampled North and east of Pool 1,41.65002,--84.56805,St. Joe West Branch,river,NA,,lotic influence,NA,NA,NA,"in situ physicochemistry
soil sampling
water sampling",No,,,,25,,rmarques@kent.edu,12/14/22 7:59 AM,cell-link@smartsheet.com,10/13/25 7:56 AM,SJCO,
03/20/23,TRUE,,,BG,10. St. Joe's Confluence,10,SJCO,St. Joe's Confluence,SJCO_06,Wetland Pool 4,NE quadrant of SE ag field,41.64743,--84.56388,Pool 4,pool,NA,,"depressional
floodplain",NA,NA,NA,"in situ physicochemistry
sensor network
soil sampling
water sampling",No,,,,14,,rmarques@kent.edu,12/14/22 7:59 AM,cell-link@smartsheet.com,10/13/25 7:56 AM,SJCO,
03/20/23,TRUE,,,BG,10. St. Joe's Confluence,10,SJCO,St. Joe's Confluence,SJCO_07,Wetland Pool 4 South Lobe,Western edge of the site just south of P 4,41.64705,--84.56398,Pool 4,pool,NA,,"depressional
floodplain",NA,NA,NA,"in situ physicochemistry
soil sampling
water sampling",No,,,,25,,rmarques@kent.edu,12/14/22 7:59 AM,cell-link@smartsheet.com,10/13/25 7:56 AM,SJCO,
03/20/23,TRUE,,,BG,10. St. Joe's Confluence,10,SJCO,St. Joe's Confluence,SJCO_08,Wetland Pool 5,Indistinct boundary north of Pool 6,41.64516,--84.56373,Pool 5,pool,NA,,"depressional
floodplain",NA,NA,NA,"in situ physicochemistry
soil sampling
water sampling",No,,,,14,,rmarques@kent.edu,12/14/22 7:59 AM,cell-link@smartsheet.com,10/13/25 7:56 AM,SJCO,
03/20/23,TRUE,,,BG,10. St. Joe's Confluence,10,SJCO,St. Joe's Confluence,SJCO_09,Wetland Pool 5 Extension,Long thin tail of Pool 5 that extends east-west.,41.64534,--84.56480,Pool 5,pool,NA,,"depressional
floodplain",NA,NA,NA,"in situ physicochemistry
soil sampling
water sampling",No,,,,24,,rmarques@kent.edu,12/14/22 7:59 AM,cell-link@smartsheet.com,10/13/25 7:56 AM,SJCO,
03/20/23,TRUE,,,BG,10. St. Joe's Confluence,10,SJCO,St. Joe's Confluence,SJCO_10,Wetland Pool 6,Large shallow pool north of P 7.,41.64446,--84.56416,Pool 6,pool,NA,,depressional,NA,NA,NA,"in situ physicochemistry
sensor network
soil sampling
water sampling",No,,,,14,,rmarques@kent.edu,12/14/22 7:59 AM,cell-link@smartsheet.com,10/13/25 7:56 AM,SJCO,
03/20/23,TRUE,,,BG,10. St. Joe's Confluence,10,SJCO,St. Joe's Confluence,SJCO_11,Wetland Pool 7,Shallow area that rarely holds water. Southernmost pool of the SE ag field.,41.64342,--84.56367,Pool 7,pool,NA,,depressional,NA,NA,NA,"in situ physicochemistry
soil sampling
water sampling",No,,,,14,,rmarques@kent.edu,12/14/22 7:59 AM,cell-link@smartsheet.com,10/13/25 7:56 AM,SJCO,
03/20/23,TRUE,,,BG,10. St. Joe's Confluence,10,SJCO,St. Joe's Confluence,SJCO_12,Wetland Pool 8,Extreme NW corner of the SE ag field,41.64777,--84.56501,Pool 8,pool,NA,,"depressional
floodplain",NA,NA,NA,"in situ physicochemistry
soil sampling
water sampling",No,,,,14,,rmarques@kent.edu,12/14/22 7:59 AM,cell-link@smartsheet.com,10/13/25 7:56 AM,SJCO,
03/20/23,TRUE,,,BG,10. St. Joe's Confluence,10,SJCO,St. Joe's Confluence,SJCO_13,St. Joe River East Branch,East of Pool 8.,41.64798,--84.56562,St. Joe East Branch,river,NA,,lotic influence,NA,NA,NA,"in situ physicochemistry
soil sampling
water sampling",No,,,Rarely sampled.,25,,rmarques@kent.edu,12/14/22 7:59 AM,cell-link@smartsheet.com,10/13/25 7:56 AM,SJCO,
08/01/23,TRUE,,,BG,10. St. Joe's Confluence,10,SJCO,St. Joe's Confluence,SJCO_14,Unnamed tributary,North of Pool 4.,41.64815,--84.56368,NA,creek,NA,,lotic influence,NA,NA,NA,"in situ physicochemistry
soil sampling
water sampling",No,,,This is a tributary that connects to a ditch and runs to the East Branch of the St. Joe River at the north end of the southeast former ag field part of this project.,17,,midden@bgsu.edu,07/25/23 11:42 AM,cell-link@smartsheet.com,10/13/25 7:56 AM,SJCO,
08/01/23,TRUE,,,BG,10. St. Joe's Confluence,10,SJCO,St. Joe's Confluence,SJCO_15,Oxbow off river near pool 3,SE corner of NW CRP field.,41.64751,--84.56779,NA,pool,NA,,floodplain,NA,NA,NA,"in situ physicochemistry
soil sampling
water sampling",No,,,"Rarely sampled. This is an oxbow wetland only connected to the St. Joe at high water level at the southeast end of the northwest former CRP field part of this project site. Originally named ""Oxbow off the river near pool 3"", changed on 8/12/14 by G. Hunt.",27,,midden@bgsu.edu,07/25/23 11:42 AM,cell-link@smartsheet.com,10/13/25 7:56 AM,SJCO,
08/01/23,TRUE,,,BG,10. St. Joe's Confluence,10,SJCO,St. Joe's Confluence,SJCO_16,St. Joe loop tributary,Adjacent to SE ag field,41.64542,--84.56532,NA,creek,NA,,lotic influence,NA,NA,NA,"in situ physicochemistry
soil sampling
water sampling",No,,,Rarely sampled. This is a short oxbow-like tributary that loops around connecting to the St. Joe River at both its ends. It is adjacent to the southeast former ag field part of this project site.,22,,midden@bgsu.edu,08/01/23 8:48 AM,cell-link@smartsheet.com,10/13/25 7:56 AM,SJCO,
10/01/24,TRUE,,,BG,10. St. Joe's Confluence,10,SJCO,St. Joe's Confluence,SJCO_17,Oxbow_U,Upland area west of Oxbow.,41.64975,--84.57214,Oxbow Wetland,upland,NA,,NA,NA,NA,NA,soil sampling,,,,,7,,gkhunt@bgsu.edu,06/12/24 8:52 AM,cell-link@smartsheet.com,10/13/25 7:56 AM,SJCO,
10/01/24,TRUE,,,BG,10. St. Joe's Confluence,10,SJCO,St. Joe's Confluence,SJCO_18,Pool1_U,Upland area between P1 and P2.,41.64937,--84.57062,Pool 1,upland,NA,,NA,NA,NA,NA,soil sampling,,,,,7,,gkhunt@bgsu.edu,06/12/24 8:52 AM,cell-link@smartsheet.com,10/13/25 7:56 AM,SJCO,
10/01/24,TRUE,,,BG,10. St. Joe's Confluence,10,SJCO,St. Joe's Confluence,SJCO_19,Pool2_U,Upland area south of P2.,41.64864,--84.57082,Pool 2,upland,NA,,NA,NA,NA,NA,soil sampling,,,,,7,,gkhunt@bgsu.edu,06/12/24 8:52 AM,cell-link@smartsheet.com,10/13/25 7:56 AM,SJCO,
10/01/24,TRUE,,,BG,10. St. Joe's Confluence,10,SJCO,St. Joe's Confluence,SJCO_20,Pool3_U,Upland area between P2 and P3.,41.64878,--84.56963,Pool 3,upland,NA,,NA,NA,NA,NA,soil sampling,,,,,7,,gkhunt@bgsu.edu,06/12/24 8:52 AM,cell-link@smartsheet.com,10/13/25 7:56 AM,SJCO,
10/01/24,TRUE,,,BG,10. St. Joe's Confluence,10,SJCO,St. Joe's Confluence,SJCO_21,StJoeWest_U,Upland ridge next to St. Joe West Branch.,41.65105,--84.57157,St. Joe West Branch,upland,NA,,NA,NA,NA,NA,soil sampling,,,,,11,,gkhunt@bgsu.edu,06/12/24 8:52 AM,cell-link@smartsheet.com,10/13/25 7:56 AM,SJCO,
10/01/24,TRUE,,,BG,10. St. Joe's Confluence,10,SJCO,St. Joe's Confluence,SJCO_22,Pool6_U,Upland area east of pool 6.,41.64436,--84.56378,Pool 6,upland,NA,,NA,NA,NA,NA,soil sampling,,,,,7,,gkhunt@bgsu.edu,06/12/24 8:53 AM,cell-link@smartsheet.com,10/13/25 7:56 AM,SJCO,
10/01/24,TRUE,,,BG,10. St. Joe's Confluence,10,SJCO,St. Joe's Confluence,SJCO_23,Pool4_U,Upland area equidistant between P 4S and P 5.,41.64579,--84.56347,Pool 4S,upland,NA,,NA,NA,NA,NA,soil sampling,,,,,7,,gkhunt@bgsu.edu,06/12/24 8:55 AM,cell-link@smartsheet.com,10/13/25 7:56 AM,SJCO,
10/01/24,TRUE,,,BG,10. St. Joe's Confluence,10,SJCO,St. Joe's Confluence,SJCO_24,Pool8_U,Upland area east of P8.,41.64792,--84.56450,Pool 8,upland,NA,,NA,NA,NA,NA,soil sampling,,,,,7,,gkhunt@bgsu.edu,06/12/24 8:55 AM,cell-link@smartsheet.com,10/13/25 7:56 AM,SJCO,
03/20/23,TRUE,,,BG,11. St. Joe's Restoration/Farm & Floodplain,11,SJRE,St. Joe's Restoration/Farm & Floodplain,SJRE_01,North Tile,Just south of the road (SR-34).,41.52044,--84.70720,North Tile,tile,inlet,,direct tile input,A,1,q,"in situ physicochemistry
sensor network
soil sampling
water sampling",No,,,,10,,rmarques@kent.edu,12/14/22 7:59 AM,cell-link@smartsheet.com,10/13/25 7:56 AM,SJRE,
03/20/23,TRUE,,,BG,11. St. Joe's Restoration/Farm & Floodplain,11,SJRE,St. Joe's Restoration/Farm & Floodplain,SJRE_02,Northwest Tile,About midway along the Reach from Pool A to the Inlet of Pool C.,41.51925,--84.70876,Northwest Tile,tile,inlet,,direct tile input,A,5,r,"in situ physicochemistry
soil sampling
water sampling",No,,,,14,,rmarques@kent.edu,12/14/22 7:59 AM,cell-link@smartsheet.com,10/13/25 7:56 AM,SJRE,
03/20/23,TRUE,,,BG,11. St. Joe's Restoration/Farm & Floodplain,11,SJRE,St. Joe's Restoration/Farm & Floodplain,SJRE_03,Northeast Tile,South of the NW Tile along the Reach from A to C.,41.51889,--84.70807,Northeast Tile,tile,inlet,,direct tile input,AB,71,s,"in situ physicochemistry
soil sampling
water sampling",No,,,,14,,rmarques@kent.edu,12/14/22 7:59 AM,cell-link@smartsheet.com,10/13/25 7:56 AM,SJRE,
03/20/23,TRUE,,,BG,11. St. Joe's Restoration/Farm & Floodplain,11,SJRE,St. Joe's Restoration/Farm & Floodplain,SJRE_04,Wetland Pool A,Northernmost pool just east of the parking lot and private home.,41.51974,--84.70732,Wetland Pool A,pool,NA,,"direct tile input
flow-through",A,3,q,"groundwater well
in situ physicochemistry
sensor network
soil sampling
water sampling",No,,,,14,,rmarques@kent.edu,12/14/22 7:59 AM,cell-link@smartsheet.com,10/13/25 7:56 AM,SJRE,
03/20/23,TRUE,,,BG,11. St. Joe's Restoration/Farm & Floodplain,11,SJRE,St. Joe's Restoration/Farm & Floodplain,SJRE_05,Wetland Pool B,Largest deepest pool at the site. East edge of the site and directly east across from Pool C.,41.51633,--84.70664,Wetland Pool B,pool,NA,,"direct tile input
floodplain
flow-through",B,3,s,"in situ physicochemistry
sensor network
soil sampling
water sampling",No,,,,14,,rmarques@kent.edu,12/14/22 7:59 AM,cell-link@smartsheet.com,10/13/25 7:56 AM,SJRE,
03/20/23,TRUE,,,BG,11. St. Joe's Restoration/Farm & Floodplain,11,SJRE,St. Joe's Restoration/Farm & Floodplain,SJRE_06,Wetland Pool C,Large pool but more shallow than Pool B. Located centrally within the site west of B and east of D.,41.51666,--84.70883,Wetland Pool C,pool,NA,,"direct tile input
flow-through",A,10,"q
r
s","in situ physicochemistry
sensor network
soil sampling
water sampling",No,,,,14,,rmarques@kent.edu,12/14/22 7:59 AM,cell-link@smartsheet.com,10/13/25 7:56 AM,SJRE,
03/20/23,TRUE,,,BG,11. St. Joe's Restoration/Farm & Floodplain,11,SJRE,St. Joe's Restoration/Farm & Floodplain,SJRE_07,Wetland Pool D,"Westernmost pool, small and shallow and typically dry. West of the northern end of Pool C.",41.51682,--84.71013,Wetland Pool D,pool,NA,,"depressional
floodplain",NA,NA,NA,"in situ physicochemistry
soil sampling
water sampling",No,,,,14,,rmarques@kent.edu,12/14/22 7:59 AM,cell-link@smartsheet.com,10/13/25 7:56 AM,SJRE,
03/20/23,TRUE,,,BG,11. St. Joe's Restoration/Farm & Floodplain,11,SJRE,St. Joe's Restoration/Farm & Floodplain,SJRE_08,Wetland Pool E,Floodplain wetland that borders along the south end of the East Ditch.,41.51444,--84.70549,Wetland Pool E,pool,NA,,floodplain,NA,NA,NA,"in situ physicochemistry
soil sampling
water sampling",No,,,,14,,rmarques@kent.edu,12/14/22 7:59 AM,cell-link@smartsheet.com,10/13/25 7:56 AM,SJRE,
03/20/23,TRUE,,,BG,11. St. Joe's Restoration/Farm & Floodplain,11,SJRE,St. Joe's Restoration/Farm & Floodplain,SJRE_09,Wetland Pool F,North of Pool G. Bordered along its southern edge by an elevated ridge. Rarely receives water except for major floods.,41.51464,--84.70695,Wetland Pool F,pool,NA,,depressional,NA,NA,NA,"in situ physicochemistry
soil sampling
water sampling",No,,,,14,,rmarques@kent.edu,12/14/22 7:59 AM,cell-link@smartsheet.com,10/13/25 7:56 AM,SJRE,
03/20/23,TRUE,,,BG,11. St. Joe's Restoration/Farm & Floodplain,11,SJRE,St. Joe's Restoration/Farm & Floodplain,SJRE_10,Wetland Pool G,Southern edge of the site just before the woodland buffer and St. Joe River.,41.51380,--84.70666,Wetland Pool G,pool,NA,,"floodplain
flow-through",A,12,"q
r
s","in situ physicochemistry
sensor network
soil sampling
water sampling",No,,,,14,,rmarques@kent.edu,12/14/22 7:59 AM,cell-link@smartsheet.com,10/13/25 7:56 AM,SJRE,
03/20/23,TRUE,,,BG,11. St. Joe's Restoration/Farm & Floodplain,11,SJRE,St. Joe's Restoration/Farm & Floodplain,SJRE_11,Reach between NoT & WA,Short stretch of reach starting at the outlet of the North Tile and running to the north end of Pool A.,41.52022,--84.70728,Reach between NoT & WA,reach,connects LoIs,,direct tile input,A,2,q,"in situ physicochemistry
soil sampling
water sampling",No,,,,22,,rmarques@kent.edu,12/14/22 7:59 AM,cell-link@smartsheet.com,10/13/25 7:56 AM,SJRE,
03/20/23,TRUE,,,BG,11. St. Joe's Restoration/Farm & Floodplain,11,SJRE,St. Joe's Restoration/Farm & Floodplain,SJRE_12,Reach bw WA and NWT outlet,Stretches from the outlet of Pool A and joins with the outlet of the NW Tile.,41.51925,--84.70814,Reach bw WA and NWT outlet,reach,connects LoIs,,"direct tile input
flow-through
wetland feature",A,4,q,"in situ physicochemistry
soil sampling
water sampling",No,,,"Originally named ""Reach between WA & Intersection with NWT outlet"", changed on 8/12/14 by G. Hunt.",26,,rmarques@kent.edu,12/14/22 7:59 AM,cell-link@smartsheet.com,10/13/25 7:56 AM,SJRE,
03/20/23,TRUE,,,BG,11. St. Joe's Restoration/Farm & Floodplain,11,SJRE,St. Joe's Restoration/Farm & Floodplain,SJRE_13,Reach bw NW tile junction & WC,Stretches south of the junction between all 3 northern tiles to the inlet of Pool C.,41.51854,--84.70844,Reach bw NW tile junction & WC,reach,connects LoIs,,"direct tile input
flow-through",A,9,"q
r
s","in situ physicochemistry
soil sampling
water sampling",No,,,"Originally named ""Reach between NW tile junction & WC"", changed on 8/12/14 by G. Hunt.",30,,rmarques@kent.edu,12/14/22 7:59 AM,cell-link@smartsheet.com,10/13/25 7:56 AM,SJRE,
03/20/23,TRUE,,,BG,11. St. Joe's Restoration/Farm & Floodplain,11,SJRE,St. Joe's Restoration/Farm & Floodplain,SJRE_14,Reach between WC & WG,Stretches from outlet of C to inlet of G.,41.51480,--84.70779,Reach between WC & WG,reach,connects LoIs,,"flow-through
wetland feature",A,11,"q
r
s","in situ physicochemistry
soil sampling
water sampling",No,,,,21,,rmarques@kent.edu,12/14/22 7:59 AM,cell-link@smartsheet.com,10/13/25 7:56 AM,SJRE,
03/20/23,TRUE,,,BG,11. St. Joe's Restoration/Farm & Floodplain,11,SJRE,St. Joe's Restoration/Farm & Floodplain,SJRE_15,Reach between WG & East Ditch,Stretches from the east end of G into the East Ditch.,41.51370,--84.70561,Reach between WG & East Ditch,reach,connects LoIs,,"floodplain
flow-through
wetland feature",A,13,"q
r
s","in situ physicochemistry
soil sampling
water sampling",No,,,,29,,rmarques@kent.edu,12/14/22 7:59 AM,cell-link@smartsheet.com,10/13/25 7:56 AM,SJRE,
03/20/23,TRUE,,,BG,11. St. Joe's Restoration/Farm & Floodplain,11,SJRE,St. Joe's Restoration/Farm & Floodplain,SJRE_16,Swale connecting WB tile to WB,Collects a portion of the water from the NE tile and goes underground to deliver to Pool B. Runs west to east starting just east of the north end of Pool C and into the inlet of B.,41.51706,--84.70806,Swale connecting WB tile to WB,swale,connects LoIs,,flow-through,B,2,s,"in situ physicochemistry
soil sampling
staff gauge
trail camera
water sampling",No,,,,30,,rmarques@kent.edu,12/14/22 7:59 AM,cell-link@smartsheet.com,10/13/25 7:56 AM,SJRE,
03/20/23,TRUE,,,BG,11. St. Joe's Restoration/Farm & Floodplain,11,SJRE,St. Joe's Restoration/Farm & Floodplain,SJRE_17,East Ditch,"Runs north-south along the eastern edge of the site, beginning at the outlet of B.",41.51480,--84.70513,East Ditch,ditch,bidirectional,,"floodplain
flow-through",AB,144,"q
r
s","in situ physicochemistry
soil sampling
water sampling",No,,,,10,,rmarques@kent.edu,12/14/22 7:59 AM,cell-link@smartsheet.com,10/13/25 7:56 AM,SJRE,
03/20/23,TRUE,,,BG,11. St. Joe's Restoration/Farm & Floodplain,11,SJRE,St. Joe's Restoration/Farm & Floodplain,SJRE_18,Ditch Extension,"Runs north-south along the eastern edge of the site, beginning from the wooded area to the north of B. Connects with the East Ditch.",41.51640,--84.70506,Ditch Extension,ditch,bidirectional,,floodplain,NA,NA,NA,,No,,,Rarely sampled.,15,,rmarques@kent.edu,12/14/22 7:59 AM,cell-link@smartsheet.com,10/13/25 7:56 AM,SJRE,
03/20/23,TRUE,,,BG,11. St. Joe's Restoration/Farm & Floodplain,11,SJRE,St. Joe's Restoration/Farm & Floodplain,SJRE_19,St. Joe River,South of Pools G and E and the woodland buffer along the southern boundary of the site.,41.51272,--84.70684,St. Joe River,river,downstream,,lotic influence,NA,NA,NA,"in situ physicochemistry
soil sampling
water sampling",No,,,,13,,rmarques@kent.edu,12/14/22 7:59 AM,cell-link@smartsheet.com,10/13/25 7:56 AM,SJRE,
03/20/23,TRUE,,,BG,11. St. Joe's Restoration/Farm & Floodplain,11,SJRE,St. Joe's Restoration/Farm & Floodplain,SJRE_20,Swale from NWT to RANWT,Short stretch from NW tile to the join with the Reach from A.,41.51897,--84.70876,Swale from NWT to RANWT,reach,connects LoIs,,direct tile input,A,6,r,"in situ physicochemistry
soil sampling
water sampling",No,,,"Only sampled when there is no flow to sample from NWT.  Originally named ""Reach between NWT & Intersection with RANWT"", changed on 8/12/14 by G. Hunt.",23,,rmarques@kent.edu,12/14/22 7:59 AM,cell-link@smartsheet.com,10/13/25 7:56 AM,SJRE,
03/20/23,TRUE,,,BG,11. St. Joe's Restoration/Farm & Floodplain,11,SJRE,St. Joe's Restoration/Farm & Floodplain,SJRE_21,Swale from NET &  RANWT,Short stretch from NE tile to the join with the Reach from A/NW Tile.,41.51890,--84.70856,Swale from NET &  RANWT,reach,connects LoIs,,direct tile input,A,8,s,"in situ physicochemistry
soil sampling
water sampling",No,,,"Only sampled when there is no flow to sample from NET. Originally named ""Reach between NET & Intersection with RANWT"", changed on 8/12/14 by G. Hunt.",23,,rmarques@kent.edu,12/14/22 7:59 AM,cell-link@smartsheet.com,10/13/25 7:56 AM,SJRE,
08/01/23,TRUE,,,BG,11. St. Joe's Restoration/Farm & Floodplain,11,SJRE,St. Joe's Restoration/Farm & Floodplain,SJRE_22,Existing Wetland,Inside wooded area just north of Pool B.,41.51724,--84.70500,Existing Wetland,pool,NA,,precipitation,NA,NA,NA,,No,,,Rarely sampled. This is a wetland in the woods that existed prior to construction that is now connected to the East Ditch via the ditch extension. Because of its effect on the water in the East Ditch I believe it is worth monitoring. Bob Midden,16,,midden@bgsu.edu,07/31/23 8:55 AM,cell-link@smartsheet.com,10/13/25 7:56 AM,SJRE,
10/01/24,TRUE,,,BG,11. St. Joe's Restoration/Farm & Floodplain,11,SJRE,St. Joe's Restoration/Farm & Floodplain,SJRE_23,North Tile_U,Upland area near North Tile.,41.52054,--84.70744,North Tile,upland,NA,,NA,NA,NA,NA,soil sampling,,,,,12,,gkhunt@bgsu.edu,06/12/24 10:04 AM,cell-link@smartsheet.com,10/13/25 7:56 AM,SJRE,
10/01/24,TRUE,,,BG,11. St. Joe's Restoration/Farm & Floodplain,11,SJRE,St. Joe's Restoration/Farm & Floodplain,SJRE_24,RNoTA_U,Upland area along Reach between NoT and A.,41.52027,--84.70759,Reach between NoT & WA,upland,NA,,NA,NA,NA,NA,soil sampling,,,,,7,,gkhunt@bgsu.edu,06/12/24 10:04 AM,cell-link@smartsheet.com,10/13/25 7:56 AM,SJRE,
10/01/24,TRUE,,,BG,11. St. Joe's Restoration/Farm & Floodplain,11,SJRE,St. Joe's Restoration/Farm & Floodplain,SJRE_25,Pool A Inlet,Inlet of Pool A.,41.52001,--84.70737,Pool A,pool,inlet,,"direct tile input
flow-through",A,,q,,,,,,12,,gkhunt@bgsu.edu,06/12/24 10:04 AM,cell-link@smartsheet.com,10/13/25 7:56 AM,SJRE,
10/01/24,TRUE,,,BG,11. St. Joe's Restoration/Farm & Floodplain,11,SJRE,St. Joe's Restoration/Farm & Floodplain,SJRE_26,Pool A Outlet,Outlet of Pool A.,41.51946,--84.70771,Pool A,pool,outlet,,flow-through,A,,q,,,,,,13,,gkhunt@bgsu.edu,06/12/24 10:04 AM,cell-link@smartsheet.com,10/13/25 7:56 AM,SJRE,
10/01/24,TRUE,,,BG,11. St. Joe's Restoration/Farm & Floodplain,11,SJRE,St. Joe's Restoration/Farm & Floodplain,SJRE_27,Pool A Inlet_U,Upland of Pool A Inlet.,41.52011,--84.70729,Pool A,upland,NA,,NA,NA,NA,NA,soil sampling,,,,,14,,gkhunt@bgsu.edu,06/12/24 10:04 AM,cell-link@smartsheet.com,10/13/25 7:56 AM,SJRE,
10/01/24,TRUE,,,BG,11. St. Joe's Restoration/Farm & Floodplain,11,SJRE,St. Joe's Restoration/Farm & Floodplain,SJRE_28,Pool A Outlet_U,Upland of Pool A Outlet.,41.51939,--84.70763,Pool A,upland,NA,,NA,NA,NA,NA,soil sampling,,,,,15,,gkhunt@bgsu.edu,06/12/24 10:04 AM,cell-link@smartsheet.com,10/13/25 7:56 AM,SJRE,
10/01/24,TRUE,,,BG,11. St. Joe's Restoration/Farm & Floodplain,11,SJRE,St. Joe's Restoration/Farm & Floodplain,SJRE_29,Pool A_U,"Upland of central Pool A, west of the pool boundary.",41.51977,--84.70726,Pool A,upland,NA,,NA,NA,NA,NA,soil sampling,,,,,8,,gkhunt@bgsu.edu,06/12/24 10:04 AM,cell-link@smartsheet.com,10/13/25 7:56 AM,SJRE,
10/01/24,TRUE,,,BG,11. St. Joe's Restoration/Farm & Floodplain,11,SJRE,St. Joe's Restoration/Farm & Floodplain,SJRE_30,RANWT_U,Upland of RANWT.,41.51934,--84.70821,Reach bw WA and NWT outlet,upland,NA,,NA,NA,NA,NA,soil sampling,,,,,7,,gkhunt@bgsu.edu,06/12/24 10:04 AM,cell-link@smartsheet.com,10/13/25 7:56 AM,SJRE,
10/01/24,TRUE,,,BG,11. St. Joe's Restoration/Farm & Floodplain,11,SJRE,St. Joe's Restoration/Farm & Floodplain,SJRE_31,NW Tile_U,Upland of NW Tile.,41.51914,--84.70872,Northwest Tile,upland,NA,,NA,NA,NA,NA,soil sampling,,,,,9,,gkhunt@bgsu.edu,06/12/24 10:04 AM,cell-link@smartsheet.com,10/13/25 7:56 AM,SJRE,
10/01/24,TRUE,,,BG,11. St. Joe's Restoration/Farm & Floodplain,11,SJRE,St. Joe's Restoration/Farm & Floodplain,SJRE_32,NE Tile_U,Upland of NE Tile.,41.51883,--84.70844,Northeast Tile,upland,NA,,NA,NA,NA,NA,soil sampling,,,,,9,,gkhunt@bgsu.edu,06/12/24 10:04 AM,cell-link@smartsheet.com,10/13/25 7:56 AM,SJRE,
10/01/24,TRUE,,,BG,11. St. Joe's Restoration/Farm & Floodplain,11,SJRE,St. Joe's Restoration/Farm & Floodplain,SJRE_33,R btw Tile Junction and C_U,Upland of Reach btw Tile Junction and C.,41.51839,--84.70853,Reach bw NW tile junction & WC,upland,NA,,NA,NA,NA,NA,soil sampling,,,,,27,,gkhunt@bgsu.edu,06/12/24 10:04 AM,cell-link@smartsheet.com,10/13/25 7:56 AM,SJRE,
10/01/24,TRUE,,,BG,11. St. Joe's Restoration/Farm & Floodplain,11,SJRE,St. Joe's Restoration/Farm & Floodplain,SJRE_34,Pool C Inlet,"Inlet of Pool C, about 5 meters up the reach.",41.51738,--84.70890,Pool C,reach,inlet,,"direct tile input
flow-through",A,,"q
r
s","flow
in situ physicochemistry
soil sampling
water sampling",,,,,12,,gkhunt@bgsu.edu,06/12/24 10:04 AM,cell-link@smartsheet.com,10/13/25 7:56 AM,SJRE,
10/01/24,TRUE,,,BG,11. St. Joe's Restoration/Farm & Floodplain,11,SJRE,St. Joe's Restoration/Farm & Floodplain,SJRE_35,Pool C Outlet,Outlet of Pool C.,41.51574,--84.70796,Pool C,pool,outlet,,flow-through,A,,"q
r
s","flow
in situ physicochemistry
soil sampling
water sampling",,,,,13,,gkhunt@bgsu.edu,06/12/24 10:04 AM,cell-link@smartsheet.com,10/13/25 7:56 AM,SJRE,
10/01/24,TRUE,,,BG,11. St. Joe's Restoration/Farm & Floodplain,11,SJRE,St. Joe's Restoration/Farm & Floodplain,SJRE_36,Pool C Inlet_U,Upland of Pool C inlet.,41.51757,--84.70888,Pool C,upland,NA,,NA,NA,NA,NA,soil sampling,,,,,14,,gkhunt@bgsu.edu,06/12/24 10:04 AM,cell-link@smartsheet.com,10/13/25 7:56 AM,SJRE,
10/01/24,TRUE,,,BG,11. St. Joe's Restoration/Farm & Floodplain,11,SJRE,St. Joe's Restoration/Farm & Floodplain,SJRE_37,Pool C Outlet_U,Upland of Pool C outlet.,41.51553,--84.70779,Pool C,upland,NA,,NA,NA,NA,NA,soil sampling,,,,,15,,gkhunt@bgsu.edu,06/12/24 10:04 AM,cell-link@smartsheet.com,10/13/25 7:56 AM,SJRE,
10/01/24,TRUE,,,BG,11. St. Joe's Restoration/Farm & Floodplain,11,SJRE,St. Joe's Restoration/Farm & Floodplain,SJRE_38,Pool C_U,Upland ridge between C and D.,41.51666,--84.70911,Pool C,upland,NA,,NA,NA,NA,NA,soil sampling,,,,,8,,gkhunt@bgsu.edu,06/12/24 10:04 AM,cell-link@smartsheet.com,10/13/25 7:56 AM,SJRE,
10/01/24,TRUE,,,BG,11. St. Joe's Restoration/Farm & Floodplain,11,SJRE,St. Joe's Restoration/Farm & Floodplain,SJRE_39,Swale_U,Upland area near Swale of B. Also counts as upland for Pool B Inlet.,41.51722,--84.70850,Swale connecting WB tile to WB,upland,NA,,NA,NA,NA,NA,soil sampling,,,,,7,,gkhunt@bgsu.edu,06/12/24 10:04 AM,cell-link@smartsheet.com,10/13/25 7:56 AM,SJRE,
10/01/24,TRUE,,,BG,11. St. Joe's Restoration/Farm & Floodplain,11,SJRE,St. Joe's Restoration/Farm & Floodplain,SJRE_40,Pool B Inlet,Inlet of Pool B.,41.51684,--84.70736,Pool B,pool,inlet,,"direct tile input
flow-through",B,,s,,,,,,12,,gkhunt@bgsu.edu,06/12/24 10:04 AM,cell-link@smartsheet.com,10/13/25 7:56 AM,SJRE,
10/01/24,TRUE,,,BG,11. St. Joe's Restoration/Farm & Floodplain,11,SJRE,St. Joe's Restoration/Farm & Floodplain,SJRE_41,Pool B Outlet,Outlet of Pool B.,41.51568,--84.70524,Pool B,pool,outlet,,"floodplain
flow-through",B,,s,"in situ physicochemistry
staff gauge
trail camera
water sampling",,,,,13,,gkhunt@bgsu.edu,06/12/24 10:04 AM,cell-link@smartsheet.com,10/13/25 7:56 AM,SJRE,
10/01/24,TRUE,,,BG,11. St. Joe's Restoration/Farm & Floodplain,11,SJRE,St. Joe's Restoration/Farm & Floodplain,SJRE_42,Pool B Outlet_U,Upland area near Pool B outlet.,41.51554,--84.70520,Pool B,upland,NA,,NA,NA,NA,NA,soil sampling,,,,,15,,gkhunt@bgsu.edu,06/12/24 10:04 AM,cell-link@smartsheet.com,10/13/25 7:56 AM,SJRE,
10/01/24,TRUE,,,BG,11. St. Joe's Restoration/Farm & Floodplain,11,SJRE,St. Joe's Restoration/Farm & Floodplain,SJRE_43,RCG_U,Upland area along RCG.,41.51523,--84.70752,Reach between WC & WG,upland,NA,,NA,NA,NA,NA,soil sampling,,,,,5,,gkhunt@bgsu.edu,06/12/24 10:06 AM,cell-link@smartsheet.com,10/13/25 7:56 AM,SJRE,
10/01/24,TRUE,,,BG,11. St. Joe's Restoration/Farm & Floodplain,11,SJRE,St. Joe's Restoration/Farm & Floodplain,SJRE_44,Pool G_U,Upland area north of Pool G.,41.51412,--84.70683,Pool G,upland,NA,,NA,NA,NA,NA,soil sampling,,,,,8,,gkhunt@bgsu.edu,06/12/24 10:06 AM,cell-link@smartsheet.com,10/13/25 7:56 AM,SJRE,
10/01/24,TRUE,,,BG,11. St. Joe's Restoration/Farm & Floodplain,11,SJRE,St. Joe's Restoration/Farm & Floodplain,SJRE_45,Pool F_U,Upland area south of Pool F.,41.51438,--84.70696,Pool F,upland,NA,,NA,NA,NA,NA,soil sampling,,,,,8,,gkhunt@bgsu.edu,06/12/24 10:06 AM,cell-link@smartsheet.com,10/13/25 7:56 AM,SJRE,
10/01/24,TRUE,,,BG,11. St. Joe's Restoration/Farm & Floodplain,11,SJRE,St. Joe's Restoration/Farm & Floodplain,SJRE_46,Pool E_U,Upland area west of Pool E.,41.51464,--84.70579,Pool E,upland,NA,,NA,NA,NA,NA,soil sampling,,,,,8,,gkhunt@bgsu.edu,06/12/24 10:06 AM,cell-link@smartsheet.com,10/13/25 7:56 AM,SJRE,
10/01/24,TRUE,,,BG,11. St. Joe's Restoration/Farm & Floodplain,11,SJRE,St. Joe's Restoration/Farm & Floodplain,SJRE_47,St. Joe River_U,Upland area near St. Joe River.,41.51294,--84.70629,St. Joe River,upland,NA,,NA,NA,NA,NA,soil sampling,,,,,15,,gkhunt@bgsu.edu,06/12/24 10:06 AM,cell-link@smartsheet.com,10/13/25 7:56 AM,SJRE,
10/01/24,TRUE,,,BG,11. St. Joe's Restoration/Farm & Floodplain,11,SJRE,St. Joe's Restoration/Farm & Floodplain,SJRE_48,East Ditch_U,Upland area west of the East Ditch.,41.51381,--84.70521,East Ditch,upland,NA,,NA,NA,NA,NA,soil sampling,,,,,12,,gkhunt@bgsu.edu,06/12/24 10:06 AM,cell-link@smartsheet.com,10/13/25 7:56 AM,SJRE,
10/01/24,TRUE,,,BG,11. St. Joe's Restoration/Farm & Floodplain,11,SJRE,St. Joe's Restoration/Farm & Floodplain,SJRE_49,East Ditch Northern End,"The north end of the East Ditch, near Pool B outlet and East Ag Field tile outlets.",41.51560,--84.70510,East Ditch,upland,NA,,NA,NA,NA,NA,soil sampling,,,,,23,,gkhunt@bgsu.edu,09/13/24 11:42 AM,cell-link@smartsheet.com,10/13/25 7:56 AM,SJRE,
10/01/24,TRUE,,,BG,11. St. Joe's Restoration/Farm & Floodplain,11,SJRE,St. Joe's Restoration/Farm & Floodplain,SJRE_50,East Ditch Southern End,"The south end of the East Ditch, near the outlet of the Reach from Pool G.",41.51369,--84.70510,East Ditch,upland,NA,,NA,NA,NA,NA,soil sampling,,,,,23,,gkhunt@bgsu.edu,09/13/24 11:42 AM,cell-link@smartsheet.com,10/13/25 7:56 AM,SJRE,
10/01/24,TRUE,,,BG,11. St. Joe's Restoration/Farm & Floodplain,11,SJRE,St. Joe's Restoration/Farm & Floodplain,SJRE_51,RGED_U,Upland area along RGED.,41.51381,--84.70643,Reach between WG & East Ditch,upland,NA,,NA,NA,NA,NA,soil sampling,,,,,6,,gkhunt@bgsu.edu,06/12/24 10:06 AM,cell-link@smartsheet.com,10/13/25 7:56 AM,SJRE,
03/20/23,TRUE,,TRUE,WS,95. Spencerville Stormwater,95,SPES,Spencerville Stormwater,SPES_01,Pool Open Water,,,,,,,,,,,,,No,,,,15,,rmarques@kent.edu,12/14/22 7:59 AM,cell-link@smartsheet.com,10/13/25 7:56 AM,,
03/20/23,TRUE,,,WS,95. Spencerville Stormwater,95,SPES,Spencerville Stormwater,SPES_02,Pool Outflow,Water control structure located on the north side of the outflow pool. Water and soil samples collected here.,40.70311,--84.35352,NA,pool,NA,,precipitation,AB,32,,"soil sampling
water sampling",Hold,,,,12,,rmarques@kent.edu,12/14/22 7:59 AM,cell-link@smartsheet.com,10/13/25 7:56 AM,SPES,
10/01/24,TRUE,,,WS,95. Spencerville Stormwater,95,SPES,Spencerville Stormwater,SPES_03,Field Tile Inflow,Tile that drains ag field south of the wetland. Water and soil samples collected here.,40.70218,--84.35236,NA,tile,NA,,direct tile input,A,1,,"soil sampling
water sampling",No,,,,17,,morgan.grunden@wright.edu,08/27/24 11:34 AM,cell-link@smartsheet.com,10/13/25 7:56 AM,SPES,
10/01/24,TRUE,,,WS,95. Spencerville Stormwater,95,SPES,Spencerville Stormwater,SPES_04,Town Tile Inflow,Tile that drains storm water runoff from town into the west side of the wetland. Water samples collected here.,40.702886,--84.35363,NA,tile,NA,,direct tile input,B,1,,water sampling,No,,,,16,,morgan.grunden@wright.edu,08/27/24 11:34 AM,cell-link@smartsheet.com,10/13/25 7:56 AM,SPES,
10/01/24,TRUE,,,WS,95. Spencerville Stormwater,95,SPES,Spencerville Stormwater,SPES_05,South Field Reference,Ag field south of the wetland. Soil sample taken here.,40.702114,--84.35298,NA,upland,NA,,NA,NA,NA,,soil sampling,No,,,,21,,morgan.grunden@wright.edu,08/27/24 12:08 PM,cell-link@smartsheet.com,10/13/25 7:56 AM,SPES,
10/01/24,TRUE,,,WS,95. Spencerville Stormwater,95,SPES,Spencerville Stormwater,SPES_06,North Marsh Pool,Shallow pool on the north side of the wetland. Water and soil samples collected here.,40.70253,--84.35283,NA,pool,NA,,precipitation,A,2,,"soil sampling
water sampling",Hold,,,,16,,morgan.grunden@wright.edu,08/27/24 12:04 PM,cell-link@smartsheet.com,10/13/25 7:56 AM,SPES,
10/01/24,TRUE,,,WS,95. Spencerville Stormwater,95,SPES,Spencerville Stormwater,SPES_07,South Marsh Pool,Shallow pool on the south west side of the wetland. Soil samples collected here.,40.70238,--84.35372,NA,pool,NA,,precipitation,NA,NA,,soil sampling,Hold,,,,16,,morgan.grunden@wright.edu,08/27/24 12:04 PM,cell-link@smartsheet.com,10/13/25 7:56 AM,SPES,
03/20/23,TRUE,,,WS,64. Springcreek Confluence,64,SPRC,Springcreek Confluence,SPRC_01,Spring Creek,Spring creek near the inflow notch of the wetland. Water samples collected here.,40.06900,--84.20945,NA,creek,bidirectional,adjacent_waterbody,lotic influence,B,1,,water sampling,No,,TRUE,,12,,rmarques@kent.edu,12/14/22 7:59 AM,haley.hoehn@wright.edu,03/17/26 5:44 AM,SPRC,
03/20/23,TRUE,,,WS,64. Springcreek Confluence,64,SPRC,Springcreek Confluence,SPRC_02,North Pool,Wetland pool that Spring Creek flows into during high flow events. Water and soil samples collected here.,40.06770,--84.21018,NA,pool,NA,connected_during_events,floodplain,B,2,,"soil sampling
staff gauge
water level
water sampling",Hold,,TRUE,,10,,rmarques@kent.edu,12/14/22 7:59 AM,haley.hoehn@wright.edu,03/17/26 5:44 AM,SPRC,
02/18/25,TRUE,,,WS,64. Springcreek Confluence,64,SPRC,Springcreek Confluence,SPRC_03,Connecting Channel,Small channel that connects the North and South Pools. Only has water when North Pool is at Capacity. Water and soil samples collected.,40.06726,--84.21122,NA,ditch,NA,never_connected,floodplain,B,3,,soil sampling,Hold,,TRUE,"No longer sampling as of Jan 2023 (Silvia and Stephen decided to drop our Site 3 ""connecting channel"" at SPRC because it has no water most of the time, and add a new site that is downstream of the whole wetland; Site 7 ""GMR Downstream at Barbie Memorial Park."")
Update 2/18/25: LOI now being used for soil sampling only. Added back to the survey.",18,,rmarques@kent.edu,12/14/22 7:59 AM,haley.hoehn@wright.edu,03/17/26 5:44 AM,SPRC,
03/20/23,TRUE,,,WS,64. Springcreek Confluence,64,SPRC,Springcreek Confluence,SPRC_04,South Pool,Wetland pool that the Great Miami River flows into during high flow events. Also receives water from the North Pool when at Capacity. Water and soil samples collected here.,40.06554,--84.21210,NA,pool,NA,connected_during_events,floodplain,AB,24,,"soil sampling
water level
water sampling",Hold,,TRUE,,10,,rmarques@kent.edu,12/14/22 7:59 AM,haley.hoehn@wright.edu,03/17/26 5:44 AM,SPRC,
03/20/23,TRUE,,,WS,64. Springcreek Confluence,64,SPRC,Springcreek Confluence,SPRC_05,Great Miami River Downstream,Great Miami River just downstream of the wetland inflow notch. Water samples collected here.,40.06691,--84.21276,NA,river,bidirectional,adjacent_waterbody,lotic influence,A,3,,water sampling,No,,TRUE,,28,,rmarques@kent.edu,12/14/22 7:59 AM,haley.hoehn@wright.edu,03/17/26 5:44 AM,SPRC,
03/20/23,TRUE,,,WS,64. Springcreek Confluence,64,SPRC,Springcreek Confluence,SPRC_06,Great Miami River Upstream,Great Miami River upstream of the wetland at the covered bridge. Water samples collected here.,40.07780,--84.21649,NA,river,NA,adjacent_waterbody,lotic influence,A,1,,water sampling,No,,TRUE,,26,,rmarques@kent.edu,12/14/22 7:59 AM,haley.hoehn@wright.edu,03/17/26 5:44 AM,SPRC,
03/20/23,TRUE,,,WS,64. Springcreek Confluence,64,SPRC,Springcreek Confluence,SPRC_07,Great Miami River Downstream at Barbie Park,Great Miami River further downstream of the wetland at Barbie Park. Water samples collected here.,40.05777,--84.21287,NA,river,NA,adjacent_waterbody,lotic influence,A,4,,water sampling,No,,TRUE,New site added Jan 2023,43,,rmarques@kent.edu,03/01/23 7:37 AM,haley.hoehn@wright.edu,03/17/26 5:44 AM,SPRC,
05/01/24,TRUE,,,HU,30. Springville Marsh,30,SPRM,Springville Marsh,SPRM_01,Wet Meadow,Soil sampling location. Sampling locations are divided between hydric and nonhydric soil,40.99911,--83.40437,Meadows,upland,NA,,"floodplain
precipitation",NA,NA,,soil sampling,No,,,,10,,anainige@heidelberg.edu,05/01/24 5:28 AM,cell-link@smartsheet.com,10/13/25 7:56 AM,SPRM,
10/01/24,TRUE,,,HU,30. Springville Marsh,30,SPRM,Springville Marsh,SPRM_02,Upland Prairie,Upland Prairie soil sampling locations,40.99441,--83.40493,Meadows,upland,NA,,"floodplain
precipitation",NA,NA,,soil sampling,,,,,14,,anainige@heidelberg.edu,07/30/24 7:33 AM,cell-link@smartsheet.com,10/13/25 7:56 AM,SPRM,
03/20/23,TRUE,,,WS,76. Spring Run,76,SPRR,Spring Run,SPRR_01,North East Pool,Existing pool on the north east side of the wetland. Soil collected.,39.78859,--84.33097,NA,pool,NA,,precipitation,NA,NA,,soil sampling,No,,,,15,,rmarques@kent.edu,12/14/22 7:59 AM,rmarques@kent.edu,12/17/24 11:25 AM,SPRR,
03/20/23,TRUE,,,WS,76. Spring Run,76,SPRR,Spring Run,SPRR_02,North West Pool,Existing pool on the north west side of the wetland. Soil collected here.,39.78877,--84.33192,NA,pool,NA,,precipitation,NA,NA,,soil sampling,No,,,,15,,rmarques@kent.edu,12/14/22 7:59 AM,rmarques@kent.edu,12/17/24 11:25 AM,SPRR,
03/20/23,TRUE,,,WS,76. Spring Run,76,SPRR,Spring Run,SPRR_03,South West Pool,Existing pool on the south west side of the wetland. Soil collected here.,39.78353,--84.33895,NA,pool,NA,,precipitation,NA,NA,,soil sampling,No,,,,15,,rmarques@kent.edu,12/14/22 7:59 AM,rmarques@kent.edu,12/17/24 11:25 AM,SPRR,
10/01/24,TRUE,,,WS,76. Spring Run,76,SPRR,Spring Run,SPRR_04,1.55 AC Pool,Constructed depressional pool on the north west side of the wetland. Soil collected here.,39.78817,--84.34008,NA,vernal,NA,,precipitation,NA,NA,,soil sampling,No,,,,12,,morgan.grunden@wright.edu,08/29/24 5:41 AM,rmarques@kent.edu,12/17/24 11:25 AM,SPRR,
10/01/24,TRUE,,,WS,76. Spring Run,76,SPRR,Spring Run,SPRR_05,1.88 AC Pool,Constructed depressional pool on the north west side of the wetland. Soil collected here.,39.78679,--84.34066,NA,vernal,NA,,precipitation,NA,NA,,soil sampling,No,,,,12,,morgan.grunden@wright.edu,08/29/24 5:41 AM,rmarques@kent.edu,12/17/24 11:25 AM,SPRR,
10/01/24,TRUE,,,WS,76. Spring Run,76,SPRR,Spring Run,SPRR_06,0.52 AC Pool,Constructed depressional pool on the south east side of the wetland. Soil collected here.,39.78325,--84.33198,NA,vernal,NA,,precipitation,NA,NA,,soil sampling,No,,,,12,,morgan.grunden@wright.edu,08/29/24 5:41 AM,rmarques@kent.edu,12/17/24 11:25 AM,SPRR,
10/01/24,TRUE,,,WS,76. Spring Run,76,SPRR,Spring Run,SPRR_07,South 6 AC Pool,South side of a large constructed depressional pool on the south west side of the wetland. Soil collected here.,39.78346,--84.33600,6 AC Pool,vernal,NA,,precipitation,NA,NA,,soil sampling,No,,,,15,,morgan.grunden@wright.edu,08/29/24 5:41 AM,rmarques@kent.edu,12/17/24 11:25 AM,SPRR,
10/01/24,TRUE,,,WS,76. Spring Run,76,SPRR,Spring Run,SPRR_08,NW 6 AC Pool,North west side of a large constructed depressional pool on the south west side of the wetland. Soil collected here.,39.78387,--84.33845,6 AC Pool,vernal,NA,,precipitation,NA,NA,,soil sampling,No,,,,12,,morgan.grunden@wright.edu,08/29/24 5:41 AM,rmarques@kent.edu,12/17/24 11:25 AM,SPRR,
10/01/24,TRUE,,,WS,76. Spring Run,76,SPRR,Spring Run,SPRR_09,NE 6 AC Pool,North east side of a large constructed depressional pool on the south west side of the wetland. Soil collected here.,39.78427,--84.33625,6 AC Pool,vernal,NA,,precipitation,NA,NA,,soil sampling,No,,,,12,,morgan.grunden@wright.edu,08/29/24 5:41 AM,rmarques@kent.edu,12/17/24 11:25 AM,SPRR,
10/01/24,TRUE,,,WS,76. Spring Run,76,SPRR,Spring Run,SPRR_10,1.48 AC Pool,Constructed depressional pool on the south side of the wetland. Soil collected here.,39.78374,--84.33325,NA,vernal,NA,,precipitation,NA,NA,,soil sampling,No,,,,12,,morgan.grunden@wright.edu,08/29/24 5:41 AM,rmarques@kent.edu,12/17/24 11:25 AM,SPRR,
10/01/24,TRUE,,,WS,76. Spring Run,76,SPRR,Spring Run,SPRR_11,0.88 AC Pool,Constructed depressional pool on the south east side of the wetland. Soil collected here.,39.78478,--84.33251,NA,vernal,NA,,precipitation,NA,NA,,soil sampling,No,,,,12,,morgan.grunden@wright.edu,08/29/24 5:41 AM,rmarques@kent.edu,12/17/24 11:25 AM,SPRR,
10/01/24,TRUE,,,WS,76. Spring Run,76,SPRR,Spring Run,SPRR_12,2.64 AC Pool,Constructed depressional pool just south of the old parking lot. Soil collected here.,39.78508,--84.33442,NA,vernal,NA,,precipitation,NA,NA,,soil sampling,No,,,,12,,morgan.grunden@wright.edu,08/29/24 5:41 AM,rmarques@kent.edu,12/17/24 11:25 AM,SPRR,
10/01/24,TRUE,,,WS,76. Spring Run,76,SPRR,Spring Run,SPRR_13,South 1.0 AC Pool,Constructed depressional pool near the west middle of the wetland. Soil collected here.,39.78592,--84.33860,NA,vernal,NA,,precipitation,NA,NA,,soil sampling,No,,,,17,,morgan.grunden@wright.edu,08/29/24 5:41 AM,rmarques@kent.edu,12/17/24 11:25 AM,SPRR,
10/01/24,TRUE,,,WS,76. Spring Run,76,SPRR,Spring Run,SPRR_14,North 1.0 AC Pool,Constructed depressional pool on the north west side of the wetland. Soil collected here.,39.78800,--84.33805,NA,vernal,NA,,precipitation,NA,NA,,soil sampling,No,,,,17,,morgan.grunden@wright.edu,08/29/24 5:41 AM,rmarques@kent.edu,12/17/24 11:25 AM,SPRR,
10/01/24,TRUE,,,WS,76. Spring Run,76,SPRR,Spring Run,SPRR_15,1.16 AC Pool,Constructed depressional pool on the far west of the wetland. Soil collected here.,39.78532,--84.34044,NA,vernal,NA,,precipitation,NA,NA,,soil sampling,No,,,,12,,morgan.grunden@wright.edu,08/29/24 5:41 AM,rmarques@kent.edu,12/17/24 11:25 AM,SPRR,
03/20/23,TRUE,,,HU,24. Sandusky River Headwaters,24,SRHE,Sandusky River Headwaters,SRHE_01,Primary Inflow,Primary inflow to project before inflow is split between the east and west wetlands,40.79179,--82.79150,NA,creek,inlet,,"lotic influence
precipitation",A,1,,"sensor network
water level
water sampling",Yes,,,Routine,14,,rmarques@kent.edu,12/14/22 7:59 AM,cell-link@smartsheet.com,10/13/25 7:56 AM,SRHE,
03/20/23,TRUE,,,HU,24. Sandusky River Headwaters,24,SRHE,Sandusky River Headwaters,SRHE_02,East Wetland Inflow,Inflow to the East Wetland from Primary Inflow,40.79192,--82.79130,East Wetland,creek,inlet,,"flow-through
lotic influence",A,2,,"water level
water sampling",Yes,,,Routine,19,,rmarques@kent.edu,12/14/22 7:59 AM,cell-link@smartsheet.com,10/13/25 7:56 AM,SRHE,
03/20/23,TRUE,,,HU,24. Sandusky River Headwaters,24,SRHE,Sandusky River Headwaters,SRHE_03,East Wetland A,Main wetland pool in the eastern portion of the project. Receives water from the primary inflow,40.79200,--82.79094,East Wetland,pool,bidirectional,,"depressional
flow-through
lotic influence
precipitation",A,3,,"sensor network
soil sampling
staff gauge
water level
water sampling",No,,,Routine,14,,rmarques@kent.edu,12/14/22 7:59 AM,cell-link@smartsheet.com,10/13/25 7:56 AM,SRHE,
03/20/23,TRUE,,,HU,24. Sandusky River Headwaters,24,SRHE,Sandusky River Headwaters,SRHE_04,East Wetland B,Eastern most portion of the East Wetland. This portion also has the greatest water depth and has a HOBO water level logger,40.79223,--82.79058,East Wetland,pool,bidirectional,,"depressional
flow-through
lotic influence
precipitation",A,4,,"sensor network
soil sampling
staff gauge
water level
water sampling",Yes,,,Routine,14,,rmarques@kent.edu,12/14/22 7:59 AM,cell-link@smartsheet.com,10/13/25 7:56 AM,SRHE,
03/20/23,TRUE,,,HU,24. Sandusky River Headwaters,24,SRHE,Sandusky River Headwaters,SRHE_05,East Outflow A,Outflow for the east portion of the east wetland wet meadow. Water flows over path into woodland ditch Outflow B,40.79259,--82.79168,East Wetland,creek,outlet,,lotic influence,A,5,,"soil sampling
water level
water sampling",No,,,Routine,14,,rmarques@kent.edu,12/14/22 7:59 AM,cell-link@smartsheet.com,10/13/25 7:56 AM,SRHE,
03/20/23,TRUE,,,HU,24. Sandusky River Headwaters,24,SRHE,Sandusky River Headwaters,SRHE_06,East Outflow B,Continued outflow from Outflow A through woodland ditch into the Sandusky River,40.79282,--82.79202,East Wetland,creek,outlet,,lotic influence,A,6,,"soil sampling
water level
water sampling",No,,,Routine,14,,rmarques@kent.edu,12/14/22 7:59 AM,cell-link@smartsheet.com,10/13/25 7:56 AM,SRHE,
03/20/23,TRUE,,,HU,24. Sandusky River Headwaters,24,SRHE,Sandusky River Headwaters,SRHE_07,West Wetland Inflow,Inflow into the West Wetland from the Primary Inflow,40.79205,--82.79169,West Wetland,creek,inlet,,"flow-through
lotic influence",AB,1,,"water level
water sampling",No,,,Routine,19,,rmarques@kent.edu,12/14/22 7:59 AM,cell-link@smartsheet.com,10/13/25 7:56 AM,SRHE,
03/20/23,TRUE,,,HU,24. Sandusky River Headwaters,24,SRHE,Sandusky River Headwaters,SRHE_08,West Wetland A,Central sampling location in the West Wetland. Pool has a HOBO water level logger,40.79213,--82.79213,West Wetland,pool,bidirectional,,"depressional
flow-through
lotic influence
precipitation",AB,2,,"sensor network
soil sampling
water level
water sampling",Yes,,,Routine,14,,rmarques@kent.edu,12/14/22 7:59 AM,cell-link@smartsheet.com,10/13/25 7:56 AM,SRHE,
03/20/23,TRUE,,,HU,24. Sandusky River Headwaters,24,SRHE,Sandusky River Headwaters,SRHE_09,West Wetland B,Wetland pool/meadow depending on water level in the eastern portion of the west wetland pool,40.79218,--82.79251,West Wetland,pool,bidirectional,,"depressional
flow-through
lotic influence
precipitation",AB,3,,"sensor network
soil sampling
water level
water sampling",No,,,Routine,14,,rmarques@kent.edu,12/14/22 7:59 AM,cell-link@smartsheet.com,10/13/25 7:56 AM,SRHE,
03/20/23,TRUE,,,HU,24. Sandusky River Headwaters,24,SRHE,Sandusky River Headwaters,SRHE_10,West Outflow A,Outflow from the West Wetland into the Sandusky River,40.79216,--82.79293,West Wetland,creek,outlet,,lotic influence,AB,4,,"soil sampling
water level
water sampling",No,,,Routine,14,,rmarques@kent.edu,12/14/22 7:59 AM,cell-link@smartsheet.com,10/13/25 7:56 AM,SRHE,
03/20/23,TRUE,,,HU,24. Sandusky River Headwaters,24,SRHE,Sandusky River Headwaters,SRHE_11,West Outflow B,Outflow from the West Wetland into the Sandusky River,40.79221,--82.79284,West Wetland,creek,outlet,,lotic influence,AB,5,,"soil sampling
water level
water sampling",No,,,Routine,14,,rmarques@kent.edu,12/14/22 7:59 AM,cell-link@smartsheet.com,10/13/25 7:56 AM,SRHE,
03/20/23,TRUE,,,HU,24. Sandusky River Headwaters,24,SRHE,Sandusky River Headwaters,SRHE_12,Cow Pond,"Isolated pool to the SE of the West Wetland, this pool is no longer sampled",40.79198,--82.79284,NA,pool,NA,,precipitation,NA,NA,,n/a,No,,,Routine,8,,rmarques@kent.edu,12/14/22 7:59 AM,cell-link@smartsheet.com,10/13/25 7:56 AM,SRHE,
03/20/23,TRUE,,,HU,24. Sandusky River Headwaters,24,SRHE,Sandusky River Headwaters,SRHE_13,Sandusky River,Adjacent running river to the project,40.79310,--82.79213,NA,river,NA,,flow-through,NA,NA,,"water level
water sampling",No,,,Routine,14,,rmarques@kent.edu,12/14/22 7:59 AM,cell-link@smartsheet.com,10/13/25 7:56 AM,SRHE,
03/20/23,TRUE,,,HU,24. Sandusky River Headwaters,24,SRHE,Sandusky River Headwaters,SRHE_14,Vernal Pool 1,Vernal pool in the floodplain/wet meadow of the east portion of the East Wetland,40.79261,--82.79031,Vernal Pools,pool,NA,,"depressional
lentic influence
precipitation",NA,NA,,"soil sampling
water level
water sampling",No,,,Routine,13,,rmarques@kent.edu,12/14/22 7:59 AM,cell-link@smartsheet.com,10/13/25 7:56 AM,SRHE,
03/20/23,TRUE,,,HU,24. Sandusky River Headwaters,24,SRHE,Sandusky River Headwaters,SRHE_15,Vernal Pool 2,Vernal pool in the floodplain/wet meadow of the east portion of the East Wetland,40.79298,--82.78944,Vernal Pools,pool,NA,,"depressional
lentic influence
precipitation",NA,NA,,"soil sampling
water level
water sampling",No,,,Routine,13,,rmarques@kent.edu,12/14/22 7:59 AM,cell-link@smartsheet.com,10/13/25 7:56 AM,SRHE,
03/20/23,TRUE,,,HU,24. Sandusky River Headwaters,24,SRHE,Sandusky River Headwaters,SRHE_16,Vernal Pool 3,Vernal pool in the floodplain/wet meadow of the east portion of the East Wetland,40.79313,--82.78916,Vernal Pools,pool,NA,,"depressional
lentic influence
precipitation",NA,NA,,"soil sampling
water level
water sampling",No,,,Routine,13,,rmarques@kent.edu,12/14/22 7:59 AM,cell-link@smartsheet.com,10/13/25 7:56 AM,SRHE,
03/20/23,TRUE,,,HU,24. Sandusky River Headwaters,24,SRHE,Sandusky River Headwaters,SRHE_17,Vernal Pool 4,Vernal pool in the floodplain/wet meadow of the east portion of the East Wetland,40.79313,--82.78938,Vernal Pools,pool,NA,,"depressional
lentic influence
precipitation",NA,NA,,"soil sampling
water level
water sampling",No,,,Routine,13,,rmarques@kent.edu,12/14/22 7:59 AM,cell-link@smartsheet.com,10/13/25 7:56 AM,SRHE,
03/20/23,TRUE,,,HU,24. Sandusky River Headwaters,24,SRHE,Sandusky River Headwaters,SRHE_18,Vernal Pool 5,Vernal pool in the floodplain/wet meadow of the east portion of the East Wetland,40.79314,--82.78965,Vernal Pools,pool,NA,,"depressional
lentic influence
precipitation",NA,NA,,"soil sampling
water level
water sampling",No,,,Routine,13,,rmarques@kent.edu,12/14/22 7:59 AM,cell-link@smartsheet.com,10/13/25 7:56 AM,SRHE,
03/20/23,TRUE,,,HU,24. Sandusky River Headwaters,24,SRHE,Sandusky River Headwaters,SRHE_19,Vernal Pool 6,Vernal pool in the floodplain/wet meadow of the east portion of the East Wetland,40.79332,--82.78910,Vernal Pools,pool,NA,,"depressional
lentic influence
precipitation",NA,NA,,"soil sampling
water level
water sampling",No,,,Routine,13,,rmarques@kent.edu,12/14/22 7:59 AM,cell-link@smartsheet.com,10/13/25 7:56 AM,SRHE,
03/20/23,TRUE,,,WS,52. St. Mary's,52,STMA,St. Mary's,STMA_01,Inflow (Canal),St. Marys Canal at the inflow of the wetland. Water from canal flows into wetland when canal reaches a certain elevation. Water and soil samples collected.,40.53361,--84.37727,NA,creek,inlet,,lentic influence,A,2,,"soil sampling
water sampling",No,,,,14,,rmarques@kent.edu,12/14/22 7:59 AM,rmarques@kent.edu,12/17/24 11:25 AM,STMA,
03/20/23,TRUE,,,WS,52. St. Mary's,52,STMA,St. Mary's,STMA_02,Mid Wetland,Halfway through meandering marsh flats on far east side of wetland. Soil samples collected.,40.53440,--84.36887,NA,pool,NA,,flow-through,A,5,,soil sampling,No,,,,11,,rmarques@kent.edu,12/14/22 7:59 AM,morgan.grunden@wright.edu,01/28/25 9:56 AM,STMA,
03/20/23,TRUE,,,WS,52. St. Mary's,52,STMA,St. Mary's,STMA_03,Outflow Settling Pool 5,Outflow pool at the AgriDrain before water is pumped back into the canal. Water and soil samples collected.,40.53450,--84.37636,NA,pool,outlet,,flow-through,A,7,,"soil sampling
water level
water sampling",Hold,,,,23,,rmarques@kent.edu,12/14/22 7:59 AM,morgan.grunden@wright.edu,01/28/25 9:56 AM,STMA,
10/01/24,TRUE,,,WS,52. St. Mary's,52,STMA,St. Mary's,STMA_04,Canal Upstream,St. Marys Canal at the outflow of Grand Lake St. Marys. AV sensor tells how much water is leaving Grand Lake and flowing past/into the wetland. Flow is measured here. Water samples are collected,40.52148,--84.42141,NA,creek,upstream,,lentic influence,A,1,,"flow
water sampling",No,,,,14,,morgan.grunden@wright.edu,08/28/24 10:30 AM,morgan.grunden@wright.edu,01/28/25 9:57 AM,STMA,
10/01/24,TRUE,,,WS,52. St. Mary's,52,STMA,St. Mary's,STMA_05,Inflow Settling Pool 1,East side of the initial settling pool before water flows through meandering marsh flats. Water and soil samples collected.,40.53366,--84.37569,NA,pool,NA,,flow-through,A,3,,"soil sampling
water level
water sampling",Hold,,,,22,,morgan.grunden@wright.edu,08/28/24 10:18 AM,morgan.grunden@wright.edu,01/28/25 9:57 AM,STMA,
02/13/25,TRUE,,,WS,52. St. Mary's,52,STMA,St. Mary's,STMA_06,Pool 3,Shallow pool halfway through meandering marsh flats. Water and soil samples collected here.,40.53355,--84.37026,NA,pool,NA,,flow-through,A,4,,"soil sampling
water sampling",Hold,,,,6,,morgan.grunden@wright.edu,01/28/25 9:54 AM,rmarques@kent.edu,02/13/25 1:16 PM,STMA,
02/13/25,TRUE,,,WS,52. St. Mary's,52,STMA,St. Mary's,STMA_07,East Tile Flat,Flat halfway through meandering marsh flats across from a surface tile inflow.,40.53487,--84.37052,NA,pool,NA,,flow-through,A,6,,"soil sampling
water sampling",Hold,,,,14,,morgan.grunden@wright.edu,01/28/25 9:54 AM,rmarques@kent.edu,02/13/25 1:16 PM,STMA,
02/13/25,TRUE,,,WS,52. St. Mary's,52,STMA,St. Mary's,STMA_08,Post Aquaduct,St. Marys Canal after the aquaduct and wetland outflow tile. Water and soil samples collected here.,40.53693,--84.37809,NA,creek,downstream,,lentic influence,A,8,,"soil sampling
water sampling",No,,,,13,,morgan.grunden@wright.edu,01/28/25 9:54 AM,rmarques@kent.edu,02/13/25 1:16 PM,STMA,
05/02/25,TRUE,,,WS,52. St. Mary's,52,STMA,St. Mary's,STMA_09,1st Flat,First marsh flat in the flowpath directly after the inflow settling pool. Soil samples are collected here,40.53336,--84.37215,NA,pool,NA,,flow-through,A,,,soil sampling,,,,,8,,haley.hoehn@wright.edu,04/30/25 11:45 AM,automation@smartsheet.com,05/02/25 11:02 AM,STMA,
05/02/25,TRUE,,,WS,52. St. Mary's,52,STMA,St. Mary's,STMA_10,3rd Flat,Third marshy flat in the flowpath. Marsh flat that is adjacent to the outflow settling pool. Soil samples are collected here,40.53430,--84.37168,NA,pool,NA,,flow-through,A,,,soil sampling,,,,,8,,haley.hoehn@wright.edu,04/30/25 11:45 AM,automation@smartsheet.com,05/02/25 11:02 AM,STMA,
03/06/24,TRUE,,,HU,47. Sugarcamp 7,47,SUGB,Sugarcamp 7,SUGB_01,HH Pool 1,Hollow pool adjacent to ditch that runs north along project edge. Pool primarily receives runoff and occasionally floodwater from the ditch,41.05064,--84.13284,Hummock and Hollow Pools,pool,NA,,"depressional
lentic influence
precipitation",NA,NA,,"soil sampling
water level
water sampling",No,,,Changed from Cascading Pool1 on 3/6/24 by RM. Previous sampling locations were inaccurate. Coordinates also updated (original: 41.03033/-84.07575) with approximate Google Maps locations. HH = Hummock and Hollow.,9,,rmarques@kent.edu,12/14/22 7:59 AM,cell-link@smartsheet.com,10/13/25 7:56 AM,SUGB,
03/06/24,TRUE,,,HU,47. Sugarcamp 7,47,SUGB,Sugarcamp 7,SUGB_02,HH Pool 2,Hollow pool adjacent to ditch that runs north along project edge. Pool primarily receives runoff and occasionally floodwater from the ditch,41.05100,--84.13280,Hummock and Hollow Pools,pool,NA,,"depressional
lentic influence
precipitation",NA,NA,,"soil sampling
water level
water sampling",No,,,Changed from Cascading Pool2 on 3/6/24 by RM. Previous sampling locations were inaccurate. Coordinates also updated (original: 41.03041/-84.07574) with approximate Google Maps locations. HH = Hummock and Hollow.,9,,rmarques@kent.edu,12/14/22 7:59 AM,cell-link@smartsheet.com,10/13/25 7:56 AM,SUGB,
03/06/24,TRUE,,,HU,47. Sugarcamp 7,47,SUGB,Sugarcamp 7,SUGB_03,HH Pool 3,Hollow pool adjacent to ditch that runs north along project edge. Pool primarily receives runoff and occasionally floodwater from the ditch,41.05115,--84.13270,Hummock and Hollow Pools,pool,NA,,"depressional
lentic influence
precipitation",NA,NA,,"soil sampling
water level
water sampling",No,,,Changed from Cascading Pool3 on 3/6/24 by RM. Previous sampling locations were inaccurate. Coordinates also updated (original: 41.03045/-84.07572) with approximate Google Maps locations. HH = Hummock and Hollow.,9,,rmarques@kent.edu,12/14/22 7:59 AM,cell-link@smartsheet.com,10/13/25 7:56 AM,SUGB,
03/06/24,TRUE,,,HU,47. Sugarcamp 7,47,SUGB,Sugarcamp 7,SUGB_04,HH Pool 4,Hollow pool in Hummock and Hollow floodplain. Eastern most of the three hummock and hollow floodplain pools,41.05142,--84.13271,Hummock and Hollow Pools,pool,NA,,"depressional
lentic influence
precipitation",NA,NA,,"soil sampling
water level
water sampling",No,,,Changed from Cascading Pool4 on 3/6/24 by RM. Previous sampling locations were inaccurate. Coordinates also updated (original: 41.03052/-84.07572) with approximate Google Maps locations. HH = Hummock and Hollow.,9,,rmarques@kent.edu,12/14/22 7:59 AM,cell-link@smartsheet.com,10/13/25 7:56 AM,SUGB,
03/06/24,TRUE,,,HU,47. Sugarcamp 7,47,SUGB,Sugarcamp 7,SUGB_05,HH Pool 5,Hollow pool in Hummock and Hollow floodplain. Central most of the three hummock and hollow floodplain pools,41.05162,--84.13269,Hummock and Hollow Pools,pool,NA,,"depressional
lentic influence
precipitation",NA,NA,,"soil sampling
water level
water sampling",No,,,Changed from Cascading Pool5 on 3/6/24 by RM. Previous sampling locations were inaccurate. Coordinates also updated (original: 41.03033/-84.07575) with approximate Google Maps locations. HH = Hummock and Hollow.,9,,rmarques@kent.edu,12/14/22 7:59 AM,cell-link@smartsheet.com,10/13/25 7:56 AM,SUGB,
03/06/24,TRUE,,,HU,47. Sugarcamp 7,47,SUGB,Sugarcamp 7,SUGB_06,HH Pool 6,Hollow pool in Hummock and Hollow floodplain. Western most of the three hummock and hollow floodplain pools,41.05192,--84.13318,Hummock and Hollow Pools,pool,NA,,"depressional
lentic influence
precipitation",NA,NA,,"soil sampling
water level
water sampling",No,,,Changed from Cascading Pool6 on 3/6/24 by RM. Previous sampling locations were inaccurate. Coordinates also updated (original: 41.03065/-84.07584) with approximate Google Maps locations. HH = Hummock and Hollow.,9,,rmarques@kent.edu,12/14/22 7:59 AM,cell-link@smartsheet.com,10/13/25 7:56 AM,SUGB,
03/06/24,TRUE,,,HU,47. Sugarcamp 7,47,SUGB,Sugarcamp 7,SUGB_07,Outflow,Outflow to the Blanchard River from the Main Pool,41.05244,--84.13177,Main Pool,creek,outlet,,flow-through,ABCB,3,,"water level
water sampling",Yes,,,Previous sampling location coordinates were inaccurate but name remained the same. Coordinates also updated (original: 41.03072/-84.07532) with approximate Google Maps locations.,7,,rmarques@kent.edu,12/14/22 7:59 AM,cell-link@smartsheet.com,10/13/25 7:56 AM,SUGB,
03/06/24,TRUE,,,HU,47. Sugarcamp 7,47,SUGB,Sugarcamp 7,SUGB_08,Main Pool,"Main Pool at project, consists of one outflow, two tile inflows and two grass surface water inflows",41.05224,--84.13161,Main Pool,pool,NA,,"direct tile input
flow-through
precipitation",ABCD,2,,"sensor network
soil sampling
staff gauge
water level
water sampling",No,,,Changed from Mid-Pool on 3/6/24 by RM. Previous sampling locations were inaccurate. Coordinates also updated (original: 41.03073/-84.07533) with approximate Google Maps locations.,9,,rmarques@kent.edu,12/14/22 7:59 AM,cell-link@smartsheet.com,10/13/25 7:56 AM,SUGB,
03/06/24,TRUE,,,HU,47. Sugarcamp 7,47,SUGB,Sugarcamp 7,SUGB_09,Grass Inflow,Surface water inflow to Main Pool,41.05201,--84.13134,Main Pool,swale,inlet,,precipitation,A,1,,water sampling,No,,,Changed from Inflow 1 on 3/6/24 by RM. Previous sampling locations were inaccurate. Coordinates also updated (original: 41.03073/-84.07532) with approximate Google Maps locations.,12,,rmarques@kent.edu,12/14/22 7:59 AM,cell-link@smartsheet.com,10/13/25 7:56 AM,SUGB,
03/06/24,TRUE,,,HU,47. Sugarcamp 7,47,SUGB,Sugarcamp 7,SUGB_10,Tile Inflow,One of two Tile Inflows to the Main Pool on the SE portion of the Main Pool,41.05203,--84.13140,Main Pool,tile,inlet,,direct tile input,C,1,,water sampling,Yes,,,Changed from Inflow P on 3/6/24 by RM. Previous sampling locations were inaccurate. Coordinates also updated (original: 41.03071/-84.07526) with approximate Google Maps locations.,11,,rmarques@kent.edu,12/14/22 7:59 AM,cell-link@smartsheet.com,10/13/25 7:56 AM,SUGB,
03/06/24,TRUE,,,HU,47. Sugarcamp 7,47,SUGB,Sugarcamp 7,SUGB_11,Septic Inflow,Once of two Tile Inflows to the Main Pool located in the NE corner of the main pool. Tile believed to formerly or currently be connected to HSTS,41.05208,--84.13130,Main Pool,tile,inlet,,direct tile input,B,1,,water sampling,Yes,,,Changed from Inflow S on 3/6/24 by RM. Previous sampling locations were inaccurate. Coordinates also updated (original: 41.03071/-84.07524) with approximate Google Maps locations.,13,,rmarques@kent.edu,12/14/22 7:59 AM,cell-link@smartsheet.com,10/13/25 7:56 AM,SUGB,
03/06/24,TRUE,,,HU,47. Sugarcamp 7,47,SUGB,Sugarcamp 7,SUGB_12,Inflow 2,Once of two Tile Inflows to the Main Pool located in the NE corner of the main pool. Tile believed to formerly or currently be connected to HSTS,41.05212,--84.13157,Main Pool,tile,inlet,,direct tile input,D,1,,water sampling,No,,,"Johnson not sure what location this refers to, so kept name the same. Previous sampling location coordinates were inaccurate. Coordinates also updated (original: 41.03071/-84.07526) with approximate Google Maps locations.",8,,rmarques@kent.edu,12/14/22 7:59 AM,cell-link@smartsheet.com,10/13/25 7:56 AM,SUGB,
03/06/24,TRUE,,,HU,47. Sugarcamp 7,47,SUGB,Sugarcamp 7,SUGB_13,River,Blanchard River that floods its banks during extreme high flow into the wetlands floodplain and the Main Pool drains into the river during high flow,41.05295,--84.13275,River,river,NA,,flow-through,NA,NA,,"sensor network
water sampling",No,,,"Added on 3/6/24 by RM. NEW: some of the outflow have notes to say it's river, other chemistry has this as ""not on list""",5,,rmarques@kent.edu,03/06/24 1:53 PM,cell-link@smartsheet.com,10/13/25 7:56 AM,SUGB,
03/06/24,TRUE,,,HU,47. Sugarcamp 7,47,SUGB,Sugarcamp 7,SUGB_14,Vernal Pool,Vernal Pool located to the north of the Main Pool. Remains dry for a portion of the year,41.05338,--84.13175,Vernal Pool,pool,NA,,"floodplain
lentic influence
precipitation",NA,NA,,"soil sampling
water level
water sampling",No,,,"Added on 3/6/24 by RM. I think this is the ""not on list"" titled ""western pool"" (even though it's eastern)",11,,rmarques@kent.edu,03/06/24 1:53 PM,cell-link@smartsheet.com,10/13/25 7:56 AM,SUGB,
03/20/23,TRUE,,,WS,65. Tipp City,65,TIPC,Tipp City,TIPC_01,Great Miami River (upstream),Great Miami River just upstream of the wetland inflow notch. Water samples collected here.,39.95996,--84.14610,NA,river,upstream,adjacent_waterbody,lotic influence,A,1,,water sampling,No,,TRUE,,28,,rmarques@kent.edu,12/14/22 7:59 AM,haley.hoehn@wright.edu,03/17/26 5:44 AM,TIPC,
03/20/23,TRUE,,,WS,65. Tipp City,65,TIPC,Tipp City,TIPC_02,Wetland Inflow,Wetland Pool to the east of the inflow notch of the north side of the pool. Water and soil samples collected here.,39.95972,--84.14585,Pool,pool,NA,connected_during_events,floodplain,A,2,,"soil sampling
water sampling",Hold,,TRUE,,14,,rmarques@kent.edu,12/14/22 7:59 AM,haley.hoehn@wright.edu,03/17/26 5:44 AM,TIPC,
03/20/23,TRUE,,,WS,65. Tipp City,65,TIPC,Tipp City,TIPC_03,Mid Wetland (near HOBO),Wetland Pool near the HOBO on the south side of the wetland pool. Water and soil samples collected here.,39.95930,--84.14333,Pool,pool,NA,connected_during_events,floodplain,A,3,,"soil sampling
water level
water sampling",Hold,,TRUE,,23,,rmarques@kent.edu,12/14/22 7:59 AM,haley.hoehn@wright.edu,03/17/26 5:44 AM,TIPC,
03/20/23,TRUE,,,WS,65. Tipp City,65,TIPC,Tipp City,TIPC_04,Great Miami River (downstream),Great Miami River downstream of the wetland and Honey Creek. Water samples collected here.,39.95661,--84.14061,NA,river,downstream,adjacent_waterbody,lotic influence,A,5,,water sampling,No,,TRUE,,30,,rmarques@kent.edu,12/14/22 7:59 AM,haley.hoehn@wright.edu,03/17/26 5:44 AM,TIPC,
05/02/25,TRUE,,,WS,65. Tipp City,65,TIPC,Tipp City,TIPC_05,Late Wetland,Wetland Pool on the eastern edge of the wetland. Soil samples collected on the south side of the pool.,39.95860,--84.14352,Pool,pool,NA,,floodplain,A,4,,soil sampling,,,TRUE,,12,,haley.hoehn@wright.edu,05/01/25 5:24 AM,ojohns16@kent.edu,03/16/26 11:53 AM,TIPC,
03/20/23,TRUE,,,KS,49. Trumbull Creek,49,TRUC,Trumbull Creek,TRUC_01,South Hummock Pool,Marsh pool in hummock hollow design,41.66304,--80.99042,NA,pool,NA,,precipitation,NA,NA,,"soil sampling
water sampling",Yes,,,Sampled at until 9/26/24,18,,rmarques@kent.edu,12/14/22 7:59 AM,cell-link@smartsheet.com,10/13/25 7:56 AM,TRUC,
03/20/23,TRUE,,,KS,49. Trumbull Creek,49,TRUC,Trumbull Creek,TRUC_02,Borrow Pool 1,"Marsh pool, material dug out to create surrounding berm",41.66451,--80.99078,NA,pool,NA,,precipitation,NA,NA,,"in situ physicochemistry
sensor network
soil sampling
water level
water sampling",Yes,,,Sensors installed on 9/26/24,13,,rmarques@kent.edu,12/14/22 7:59 AM,cell-link@smartsheet.com,10/13/25 7:56 AM,TRUC,
03/20/23,TRUE,,,KS,49. Trumbull Creek,49,TRUC,Trumbull Creek,TRUC_03,Borrow Pool 2,"Marsh pool, material dug out to create surrounding berm",41.66639,--80.99108,NA,pool,NA,,precipitation,NA,NA,,"soil sampling
water sampling",No,,,,13,,rmarques@kent.edu,12/14/22 7:59 AM,cell-link@smartsheet.com,10/13/25 7:56 AM,TRUC,
03/20/23,TRUE,,,KS,49. Trumbull Creek,49,TRUC,Trumbull Creek,TRUC_04,WCS,"Passively managed wetland control structure (agridrain), sampling done in a pool which includes the WCS",41.66624,--80.99229,NA,wcs,NA,,precipitation,A,1,,"in situ physicochemistry
sensor network
soil sampling
staff gauge
water level
water sampling",Yes,,,Sensors installed on 9/26/24,3,,rmarques@kent.edu,12/14/22 7:59 AM,cell-link@smartsheet.com,10/13/25 7:56 AM,TRUC,
06/23/23,TRUE,,,KS,49. Trumbull Creek,49,TRUC,Trumbull Creek,TRUC_05,Outflow,Culvert outlet of the WCS,41.66633,--80.99237,NA,culvert,outlet,,wetland feature,A,2,,"soil sampling
water sampling",No,,,"Rarely has water, including during storm events",7,,mback@kent.edu,06/14/23 12:31 PM,cell-link@smartsheet.com,10/13/25 7:56 AM,TRUC,
02/26/25,TRUE,,,KS,49. Trumbull Creek,49,TRUC,Trumbull Creek,TRUC_06,North Hummock Pool,Marsh pool in hummock hollow design,41.66419,--80.99037,NA,pool,NA,,precipitation,NA,NA,,"in situ physicochemistry
sensor network
soil sampling
water level
water sampling",Yes,,,Sensors installed on 9/26/24,18,,cgluck1@kent.edu,02/26/25 9:28 AM,cell-link@smartsheet.com,10/13/25 7:56 AM,TRUC,
03/20/23,TRUE,,,HU,46. Upper Blanchard,46,UPPB,Upper Blanchard,UPPB_01,Stream,"Main inflow into the project, the Stream flows into the main pool",40.76155,--83.49177,NA,ditch,inlet,,"lotic influence
precipitation",A,1,,"in situ physicochemistry
sensor network
soil sampling
water level
water sampling",Yes,,,,6,,rmarques@kent.edu,12/14/22 7:59 AM,cell-link@smartsheet.com,10/13/25 7:56 AM,UPPB,
03/20/23,TRUE,,,HU,46. Upper Blanchard,46,UPPB,Upper Blanchard,UPPB_02,Main Pool,Main pool with one inflow and one outflow,40.76301,--83.49485,NA,pool,connects LoIs,,"depressional
flow-through
lotic influence
precipitation",A,2,,"sensor network
water sampling",Yes,,,,9,,rmarques@kent.edu,12/14/22 7:59 AM,cell-link@smartsheet.com,10/13/25 7:56 AM,UPPB,
03/20/23,TRUE,,,HU,46. Upper Blanchard,46,UPPB,Upper Blanchard,UPPB_03,Branching Pool,Pool adjacent to the Main Pool with no apparent hydrologic connection to the Main Pool or Stream,40.76363,--83.49345,NA,pool,bidirectional,,"depressional
groundwater
lentic influence
precipitation",NA,NA,,"in situ physicochemistry
sensor network
soil sampling
water level
water sampling",Yes,,,,14,,rmarques@kent.edu,12/14/22 7:59 AM,cell-link@smartsheet.com,10/13/25 7:56 AM,UPPB,
03/20/23,TRUE,,,HU,46. Upper Blanchard,46,UPPB,Upper Blanchard,UPPB_04,Road Ditch,Roadside drainage ditch that the main pool drains to via tile and an AgriDrain inline water level control structure,40.76339,--83.49644,NA,ditch,outlet,,"flow-through
lotic influence
precipitation
wetland feature",A,3,,water sampling,No,,,,10,,jaustin1@heidelberg.edu,03/13/23 5:53 AM,cell-link@smartsheet.com,10/13/25 7:56 AM,UPPB,
10/01/24,TRUE,,,HU,46. Upper Blanchard,46,UPPB,Upper Blanchard,UPPB_05,Wet Meadow,Wet meadow between Branching Pool and Main Pool were soil samples are collected from transects,40.76301,--83.49390,NA,upland,NA,,precipitation,NA,NA,,soil sampling,No,,,,10,,anainige@heidelberg.edu,07/30/24 7:33 AM,cell-link@smartsheet.com,10/13/25 7:56 AM,UPPB,
03/20/23,TRUE,,,BG,25. Van Order,25,VANO,Van Order,VANO_01,Wetland Pool 1,"Northern edge of the site, west of Pool 2.",41.48613,--83.90948,NA,pool,NA,,depressional,NA,NA,NA,"in situ physicochemistry
sensor network
soil sampling
water level
water sampling",No,,,,14,,rmarques@kent.edu,12/14/22 7:59 AM,rmarques@kent.edu,04/08/25 9:29 AM,VANO,
03/20/23,TRUE,,,BG,25. Van Order,25,VANO,Van Order,VANO_02,Wetland Pool 2,"Northern edge of the site, east of Pool1.",41.48644,--83.90895,NA,pool,NA,,depressional,NA,NA,NA,"in situ physicochemistry
soil sampling
water sampling",No,,,,14,,rmarques@kent.edu,12/14/22 7:59 AM,rmarques@kent.edu,12/17/24 11:25 AM,VANO,
03/20/23,TRUE,,,BG,25. Van Order,25,VANO,Van Order,VANO_03,Wetland Pool 3,Along the western edge near the middle of the site. The next pool on the western side walking south from Pool 1.,41.48487,--83.90978,NA,pool,NA,,depressional,NA,NA,NA,"in situ physicochemistry
soil sampling
water sampling",No,,,,14,,rmarques@kent.edu,12/14/22 7:59 AM,rmarques@kent.edu,12/17/24 11:25 AM,VANO,
03/20/23,TRUE,,,BG,25. Van Order,25,VANO,Van Order,VANO_04,Wetland Pool 4,Across from Pool 3. On the eastern edge of the site.,41.48471,--83.90944,NA,pool,NA,,depressional,NA,NA,NA,"in situ physicochemistry
sensor network
soil sampling
water level
water sampling",No,,,,14,,rmarques@kent.edu,12/14/22 7:59 AM,rmarques@kent.edu,04/08/25 9:29 AM,VANO,
03/20/23,TRUE,,,BG,25. Van Order,25,VANO,Van Order,VANO_05,Wetland Pool 5,South of Pool 3 on the western edge of the site.,41.48425,--83.90989,NA,pool,NA,,depressional,NA,NA,NA,"in situ physicochemistry
soil sampling
water sampling",No,,,,14,,rmarques@kent.edu,12/14/22 7:59 AM,rmarques@kent.edu,12/17/24 11:25 AM,VANO,
03/20/23,TRUE,,,BG,25. Van Order,25,VANO,Van Order,VANO_06,Wetland Pool 6,Across from Pool 5. On the eastern edge of the site.,41.48409,--83.90950,NA,pool,NA,,depressional,NA,NA,NA,"in situ physicochemistry
soil sampling
water sampling",No,,,,14,,rmarques@kent.edu,12/14/22 7:59 AM,rmarques@kent.edu,12/17/24 11:25 AM,VANO,
03/20/23,TRUE,,,BG,25. Van Order,25,VANO,Van Order,VANO_07,Wetland Pool 7,Long pool that stretches north to south along the western edge of the southern end of the site.,41.48210,--83.90947,NA,pool,NA,,depressional,NA,NA,NA,"in situ physicochemistry
soil sampling
water sampling",No,,,,14,,rmarques@kent.edu,12/14/22 7:59 AM,rmarques@kent.edu,12/17/24 11:25 AM,VANO,
03/20/23,TRUE,,,BG,25. Van Order,25,VANO,Van Order,VANO_08,Wetland Pool 8,"Mostly separate from other pools and on the opposite side of the South Ditch, large with an island in the center.",41.48047,--83.91028,NA,pool,NA,,depressional,NA,NA,NA,"in situ physicochemistry
sensor network
soil sampling
water level
water sampling",No,,,,14,,rmarques@kent.edu,12/14/22 7:59 AM,rmarques@kent.edu,04/08/25 9:29 AM,VANO,
03/20/23,TRUE,,,BG,25. Van Order,25,VANO,Van Order,VANO_09,South Ditch,Cuts through the southern end of the site at a diagonal running northwest to southeast.,41.48057,--83.90904,NA,ditch,NA,,"direct tile input
precipitation",NA,NA,NA,"in situ physicochemistry
soil sampling
water sampling",No,,,,11,,rmarques@kent.edu,12/14/22 7:59 AM,rmarques@kent.edu,12/17/24 11:25 AM,VANO,
10/01/24,TRUE,,,BG,25. Van Order,25,VANO,Van Order,VANO_10,P1_U,Upland area approximately equidistant between P1 and P2,41.48617,--83.90918,Pool 1_Pool 2,upland,NA,,NA,NA,NA,NA,soil sampling,No,,,,4,,gkhunt@bgsu.edu,06/12/24 8:45 AM,gkhunt@bgsu.edu,01/02/25 9:35 AM,VANO,
10/01/24,TRUE,,,BG,25. Van Order,25,VANO,Van Order,VANO_11,P3_U,Upland ridge between P3 and P4.,41.48470,--83.90966,Pool 3_Pool 4,upland,NA,,NA,NA,NA,NA,soil sampling,No,,,,4,,gkhunt@bgsu.edu,06/12/24 8:45 AM,gkhunt@bgsu.edu,01/02/25 9:35 AM,VANO,
10/01/24,TRUE,,,BG,25. Van Order,25,VANO,Van Order,VANO_12,P5_U,Upland ridge between P5 and P6.,41.48405,--83.90975,Pool 5_Pool 6,upland,NA,,NA,NA,NA,NA,soil sampling,No,,,,4,,gkhunt@bgsu.edu,06/12/24 8:45 AM,gkhunt@bgsu.edu,01/02/25 9:35 AM,VANO,
10/01/24,TRUE,,,BG,25. Van Order,25,VANO,Van Order,VANO_13,P7_U,Upland mound south of P7.,41.48129,--83.90897,Pool 7,upland,NA,,NA,NA,NA,NA,soil sampling,No,,,,4,,gkhunt@bgsu.edu,06/12/24 8:45 AM,gkhunt@bgsu.edu,01/02/25 9:35 AM,VANO,
10/01/24,TRUE,,,BG,25. Van Order,25,VANO,Van Order,VANO_14,P8_U,Upland mound between P8 and South Ditch.,41.48047,--83.90949,Pool 8,upland,NA,,NA,NA,NA,NA,soil sampling,No,,,,4,,gkhunt@bgsu.edu,06/12/24 8:47 AM,gkhunt@bgsu.edu,01/02/25 9:35 AM,VANO,
03/20/23,TRUE,,,WS,71. Walnut Creek,71,WALC,Walnut Creek,WALC_01,Walnut Creek Inflow,Walnut Creek at the inflow notch. Main inflow source of wetland. Water samples collected routinely.,39.83547,--82.89350,NA,creek,upstream,,lotic influence,A,1,,water sampling,No,,,"Changed from ""Upstream"" to ""Walnut Creek Inflow"" on 4/27",19,,rmarques@kent.edu,12/14/22 7:59 AM,cell-link@smartsheet.com,10/13/25 7:56 AM,WALC,
03/20/23,TRUE,,,WS,71. Walnut Creek,71,WALC,Walnut Creek,WALC_02,Early Wetland,Inflow settling pool receiving inflows from Walnut Creek. Water and soil samples collected routinely.,39.83468,--82.89233,NA,pool,NA,,lotic influence,A,2,,"soil sampling
water sampling",Hold,,,"Changed from ""Mid Wetland Pool"" to ""Early Wetland"" on 4/27",13,,rmarques@kent.edu,12/14/22 7:59 AM,cell-link@smartsheet.com,10/13/25 7:56 AM,WALC,
03/20/23,TRUE,,,WS,71. Walnut Creek,71,WALC,Walnut Creek,WALC_03,Mid Wetland,Hummocks and hollows equidistant between inflow and outflow settling pools. Water and soil samples collected routinely.,39.83343,--82.89191,NA,pool,connects LoIs,,"lotic influence
wetland feature",A,3,,"soil sampling
water sampling",Hold,,,"Changed from ""Downstream"" to ""Mid Wetland"" on 4/27",11,,rmarques@kent.edu,12/14/22 7:59 AM,cell-link@smartsheet.com,10/13/25 7:56 AM,WALC,
05/09/23,TRUE,,,WS,71. Walnut Creek,71,WALC,Walnut Creek,WALC_04,Late Wetland,Outflow settling pool before outflow water control structures. Water and soil samples collected routinely.,39.83074,--82.89050,NA,pool,NA,,"lotic influence
wetland feature",A,4,,"soil sampling
water level
water sampling",Hold,,,,12,,morgan.grunden@wright.edu,04/12/23 12:05 PM,cell-link@smartsheet.com,10/13/25 7:56 AM,WALC,
05/09/23,TRUE,,,WS,71. Walnut Creek,71,WALC,Walnut Creek,WALC_05,Walnut Creek Outflow,Walnut Creek at the outflow notch downstream of wetland outflow. Water samples collected routinely.,39.83020,--82.89090,NA,creek,downstream,,lotic influence,A,5,,water sampling,No,,,,20,,morgan.grunden@wright.edu,04/12/23 12:05 PM,cell-link@smartsheet.com,10/13/25 7:56 AM,WALC,
05/02/25,TRUE,,,WS,71. Walnut Creek,71,WALC,Walnut Creek,WALC_06,Field Reference,Field east of Mid Wetland hummocks and hollows. Soil samples taken here,39.83364,--82.89090,NA,upland,NA,,precipitation,NA,NA,,soil sampling,,,,,15,,haley.hoehn@wright.edu,04/30/25 11:41 AM,cell-link@smartsheet.com,10/13/25 7:56 AM,WALC,
03/20/23,TRUE,,,BG,33. Weisgerber-Pohlman,33,WEIP,Weisgerber-Pohlman,WEIP_01,Vernal Pool 1,Directly north of the parking lot.,41.42839,--84.40201,NA,vernal,NA,never_connected,"depressional
precipitation",NA,NA,NA,"in situ physicochemistry
soil sampling
water sampling",Yes,,TRUE,,13,,rmarques@kent.edu,12/14/22 7:59 AM,gkhunt@bgsu.edu,03/17/26 7:27 AM,WEIP,
03/20/23,TRUE,,,BG,33. Weisgerber-Pohlman,33,WEIP,Weisgerber-Pohlman,WEIP_02,Vernal Pool 2,"Directly east of the parking lot, close to the road.",41.42769,--84.40113,NA,vernal,NA,never_connected,"depressional
precipitation",NA,NA,NA,"in situ physicochemistry
soil sampling
water sampling",Yes,,TRUE,,13,,rmarques@kent.edu,12/14/22 7:59 AM,gkhunt@bgsu.edu,03/17/26 7:27 AM,WEIP,
03/20/23,TRUE,,,BG,33. Weisgerber-Pohlman,33,WEIP,Weisgerber-Pohlman,WEIP_03,Vernal Pool 3,In roughly the center of the site just south of the constructed upland ridge.,41.42826,--84.40033,NA,vernal,NA,never_connected,"depressional
precipitation",NA,NA,NA,"in situ physicochemistry
sensor network
soil sampling
water sampling",Yes,,TRUE,,13,,rmarques@kent.edu,12/14/22 7:59 AM,gkhunt@bgsu.edu,03/17/26 7:27 AM,WEIP,
03/20/23,TRUE,,,BG,33. Weisgerber-Pohlman,33,WEIP,Weisgerber-Pohlman,WEIP_04,Vernal Pool 4,Furthest NE corner of the site.,41.42861,--84.39887,NA,vernal,NA,never_connected,"depressional
precipitation",NA,NA,NA,"in situ physicochemistry
soil sampling
water sampling",Yes,,TRUE,,13,,rmarques@kent.edu,12/14/22 7:59 AM,gkhunt@bgsu.edu,03/17/26 7:27 AM,WEIP,
03/20/23,TRUE,,,BG,33. Weisgerber-Pohlman,33,WEIP,Weisgerber-Pohlman,WEIP_05,Vernal Pool 5,"Furthest SE corner of the site, just south and east of Pool 3.",41.42796,--84.39930,NA,vernal,NA,never_connected,"depressional
precipitation",NA,NA,NA,"in situ physicochemistry
soil sampling
water level
water sampling",Yes,,TRUE,,13,,rmarques@kent.edu,12/14/22 7:59 AM,gkhunt@bgsu.edu,03/17/26 7:27 AM,WEIP,
03/20/23,TRUE,,,BG,33. Weisgerber-Pohlman,33,WEIP,Weisgerber-Pohlman,WEIP_06,Flood plain wetland,"Wedge-shaped area along the NE border of the site, runs east-west.",41.42975,--84.40123,NA,pool,bidirectional,connected_during_events,"floodplain
lotic influence",NA,NA,NA,"in situ physicochemistry
soil sampling
water level
water sampling",Yes,,TRUE,This is a large area – it extends across the site at the north side from the Tiffin River on the west to nearly the east edge,19,,rmarques@kent.edu,12/14/22 7:59 AM,gkhunt@bgsu.edu,03/17/26 7:27 AM,WEIP,
03/20/23,TRUE,,,BG,33. Weisgerber-Pohlman,33,WEIP,Weisgerber-Pohlman,WEIP_07,Existing wetland,North of the floodplain wetland behind a stand of young trees.,41.42965,--84.40032,NA,pool,NA,connected_during_events,"depressional
precipitation",NA,NA,NA,"in situ physicochemistry
soil sampling
water sampling",No,,TRUE,This wetland existed prior to site construction but I think we will do some sample collection and monitoring for comparison although it was dry during our last visit,16,,rmarques@kent.edu,12/14/22 7:59 AM,gkhunt@bgsu.edu,03/17/26 7:27 AM,WEIP,
03/20/23,TRUE,,,BG,33. Weisgerber-Pohlman,33,WEIP,Weisgerber-Pohlman,WEIP_08,Tiffin River,Runs along the western edge of the site. Accessed NW of the floodplain wetland.,41.43075,--84.40178,NA,river,downstream,adjacent_waterbody,lotic influence,NA,NA,NA,"in situ physicochemistry
soil sampling
water sampling",No,,TRUE,Coordinates are for downstream point,12,,rmarques@kent.edu,12/14/22 7:59 AM,gkhunt@bgsu.edu,03/17/26 7:27 AM,WEIP,
03/20/23,TRUE,,,BG,33. Weisgerber-Pohlman,33,WEIP,Weisgerber-Pohlman,WEIP_09,Seepage spring,"Located in the upland area south of the floodplain wetland, roughly midway between the east and west ends of the floodplain.",41.42882,--84.40028,NA,spring,NA,never_connected,NA,NA,NA,NA,"in situ physicochemistry
soil sampling
water sampling",No,,TRUE,"Unsure of hydrology -- could be tile, river, groundwater, etc. Further investigation needed to categorize. Coords. provided by Bob M. (7/29, Slack, #samplingcoordination)",14,,rmarques@kent.edu,12/14/22 7:59 AM,gkhunt@bgsu.edu,03/17/26 7:27 AM,WEIP,
10/01/24,TRUE,,,BG,33. Weisgerber-Pohlman,33,WEIP,Weisgerber-Pohlman,WEIP_10,Pool1_U,Upland area near Pool 1.,41.42828,--84.40169,Pool 1,upland,NA,never_connected,NA,NA,NA,NA,soil sampling,No,,TRUE,,7,,gkhunt@bgsu.edu,06/12/24 9:18 AM,gkhunt@bgsu.edu,03/17/26 7:27 AM,WEIP,
10/01/24,TRUE,,,BG,33. Weisgerber-Pohlman,33,WEIP,Weisgerber-Pohlman,WEIP_11,Pool2_U,Upland area near Pool 2.,41.42776,--84.40094,Pool 2,upland,NA,never_connected,NA,NA,NA,NA,soil sampling,No,,TRUE,,7,,gkhunt@bgsu.edu,06/12/24 9:18 AM,gkhunt@bgsu.edu,03/17/26 7:27 AM,WEIP,
10/01/24,TRUE,,,BG,33. Weisgerber-Pohlman,33,WEIP,Weisgerber-Pohlman,WEIP_12,Pool3_U,Upland area near Pool 3.,41.42812,--84.40026,Pool 3,upland,NA,never_connected,NA,NA,NA,NA,soil sampling,No,,TRUE,,7,,gkhunt@bgsu.edu,06/12/24 9:18 AM,gkhunt@bgsu.edu,03/17/26 7:27 AM,WEIP,
10/01/24,TRUE,,,BG,33. Weisgerber-Pohlman,33,WEIP,Weisgerber-Pohlman,WEIP_13,Pool4_U,Upland area near Pool 4.,41.42878,--84.39907,Pool 4,upland,NA,never_connected,NA,NA,NA,NA,soil sampling,No,,TRUE,,7,,gkhunt@bgsu.edu,06/12/24 9:18 AM,gkhunt@bgsu.edu,03/17/26 7:27 AM,WEIP,
10/01/24,TRUE,,,BG,33. Weisgerber-Pohlman,33,WEIP,Weisgerber-Pohlman,WEIP_14,Pool5_U,Upland area near Pool 5.,41.42814,--84.39934,Pool 5,upland,NA,never_connected,NA,NA,NA,NA,soil sampling,No,,TRUE,,7,,gkhunt@bgsu.edu,06/12/24 9:18 AM,gkhunt@bgsu.edu,03/17/26 7:27 AM,WEIP,
10/01/24,TRUE,,,BG,33. Weisgerber-Pohlman,33,WEIP,Weisgerber-Pohlman,WEIP_15,Floodplain_U,Upland area south of Floodplain and Seepage Spring.,41.42911,--84.40126,Flood plain wetland,upland,NA,never_connected,NA,NA,NA,NA,soil sampling,No,,TRUE,,12,,gkhunt@bgsu.edu,06/12/24 9:18 AM,gkhunt@bgsu.edu,03/17/26 7:27 AM,WEIP,
10/01/24,TRUE,,,BG,33. Weisgerber-Pohlman,33,WEIP,Weisgerber-Pohlman,WEIP_16,TiffinRiver_U,Upland area near Tiffin River.,41.43053,--84.40176,Tiffin River,upland,NA,never_connected,NA,NA,NA,NA,soil sampling,No,,TRUE,,13,,gkhunt@bgsu.edu,06/12/24 9:18 AM,gkhunt@bgsu.edu,03/17/26 7:27 AM,WEIP,
10/01/24,TRUE,,,BG,33. Weisgerber-Pohlman,33,WEIP,Weisgerber-Pohlman,WEIP_17,Floodplain_East,Interior of floodplain wetland on the east side of the site.,41.42909,--84.39940,Floodplain Wetland,pool,bidirectional,connected_during_events,floodplain,NA,NA,NA,"soil sampling
water sampling",No,,TRUE,,15,,gkhunt@bgsu.edu,06/12/24 9:19 AM,gkhunt@bgsu.edu,03/17/26 7:27 AM,WEIP,
10/01/24,TRUE,,,BG,33. Weisgerber-Pohlman,33,WEIP,Weisgerber-Pohlman,WEIP_18,Floodplain_Central,Interior and central to floodplain.,41.42936,--84.40038,Floodplain Wetland,pool,bidirectional,connected_during_events,floodplain,NA,NA,NA,"soil sampling
water sampling",No,,TRUE,,18,,gkhunt@bgsu.edu,06/12/24 9:19 AM,gkhunt@bgsu.edu,03/17/26 7:27 AM,WEIP,
10/01/24,TRUE,,,BG,33. Weisgerber-Pohlman,33,WEIP,Weisgerber-Pohlman,WEIP_19,Floodplain_West,Interior of floodplain wetland on the west end.,41.42985,--84.40141,Floodplain Wetland,pool,bidirectional,connected_during_events,floodplain,NA,NA,NA,"soil sampling
water sampling",No,,TRUE,,15,,gkhunt@bgsu.edu,06/12/24 9:19 AM,gkhunt@bgsu.edu,03/17/26 7:27 AM,WEIP,
10/01/24,TRUE,,,BG,33. Weisgerber-Pohlman,33,WEIP,Weisgerber-Pohlman,WEIP_20,Tiffin River Upstream,Upstream point of Tiffin River.,41.42844,--84.40289,Tiffin River,river,upstream,adjacent_waterbody,lotic influence,NA,NA,NA,,No,,TRUE,Rarely sampled. Difficult to access because of extremely high and steep bank.,21,,gkhunt@bgsu.edu,07/01/24 10:31 AM,gkhunt@bgsu.edu,03/17/26 7:27 AM,WEIP,
10/01/24,TRUE,,,BG,33. Weisgerber-Pohlman,33,WEIP,Weisgerber-Pohlman,WEIP_21,Tiffin River Downstream,Downstream point near bank cuts.,41.43083,--84.40189,Tiffin River,river,downstream,adjacent_waterbody,lotic influence,NA,NA,NA,"soil sampling
water sampling",No,,TRUE,,23,,gkhunt@bgsu.edu,07/01/24 10:31 AM,gkhunt@bgsu.edu,03/17/26 7:27 AM,WEIP,
,,,,HU,90. Killdeer Reservoir,90,KILR,Killdeer Reservoir,KILR_01,Tymochtee Dowstream,Downstream of passive outflow and pump inflow,40.70671,--83.38815,River,creek,downstream,,flow-through,NA,NA,NA,"soil sampling
water sampling",No,,,,19,,mrice3@heidelberg.edu,09/23/25 12:55 PM,rmarques@kent.edu,10/02/25 9:52 AM,KILR,
,,,,HU,90. Killdeer Reservoir,90,KILR,Killdeer Reservoir,KILR_02,Tymochtee Upstream,Upstream of passive outflow and pump inflow,40.70429,--83.39048,River,creek,upstream,,flow-through,NA,NA,NA,"soil sampling
water sampling",No,,,,18,,mrice3@heidelberg.edu,09/24/25 6:26 AM,rmarques@kent.edu,10/02/25 9:52 AM,KILR,
,,,,HU,90. Killdeer Reservoir,90,KILR,Killdeer Reservoir,KILR_03,Tymochtee Tile Outflow,"Outflow of flow-through wetland, Ditch South, and Ditch North into Tymochtee River; unique in that the outflow is located upstream of the pump station",40.70451,--83.38997,Outflow,tile,outlet,,direct tile input,ABC,13-2-2,NA,water sampling,Yes,,,,22,,mrice3@heidelberg.edu,09/24/25 7:19 AM,mrice3@heidelberg.edu,11/05/25 10:27 AM,KILR,
,,,,HU,90. Killdeer Reservoir,90,KILR,Killdeer Reservoir,KILR_04,Ditch North,Ditch downstream of Reservoir Outflow and Ditch South; no flow during dry periods; carries precipitation/runoff from local agricultural fields,40.70340,--83.38805,Ditch,ditch,NA,,lotic influence,B,1,NA,"soil sampling
water sampling",No,,,,11,,mrice3@heidelberg.edu,09/24/25 7:19 AM,rmarques@kent.edu,10/02/25 9:52 AM,KILR,
,,,,HU,90. Killdeer Reservoir,90,KILR,Killdeer Reservoir,KILR_05,Ditch South,Ditch downstream of Reservoir Outflow and upstream of Ditch North; no-flow during dry periods; carries precipitation/runoff from local argricultural fields,40.70045,--83.38556,Ditch,ditch,NA,,lotic influence,C,1,NA,"soil sampling
water sampling",No,,,,11,,mrice3@heidelberg.edu,09/24/25 7:19 AM,rmarques@kent.edu,10/02/25 9:52 AM,KILR,
,,,,HU,90. Killdeer Reservoir,90,KILR,Killdeer Reservoir,KILR_06,Reservoir Inflow,Selectively pumped inflow from Tymochtee Stream,40.70585,--83.38423,Inflow Tile,tile,inlet,,direct tile input,A,1,NA,water sampling,Yes,,,"pump is small, it resembles the discharge rate of a 2 in trash pump",16,,mrice3@heidelberg.edu,09/24/25 7:19 AM,rmarques@kent.edu,10/02/25 9:52 AM,KILR,
,,,,HU,90. Killdeer Reservoir,90,KILR,Killdeer Reservoir,KILR_07,Reservoir Outflow,"Outflow stream exiting the reservoir; no flow when pump is off, water will sit stagnant in reservoir",40.70082,--83.38522,NA,stream,NA,,flow-through,A,12,NA,"soil sampling
water sampling",No,,,,17,,mrice3@heidelberg.edu,09/24/25 9:34 AM,rmarques@kent.edu,10/02/25 9:52 AM,KILR,
,,,,HU,90. Killdeer Reservoir,90,KILR,Killdeer Reservoir,KILR_08,Pool 1 Inflow,Inflow of Pool 1,40.70545,--83.38335,Pool 1,pool,NA,,flow-through,A,2,NA,"soil sampling
water sampling",No,,,,13,,mrice3@heidelberg.edu,09/24/25 9:34 AM,rmarques@kent.edu,10/02/25 9:52 AM,KILR,
,,,,HU,90. Killdeer Reservoir,90,KILR,Killdeer Reservoir,KILR_09,Pool 1 South,"Southeast corner of Pool 1; has Agri drain that would allow for flow into Pool 3, Agri drain is set to prevent any flow",40.70341,--83.38272,Pool 1,pool,NA,,flow-through,A,NA,NA,"soil sampling
water sampling",No,,,,12,,mrice3@heidelberg.edu,09/24/25 9:34 AM,rmarques@kent.edu,10/02/25 9:52 AM,KILR,
,,,,HU,90. Killdeer Reservoir,90,KILR,Killdeer Reservoir,KILR_10,Pool 1 Outflow,Outflow of Pool 1 as it transitions to the channel,40.70479,--83.37993,Pool 1,pool,NA,,flow-through,A,3,NA,"soil sampling
water sampling",No,,,,14,,mrice3@heidelberg.edu,09/24/25 9:34 AM,mrice3@heidelberg.edu,09/24/25 11:00 AM,KILR,
,,,,HU,90. Killdeer Reservoir,90,KILR,Killdeer Reservoir,KILR_11,Pool 2 Channel,Channel that connects Pool 1 and Pool 2; floods and directs water into the Northeast floodplains during wet conditions,40.70354,--83.37619,Channel,swale,NA,,flow-through,A,4,NA,"soil sampling
water sampling",No,,,,14,,mrice3@heidelberg.edu,09/24/25 9:34 AM,mrice3@heidelberg.edu,09/24/25 11:00 AM,KILR,
,,,,HU,90. Killdeer Reservoir,90,KILR,Killdeer Reservoir,KILR_12,Floodplain 2,Floodplain that branches off of floodplain 1,40.70650,--83.37385,Floodplain,pool,NA,,floodplain,A,NA,NA,"soil sampling
water sampling",No,,,,12,,mrice3@heidelberg.edu,11/05/25 10:27 AM,rmarques@kent.edu,02/11/26 9:20 AM,KILR,
,,,,HU,90. Killdeer Reservoir,90,KILR,Killdeer Reservoir,KILR_13,Floodplain 1,1 of 6 floodplain LOI's in Northeast corner of wetland; holds water during wet conditions,40.70479,--83.37619,Floodplain,pool,NA,,floodplain,A,NA,NA,"soil sampling
water sampling",No,,,,12,,mrice3@heidelberg.edu,09/24/25 9:34 AM,rmarques@kent.edu,02/11/26 9:20 AM,KILR,
,,,,HU,90. Killdeer Reservoir,90,KILR,Killdeer Reservoir,KILR_14,Pool 2 Inflow,Inflow of Pool 2,40.70285,--83.37426,Pool 2,pool,NA,,flow-through,A,5,NA,"soil sampling
water sampling",No,,,,13,,mrice3@heidelberg.edu,09/24/25 9:47 AM,rmarques@kent.edu,02/11/26 9:20 AM,KILR,
,,,,HU,90. Killdeer Reservoir,90,KILR,Killdeer Reservoir,KILR_15,Pool 2 Middle,Middle of Pool 2 as it starts to narrow,40.70186,--83.37461,Pool 2,pool,NA,,flow-through,A,6,NA,"soil sampling
water sampling",No,,,,13,,mrice3@heidelberg.edu,09/24/25 9:55 AM,rmarques@kent.edu,02/11/26 9:20 AM,KILR,
,,,,HU,90. Killdeer Reservoir,90,KILR,Killdeer Reservoir,KILR_16,Pool 2 Outflow,"End of Pool 2; sample at Agri drain; WCS water level is set higher on Pool 2's side than Pool 3, Pool's 2 and 3 are isolated from each other",40.70088,--83.37517,Pool 2,pool,NA,,"direct tile input
flow-through",A,7,NA,"soil sampling
water sampling",Yes,,,,14,,mrice3@heidelberg.edu,09/24/25 9:55 AM,rmarques@kent.edu,02/11/26 9:20 AM,KILR,
,,,,HU,90. Killdeer Reservoir,90,KILR,Killdeer Reservoir,KILR_17,Pool 3 Channel,Channel connecting Pool 3 to Agri drain; flow based on whether the pump is running and water has bypassed WCS,40.69991,--83.37619,Channel,swale,NA,,"direct tile input
flow-through",A,8,NA,"soil sampling
water sampling",No,,,,14,,mrice3@heidelberg.edu,09/24/25 10:07 AM,rmarques@kent.edu,02/11/26 9:20 AM,KILR,
,,,,HU,90. Killdeer Reservoir,90,KILR,Killdeer Reservoir,KILR_18,Pool 3 Inflow,Eastern side of Pool 3; dry when not flooded,40.70041,--83.37915,Pool 3,pool,NA,,flow-through,A,9,NA,"soil sampling
water sampling",No,,,,13,,mrice3@heidelberg.edu,09/24/25 10:48 AM,rmarques@kent.edu,02/11/26 9:20 AM,KILR,
,,,,HU,90. Killdeer Reservoir,90,KILR,Killdeer Reservoir,KILR_19,Pool 3 Middle,Middle of Pool 3; can be dry when no flow,40.70044,--83.38094,Pool 3,pool,NA,,flow-through,A,10,NA,"soil sampling
water sampling",No,,,,13,,mrice3@heidelberg.edu,09/24/25 10:48 AM,rmarques@kent.edu,02/11/26 9:20 AM,KILR,
,,,,HU,90. Killdeer Reservoir,90,KILR,Killdeer Reservoir,KILR_20,Pool 3 Outflow,Western edge of Pool 3,40.70067,--83.38363,Pool 3,pool,NA,,flow-through,A,11,NA,"soil sampling
water sampling",No,,,,14,,mrice3@heidelberg.edu,09/24/25 10:48 AM,rmarques@kent.edu,02/11/26 9:20 AM,KILR,
,,,,HU,90. Killdeer Reservoir,90,KILR,Killdeer Reservoir,KILR_21,Upland Pool 1 Northeast,Pool 1 Northeast Upland,40.70719,--83.38026,Upland,upland,NA,,precipitation,NA,NA,NA,soil sampling,No,,,,23,,mrice3@heidelberg.edu,09/24/25 10:48 AM,mrice3@heidelberg.edu,09/29/25 12:31 PM,KILR,
,,,,HU,90. Killdeer Reservoir,90,KILR,Killdeer Reservoir,KILR_22,Upland Pool 1 Middle,East side of Pool 1 between Northeast and Southeast upland,40.70596,--83.37933,Upland,upland,NA,,precipitation,NA,NA,NA,soil sampling,No,,,,20,,mrice3@heidelberg.edu,09/24/25 10:48 AM,mrice3@heidelberg.edu,09/29/25 12:31 PM,KILR,
,,,,HU,90. Killdeer Reservoir,90,KILR,Killdeer Reservoir,KILR_23,Upland Pool 1 Southeast,Pool 1 Southeast Upland,40.70474,--83.37841,Upland,upland,NA,,precipitation,NA,NA,NA,soil sampling,No,,,,23,,mrice3@heidelberg.edu,09/24/25 10:48 AM,mrice3@heidelberg.edu,09/29/25 12:31 PM,KILR,
,,,,HU,90. Killdeer Reservoir,90,KILR,Killdeer Reservoir,KILR_24,Upland Pool 1 South,Between southern portion of Pool 1 and Pool 2 Channel,40.70321,--83.38053,Upland,upland,NA,,precipitation,NA,NA,NA,soil sampling,No,,,,19,,mrice3@heidelberg.edu,09/24/25 10:48 AM,mrice3@heidelberg.edu,09/29/25 12:31 PM,KILR,
,,,,HU,90. Killdeer Reservoir,90,KILR,Killdeer Reservoir,KILR_25,Pool 2 Upland North,Upland north of Floodplain 1,40.70719,--83.37619,Floodplain,pool,NA,,floodplain,NA,NA,NA,soil sampling,No,,,,19,,mrice3@heidelberg.edu,09/24/25 1:02 PM,rmarques@kent.edu,02/11/26 9:20 AM,KILR,
,,,,HU,90. Killdeer Reservoir,90,KILR,Killdeer Reservoir,KILR_26,Upland Pool 2 West,Upland west of Pool 2; between island and Pool 2,40.70149,--83.37619,Upland,upland,NA,,precipitation,NA,NA,NA,soil sampling,No,,,,18,,mrice3@heidelberg.edu,09/24/25 1:02 PM,rmarques@kent.edu,02/11/26 9:20 AM,KILR,
,,,,HU,90. Killdeer Reservoir,90,KILR,Killdeer Reservoir,KILR_27,Upland Pool 2 East,Upland South of Pool 2,40.70026,--83.37411,Upland,upland,NA,,precipitation,NA,NA,NA,soil sampling,No,,,,18,,mrice3@heidelberg.edu,09/24/25 1:02 PM,rmarques@kent.edu,02/11/26 9:20 AM,KILR,
,,,,HU,90. Killdeer Reservoir,90,KILR,Killdeer Reservoir,KILR_28,Upland Pool 3 Northeast,Upland above Pool 3,40.70137,--83.38094,Upland,upland,NA,,precipitation,NA,NA,NA,soil sampling,No,,,,23,,mrice3@heidelberg.edu,09/24/25 1:15 PM,rmarques@kent.edu,02/11/26 9:20 AM,KILR,
,,,,HU,90. Killdeer Reservoir,90,KILR,Killdeer Reservoir,KILR_29,Upland Pool 3 Southeast,Upland below Pool 3,40.69954,--83.38094,Upland,upland,NA,,precipitation,NA,NA,NA,soil sampling,No,,,,23,,mrice3@heidelberg.edu,09/24/25 1:15 PM,rmarques@kent.edu,02/11/26 9:20 AM,KILR,
,,,,HU,90. Killdeer Reservoir,90,KILR,Killdeer Reservoir,KILR_30,Pool 3 Floodplain,Flood plain in the Northwest region of Pool 3 between levy and Pool 3,40.70175,--83.38363,Floodplain,pool,NA,,floodplain,NA,NA,NA,soil sampling,No,,,,17,,mrice3@heidelberg.edu,09/24/25 1:15 PM,rmarques@kent.edu,02/11/26 9:20 AM,KILR,
,,,,HU,90. Killdeer Reservoir,90,KILR,Killdeer Reservoir,KILR_31,Upland Pool 3 Southwest,Upland in Southwest corner of reservoir property,40.69954,--83.38363,Upland,upland,NA,,precipitation,NA,NA,NA,soil sampling,No,,,,23,,mrice3@heidelberg.edu,09/24/25 1:15 PM,rmarques@kent.edu,02/11/26 9:20 AM,KILR,
,,,,HU,145. Funk-DeWald,145,FDWA,Funk-DeWald,FDWA_01,Pool 1,Isolated Pool located on western side of property,41.11542,--83.28478,Vernal Pool,vernal,NA,,precipitation,NA,NA,NA,"soil sampling
water sampling",No,,,,6,,mrice3@heidelberg.edu,09/25/25 10:39 AM,mrice3@heidelberg.edu,10/21/25 10:48 AM,FDWA,
,,,,HU,145. Funk-DeWald,145,FDWA,Funk-DeWald,FDWA_02,Pool 2,Isolated Pool located east of Pool 1,41.11568,--83.28427,Vernal Pool,vernal,NA,,precipitation,NA,NA,NA,"soil sampling
water sampling",No,,,,6,,mrice3@heidelberg.edu,09/25/25 10:54 AM,mrice3@heidelberg.edu,10/21/25 10:48 AM,FDWA,
,,,,HU,145. Funk-DeWald,145,FDWA,Funk-DeWald,FDWA_03,Agridrain Inflow,Agridrain at southern border; thought to bypass the wetland,41.11262,--83.28314,Agridrain,tile,inlet,,"direct tile input
precipitation",A,1,q,water sampling,Yes,,,,16,,mrice3@heidelberg.edu,09/25/25 11:50 AM,mrice3@heidelberg.edu,10/30/25 12:34 PM,FDWA,
,,,,HU,145. Funk-DeWald,145,FDWA,Funk-DeWald,FDWA_04,Hickenbottom,"Hickenbottom located in southern wooded wetland; part of the Agridrain flow path, often backs up and adds water to pool 7",41.11358,--83.28382,Hickenbottom,tile,outlet,,direct tile input,A,4,q,"soil sampling
water sampling",Yes,,,,12,,mrice3@heidelberg.edu,09/26/25 8:16 AM,rmarques@kent.edu,02/11/26 9:20 AM,FDWA,
,,,,HU,145. Funk-DeWald,145,FDWA,Funk-DeWald,FDWA_05,Pool 7,Vernal pool west of hickenbottom; influenced by input from hickenbottom and precipitation,41.11368,--83.28392,Vernal Pool,vernal,NA,,"direct tile input
precipitation",A,5,q,"soil sampling
water sampling",No,,,,6,,mrice3@heidelberg.edu,09/26/25 8:16 AM,rmarques@kent.edu,02/11/26 9:20 AM,FDWA,
,,,,HU,145. Funk-DeWald,145,FDWA,Funk-DeWald,FDWA_06,Pool 8,"Vernal Pool south of Pool 7, may connect to Pool 7 during wet conditions",41.11347,--83.28433,Vernal Pool,vernal,NA,,precipitation,NA,NA,NA,"soil sampling
water sampling",No,,,,6,,mrice3@heidelberg.edu,09/26/25 8:16 AM,rmarques@kent.edu,02/11/26 9:20 AM,FDWA,
,,,,HU,145. Funk-DeWald,145,FDWA,Funk-DeWald,FDWA_07,Wetland Tile Inflow,Outflow of old clay tile thought to extend under Pool 7,41.11451,--83.28361,Main Pool,pool,outlet,,"direct tile input
flow-through
precipitation",A,6,q,"soil sampling
water sampling",Yes,,,,19,,mrice3@heidelberg.edu,09/26/25 8:16 AM,rmarques@kent.edu,02/11/26 9:20 AM,FDWA,
,,,,HU,145. Funk-DeWald,145,FDWA,Funk-DeWald,FDWA_08,Wetland North,Isolated during dry conditions; connects to wooded wetland and all of Main Pool during wet conditions,41.11496,--83.28338,Main Pool,pool,NA,,"flow-through
precipitation",A,7,q,"soil sampling
water sampling",No,,,,13,,mrice3@heidelberg.edu,09/26/25 10:00 AM,rmarques@kent.edu,02/11/26 9:20 AM,FDWA,
,,,,HU,145. Funk-DeWald,145,FDWA,Funk-DeWald,FDWA_09,Wetland Junction,Junction where wetland flows north into wooded wetland,41.11523,--83.28335,Main Pool,vernal,NA,,"flow-through
precipitation",A,8,q,"soil sampling
water sampling",No,,,,16,,mrice3@heidelberg.edu,09/26/25 10:00 AM,rmarques@kent.edu,02/11/26 9:20 AM,FDWA,
,,,,HU,145. Funk-DeWald,145,FDWA,Funk-DeWald,FDWA_10,Pool 3,Isolated when wooded wetland is dry; connects to wooded wetland under very wet conditions,41.11567,--83.28391,Pool,pool,NA,,"flow-through
precipitation",A,9,q,"soil sampling
water sampling",No,,,,6,,mrice3@heidelberg.edu,09/25/25 11:24 AM,rmarques@kent.edu,02/11/26 9:20 AM,FDWA,
,,,,HU,145. Funk-DeWald,145,FDWA,Funk-DeWald,FDWA_11,Wooded Wetland,Natural wooded wetland; floods during wet conditions and creates flow-through wetland,41.11577,--83.28298,Floodplain,vernal,NA,,"depressional
flow-through
precipitation",A,10,q,"soil sampling
water sampling",No,,,,14,,mrice3@heidelberg.edu,09/26/25 10:00 AM,rmarques@kent.edu,02/11/26 9:20 AM,FDWA,
,,,,HU,145. Funk-DeWald,145,FDWA,Funk-DeWald,FDWA_12,Wooded Pool South,Man-made depression within wooded wetland that holds water from wooded wetland as it dries,41.11581,--83.28273,Vernal Pool,vernal,NA,,"flow-through
precipitation",A,11,q,"soil sampling
water sampling",No,,,,17,,mrice3@heidelberg.edu,09/26/25 10:00 AM,rmarques@kent.edu,02/11/26 9:20 AM,FDWA,
,,,,HU,145. Funk-DeWald,145,FDWA,Funk-DeWald,FDWA_13,Wooded Pool North,Man-made depression within wooded wetland that holds water from wooded wetland as it dries,41.11585,--83.28229,Vernal Pool,vernal,NA,,"flow-through
precipitation",A,12,q,"soil sampling
water sampling",No,,,,17,,mrice3@heidelberg.edu,09/26/25 10:00 AM,rmarques@kent.edu,02/11/26 9:20 AM,FDWA,
,,,,HU,145. Funk-DeWald,145,FDWA,Funk-DeWald,FDWA_14,Pool 4,Isolated pool that receives output from lateral tile that comes from the east,41.11540,--83.28241,Pool,tile,outlet,,"direct tile input
precipitation",NA,NA,r,"soil sampling
water sampling",No,,,,6,,mrice3@heidelberg.edu,09/29/25 11:39 AM,rmarques@kent.edu,02/11/26 9:20 AM,FDWA,
,,,,HU,145. Funk-DeWald,145,FDWA,Funk-DeWald,FDWA_15,Pool 5,Deep isolated wetland that stays wet throughout the year; filled from runoff,41.11495,--83.28232,Pool,pool,NA,,precipitation,NA,NA,NA,"soil sampling
water sampling",No,,,,6,,mrice3@heidelberg.edu,09/29/25 11:39 AM,rmarques@kent.edu,02/11/26 9:20 AM,FDWA,
,,,,HU,145. Funk-DeWald,145,FDWA,Funk-DeWald,FDWA_16,Pool 6 North,"Isolated pool that receives output from a lateral tile that extends east; is one pool during wet conditions and two during dry conditions (north and south), north portion has tile output",41.11436,--83.28235,Pool,tile,outlet,,"direct tile input
precipitation",NA,NA,s,"soil sampling
water sampling",No,,,,12,,mrice3@heidelberg.edu,09/29/25 11:39 AM,rmarques@kent.edu,02/11/26 9:20 AM,FDWA,
,,,,HU,145. Funk-DeWald,145,FDWA,Funk-DeWald,FDWA_17,Pool 6 South,"Isolated pool that receives output from a lateral tile that extends east; is one pool during wet conditions and two during dry conditions (north and south), north portion has tile output",41.11411,--83.28289,Pool,tile,outlet,,"direct tile input
precipitation",NA,NA,s,"soil sampling
water sampling",No,,,,12,,mrice3@heidelberg.edu,09/29/25 11:39 AM,rmarques@kent.edu,02/11/26 9:20 AM,FDWA,
,,,,HU,145. Funk-DeWald,145,FDWA,Funk-DeWald,FDWA_18,Grass Floodplain,Seasonally flooded in combination with the wooded wetland that drains into the North Hickenbottom and is carried away via tile,41.11676,--83.28288,Floodplain,vernal,NA,,"depressional
flow-through
precipitation",A,13,q,"soil sampling
water sampling",No,,,,16,,mrice3@heidelberg.edu,09/29/25 11:39 AM,rmarques@kent.edu,02/11/26 9:20 AM,FDWA,
,,,,HU,145. Funk-DeWald,145,FDWA,Funk-DeWald,FDWA_19,Frog Pond,Old manmade pond that holds water seasonally and flows north during wet conditions into North Hickenbottom tile,41.11662,--83.28239,Pool,pool,NA,,"flow-through
precipitation",A,14,q,"soil sampling
water sampling",No,,,,9,,mrice3@heidelberg.edu,09/29/25 11:39 AM,rmarques@kent.edu,02/11/26 9:20 AM,FDWA,
,,,,HU,145. Funk-DeWald,145,FDWA,Funk-DeWald,FDWA_20,North Hickenbottom,Thought to be part of the S hickenbottom and agridrain tile system,41.11700,--83.28224,Hickenbottom,tile,outlet,,flow-through,A,15,q,water sampling,No,,,,18,,mrice3@heidelberg.edu,09/29/25 11:39 AM,rmarques@kent.edu,02/11/26 9:20 AM,FDWA,
,,,,HU,145. Funk-DeWald,145,FDWA,Funk-DeWald,FDWA_21,Upland Woods,Upland woods west of grassy meadow,41.11656,--83.28362,Upland,upland,NA,,precipitation,NA,NA,NA,soil sampling,No,,,,12,,mrice3@heidelberg.edu,09/29/25 11:39 AM,rmarques@kent.edu,02/11/26 9:20 AM,FDWA,
,,,,HU,145. Funk-DeWald,145,FDWA,Funk-DeWald,FDWA_22,Upland Meadow,Upland meadow west of main pool,41.11442,--83.28481,Upland,upland,NA,,precipitation,NA,NA,NA,soil sampling,No,,,,13,,mrice3@heidelberg.edu,09/29/25 11:39 AM,rmarques@kent.edu,02/11/26 9:20 AM,FDWA,
,,,,HU,29. Defiance East River,29,DERI,Defiance East River,DERI_01,Maumee River,River water flows into culvert during high flow events; during non-event conditions water flows into Maumee River via the main stream and a small ditch,41.29291,--84.32382,River,river,bidirectional,,NA,A,1,NA,water sampling,No,,,,12,,mrice3@heidelberg.edu,10/07/25 12:04 PM,rmarques@kent.edu,02/11/26 9:20 AM,DERI,
,,,,HU,29. Defiance East River,29,DERI,Defiance East River,DERI_02,Downstream,Subject to bidirectional flow. During non-event conditions the stream flows into the Maumee River. During event conditions River water flows into the wetland,41.29322,--84.32410,Stream,stream,bidirectional,,precipitation,AC,2-2,"q
s","soil sampling
water sampling",No,,,,10,,mrice3@heidelberg.edu,10/07/25 12:17 PM,rmarques@kent.edu,02/11/26 9:20 AM,DERI,
,,,,HU,29. Defiance East River,29,DERI,Defiance East River,DERI_03,Adjacent Ditch,"Adjacent ditch that carries precipitation and runoff from local agricultural fields and suburban neighborhoods. Merges with the wetland stream before reaching outflow. Due to its steep slope, backflow of Maumee River water does not occur. Instead the water is carried into the cascading pools with the inflow of river water. During non-event conditions, ditch water flows into Maumee River",41.29344,--84.32376,Ditch,ditch,NA,,precipitation,C,1,s,"soil sampling
water sampling",No,,,,14,,mrice3@heidelberg.edu,10/07/25 12:42 PM,rmarques@kent.edu,02/11/26 9:20 AM,DERI,
,,,,HU,29. Defiance East River,29,DERI,Defiance East River,DERI_04,Wetland South,"Downstream pre-existing wetland that is flooded with the influences of upstream pond water, backflow of Maumee River water, and the push-back of the adjacent ditch water during high flow events. Dry during dry conditions",41.29329,--84.32445,Pool,pool,bidirectional,,precipitation,ABC,3-3-3,"q
r
s","soil sampling
water sampling",No,,,,13,,mrice3@heidelberg.edu,10/07/25 12:42 PM,rmarques@kent.edu,02/11/26 9:20 AM,DERI,
,,,,HU,29. Defiance East River,29,DERI,Defiance East River,DERI_05,Wetland North,"Upstream pre-existing wetland that is flooded with influence of upstream pond water, backflow of the Maumee River, and push-back of the adjacent ditch during event conditions. Dry seasonally",41.29335,--84.32498,Pool,pool,bidirectional,,precipitation,ABC,4-2-4,"q
r
s","soil sampling
water sampling",No,,,,13,,mrice3@heidelberg.edu,10/07/25 12:42 PM,rmarques@kent.edu,02/11/26 9:20 AM,DERI,
,,,,HU,29. Defiance East River,29,DERI,Defiance East River,DERI_06,Stream Middle,Middle of main wetland stream,41.29325,--84.32474,Stream,stream,bidirectional,,precipitation,ABC,5-4-5,"q
r
s","soil sampling
water sampling",No,,,,13,,mrice3@heidelberg.edu,10/07/25 1:09 PM,rmarques@kent.edu,02/11/26 9:20 AM,DERI,
,,,,HU,29. Defiance East River,29,DERI,Defiance East River,DERI_07,Upstream,Upstream of the wetland. Maumee River does not back up to this point. Stream stems from a neighborhood pond,41.29370,--84.32632,Stream,stream,upstream,,precipitation,B,1,r,"soil sampling
water sampling",No,,,,8,,mrice3@heidelberg.edu,10/07/25 1:09 PM,rmarques@kent.edu,02/11/26 9:20 AM,DERI,
,,,,HU,29. Defiance East River,29,DERI,Defiance East River,DERI_08,Pool 1,Easternmost Pool that emerges from the influence of back flow from the Maumee River,41.29316,--84.32501,Pool,vernal,bidirectional,,"floodplain
lotic influence
precipitation",ABC,6-5-6,"q
r
s","soil sampling
water sampling",No,,,,6,,mrice3@heidelberg.edu,10/07/25 1:09 PM,rmarques@kent.edu,02/11/26 9:20 AM,DERI,
,,,,HU,29. Defiance East River,29,DERI,Defiance East River,DERI_09,Pool 2,Second pool that fills from the influence of back flow from the Maumee River,41.29297,--84.32575,Pool,vernal,bidirectional,,"floodplain
lotic influence
precipitation",ABC,7-6-7,"q
r
s","soil sampling
water sampling",No,,,,6,,mrice3@heidelberg.edu,10/07/25 1:09 PM,rmarques@kent.edu,02/11/26 9:20 AM,DERI,
,,,,HU,29. Defiance East River,29,DERI,Defiance East River,DERI_10,Pool 3,Third pool that fills from the influence of back flow from the Maumee River,41.29245,--84.32666,Pool,vernal,bidirectional,,"floodplain
lotic influence
precipitation",ABC,8-7-8,"q
r
s","soil sampling
water sampling",No,,,,6,,mrice3@heidelberg.edu,10/07/25 1:09 PM,rmarques@kent.edu,02/11/26 9:20 AM,DERI,
,,,,HU,29. Defiance East River,29,DERI,Defiance East River,DERI_11,Pool 4,Forth pool that fills from the influence of back flow from the Maumee River,41.29196,--84.32735,Pool,vernal,bidirectional,,"floodplain
lotic influence
precipitation",ABC,9-8-9,"q
r
s","soil sampling
water sampling",No,,,,6,,mrice3@heidelberg.edu,10/07/25 1:09 PM,rmarques@kent.edu,02/11/26 9:20 AM,DERI,
,,,,HU,29. Defiance East River,29,DERI,Defiance East River,DERI_12,Pool 5,Fifth pool that fills from the influence of back flow from the Maumee River,41.29112,--84.32904,Pool,vernal,bidirectional,,"floodplain
lotic influence
precipitation",ABC,10-9-10,"q
r
s","soil sampling
water sampling",No,,,,6,,mrice3@heidelberg.edu,10/07/25 1:09 PM,rmarques@kent.edu,02/11/26 9:20 AM,DERI,
,,,,HU,29. Defiance East River,29,DERI,Defiance East River,DERI_13,Road Ditch Runway,"During extreme rainfall events, the drainage ditch on the western side of the property
has been observed to overflow, flooding the adjacent street and further increasing runoff inputs
to the wetland system.",41.29046,--84.33086,Swale,swale,NA,,precipitation,NA,NA,NA,"soil sampling
water sampling",Yes,,,,17,,mrice3@heidelberg.edu,10/07/25 1:09 PM,rmarques@kent.edu,02/11/26 9:20 AM,DERI,
,,,,HU,29. Defiance East River,29,DERI,Defiance East River,DERI_14,Swale Runway,"Serves as a stormwater conveyance feature, directing runoff from the Burning Tree Drive catchment area into the wetland complex",41.29067,--84.33084,Swale,swale,NA,,precipitation,NA,NA,NA,"soil sampling
water sampling",Yes,,,,12,,mrice3@heidelberg.edu,10/07/25 1:09 PM,rmarques@kent.edu,02/11/26 9:20 AM,DERI,
,,,,HU,29. Defiance East River,29,DERI,Defiance East River,DERI_15,Upland 1,Upland between Burning Tree Drive and Westernmost Vernal Pool 5,41.29050,--84.33021,Upland,upland,NA,,precipitation,NA,NA,NA,"soil sampling
water sampling",No,,,,8,,mrice3@heidelberg.edu,10/07/25 1:09 PM,rmarques@kent.edu,02/11/26 9:20 AM,DERI,
,,,,HU,29. Defiance East River,29,DERI,Defiance East River,DERI_16,Upland 2,Upland between northern residential area and Vernal Pool 5,41.29161,--84.32960,Upland,upland,NA,,precipitation,NA,NA,NA,"soil sampling
water sampling",No,,,,8,,mrice3@heidelberg.edu,10/07/25 1:09 PM,rmarques@kent.edu,02/11/26 9:20 AM,DERI,
,,,,HU,29. Defiance East River,29,DERI,Defiance East River,DERI_17,Upland 3,Upland between northern residential area and Vernal Pool 4,41.29243,--84.32817,Upland,upland,NA,,precipitation,NA,NA,NA,"soil sampling
water sampling",No,,,,8,,mrice3@heidelberg.edu,10/07/25 1:09 PM,rmarques@kent.edu,02/11/26 9:20 AM,DERI,
,,,,HU,29. Defiance East River,29,DERI,Defiance East River,DERI_18,Upland 4,Upland between northern residential area and Vernal Pool 2,41.29335,--84.32694,Upland,upland,NA,,precipitation,NA,NA,NA,"soil sampling
water sampling",No,,,,8,,mrice3@heidelberg.edu,10/07/25 1:09 PM,rmarques@kent.edu,02/11/26 9:20 AM,DERI,
,,,,HU,29. Defiance East River,29,DERI,Defiance East River,DERI_19,Upland 5,Upland at East end of property that borders the highway,41.29411,--84.32478,Upland,upland,NA,,precipitation,NA,NA,NA,"soil sampling
water sampling",No,,,,8,,mrice3@heidelberg.edu,10/07/25 1:09 PM,rmarques@kent.edu,02/11/26 9:20 AM,DERI,
,,,,HU,18. Independence Dam,18,INDD,Independence Dam,INDD_01,Maumee River,Water from Maumee River Upstream of Inflow,41.29268,--84.28469,River,river,NA,,"flow-through
lotic influence
precipitation",A,1,NA,water sampling,Yes,,,,12,,mrice3@heidelberg.edu,10/21/25 12:33 PM,rmarques@kent.edu,02/11/26 9:20 AM,INDD,
,,,,HU,18. Independence Dam,18,INDD,Independence Dam,INDD_02,Inflow,Inflow inside the Canal structure at Inflow,41.29287,--84.28455,Canal,stream,inlet,,"flow-through
lotic influence
precipitation",A,2,NA,water sampling,Yes,,,,6,,mrice3@heidelberg.edu,10/21/25 12:33 PM,rmarques@kent.edu,02/11/26 9:20 AM,INDD,
,,,,HU,18. Independence Dam,18,INDD,Independence Dam,INDD_03,Lock,"Just inside Canal, road that travels over canal when entering site",41.29283,--84.28386,Canal,stream,upstream,,"flow-through
lotic influence
precipitation",A,3,NA,"soil sampling
water sampling",Yes,,,,4,,mrice3@heidelberg.edu,10/21/25 12:33 PM,rmarques@kent.edu,02/11/26 9:20 AM,INDD,
,,,,HU,18. Independence Dam,18,INDD,Independence Dam,INDD_04,Outflow,Outflow at weir located 6.5 miles downstream,41.33194,--84.18193,Canal,stream,outlet,,"flow-through
lotic influence
precipitation",A,4,NA,"soil sampling
water sampling",Yes,,,,7,,mrice3@heidelberg.edu,10/21/25 12:33 PM,rmarques@kent.edu,02/11/26 9:20 AM,INDD,